Abilene Christian,1,0,1,0.0,73.0,73.0,44.2,95.9,23,52,44.2,14,17,82.4,10,28,35.7,53.8,58.3,32.7,37.1,20.0,42.9,0.96,70,70.0,47.1,31,31.0,35.5,11,11.0,58.8,20,20.0,2,2.0,43.5,10,10.0,0.4,5.5,4,4.0,34.2,25,25.0,1.8,1,1.0,20,20.0,2
Air Force,29,22,7,75.9,1584.0,54.6,49.5,109.7,585,1216,48.1,322,453,71.1,245,647,37.9,58.2,60.7,37.3,39.1,18.5,42.3,1.1,1737,59.9,43.2,623,21.5,24.4,174,6.0,62.1,449,15.5,39,1.3,66.0,386,13.3,1.21,14.2,225,7.8,20.1,318,11.0,5.7,68,2.3,481,16.6,5
Akron,28,13,15,46.4,1917.0,68.5,53.1,104.8,696,1492,46.6,444,688,64.5,173,477,36.3,52.4,55.2,46.1,52.1,22.1,25.8,1.05,2009,71.8,48.1,940,33.6,33.9,314,11.2,62.2,626,22.4,96,3.4,60.8,423,15.1,1.03,10.8,207,7.4,21.3,409,14.6,4.3,71,2.5,545,19.5,13
Alabama,33,20,13,60.6,2208.0,66.9,53.0,107.8,813,1803,45.1,521,735,70.9,233,616,37.8,51.6,55.3,40.8,48.7,21.9,29.4,1.08,2380,72.1,49.8,1148,34.8,33.3,366,11.1,66.3,782,23.7,116,3.5,48.6,395,12.0,0.93,9.6,213,6.5,19.2,423,12.8,5.9,111,3.4,595,18.0,13
Alabama A&M,30,13,17,43.3,2195.0,73.2,49.3,96.3,721,1762,40.9,485,705,68.8,186,586,31.7,46.2,50.4,40.0,50.6,23.0,26.4,0.96,2113,70.4,49.2,1112,37.1,33.3,387,12.9,65.0,725,24.2,137,4.6,52.4,378,12.6,0.78,10.0,219,7.3,22.1,486,16.2,4.5,79,2.6,648,21.6,18
Alabama State,31,16,15,51.6,2032.0,65.5,48.6,93.7,639,1519,42.1,453,691,65.6,173,517,33.5,47.8,51.5,45.5,48.9,23.8,27.3,0.94,1904,61.4,51.4,1065,34.4,36.4,360,11.6,66.4,705,22.7,98,3.2,49.3,315,10.2,0.59,10.8,219,7.1,26.4,537,17.3,5.8,95,3.1,581,18.7,16
Albany,28,5,23,17.9,1832.0,65.4,45.7,88.5,598,1493,40.1,290,393,73.8,135,455,29.7,44.6,48.3,26.3,57.1,17.9,25.0,0.88,1621,57.9,46.7,916,32.7,30.4,286,10.2,63.0,630,22.5,98,3.5,52.5,314,11.2,0.71,10.3,188,6.7,24.1,441,15.8,4.0,63,2.2,474,16.9,15
Alcorn State,29,11,18,37.9,2026.0,69.9,46.9,91.6,646,1520,42.5,401,592,67.7,162,461,35.1,47.8,51.5,38.9,52.2,21.6,26.2,0.92,1855,64.0,49.4,962,33.2,34.8,329,11.3,64.0,633,21.8,105,3.6,50.9,329,11.3,0.59,8.8,179,6.2,27.6,560,19.3,3.8,62,2.1,564,19.4,10
American University,31,18,13,58.1,2049.0,66.1,51.2,102.1,726,1643,44.2,434,642,67.6,206,560,36.8,50.5,53.7,39.1,49.7,20.7,29.5,1.02,2092,67.5,52.2,1067,34.4,34.2,341,11.0,70.2,726,23.4,99,3.2,56.6,411,13.3,0.93,11.7,240,7.7,21.5,441,14.2,4.3,72,2.3,564,18.2,12
Appalachian State,30,9,21,30.0,2221.0,74.0,49.5,94.1,766,1874,40.9,355,554,64.1,204,626,32.6,46.3,48.9,29.6,53.8,17.0,29.3,0.94,2091,69.7,48.3,1047,34.9,33.7,407,13.6,62.8,640,21.3,94,3.1,57.0,437,14.6,0.88,14.6,324,10.8,22.2,494,16.5,8.2,138,4.6,609,20.3,11
Arizona,30,20,10,66.7,2279.0,76.0,56.7,114.7,942,1938,48.6,511,650,78.6,219,568,38.6,54.3,58.2,33.5,55.3,19.5,25.1,1.15,2614,87.1,52.0,1177,39.2,38.7,410,13.7,65.4,767,25.6,109,3.6,59.4,560,18.7,1.25,9.0,206,6.9,19.7,448,14.9,6.9,135,4.5,481,16.0,11
Arizona State,27,10,17,37.0,1935.0,71.7,51.0,103.4,646,1498,43.1,547,744,73.5,161,478,33.7,48.5,54.0,49.7,48.5,27.4,24.1,1.03,2000,74.1,49.7,961,35.6,34.6,327,12.1,64.8,634,23.5,82,3.0,65.9,426,15.8,1.04,7.8,150,5.6,21.1,408,15.1,5.4,86,3.2,565,20.9,17
Arkansas,28,12,16,42.9,1924.0,68.7,51.8,100.2,678,1629,41.6,392,577,67.9,180,573,31.4,47.1,50.7,35.4,51.7,20.3,28.0,1.0,1928,68.9,48.9,967,34.5,35.4,365,13.0,62.4,602,21.5,87,3.1,53.5,363,13.0,0.94,11.4,220,7.9,20.1,386,13.8,7.1,108,3.9,555,19.8,17
Arkansas State,28,17,11,60.7,1955.0,69.8,52.9,106.3,707,1581,44.7,468,642,72.9,196,550,35.6,50.9,55.1,40.6,49.2,22.5,28.3,1.06,2078,74.2,50.2,1017,36.3,36.9,359,12.8,63.6,658,23.5,110,3.9,44.6,315,11.2,0.73,9.7,190,6.8,22.2,434,15.5,5.1,80,2.9,576,20.6,28
Arkansas-Little Rock,29,17,12,58.6,2002.0,69.0,52.9,103.9,697,1574,44.3,534,739,72.3,153,459,33.3,49.1,54.1,47.0,52.3,25.7,22.1,1.04,2081,71.8,53.2,1072,37.0,38.4,376,13.0,68.0,696,24.0,95,3.3,49.9,348,12.0,0.77,9.3,187,6.4,22.7,454,15.7,6.0,93,3.2,580,20.0,10
Arkansas-Pine Bluff,27,1,26,3.7,1903.0,70.5,40.1,74.1,511,1485,34.4,252,395,63.8,136,487,27.9,39.0,42.1,26.6,53.2,17.9,28.9,0.74,1410,52.2,44.5,936,34.7,27.5,292,10.8,61.4,644,23.9,131,4.9,52.6,269,10.0,0.52,7.8,149,5.5,27.3,519,19.2,4.1,66,2.4,568,21.0,14
Army,27,6,21,22.2,1750.0,64.8,37.3,77.9,455,1257,36.2,299,456,65.6,154,470,32.8,42.3,46.2,36.3,44.2,21.9,33.9,0.78,1363,50.5,43.2,782,29.0,21.1,186,6.9,65.4,596,22.1,88,3.3,59.3,270,10.0,0.58,9.7,170,6.3,26.5,463,17.1,3.7,52,1.9,492,18.2,9
Auburn,28,14,14,50.0,1893.0,67.6,54.5,103.5,700,1598,43.8,375,566,66.3,185,543,34.1,49.6,52.5,35.4,52.6,19.1,28.3,1.04,1960,70.0,53.6,1040,37.1,41.4,415,14.8,65.9,625,22.3,100,3.6,61.3,429,15.3,0.96,12.9,244,8.7,23.6,446,15.9,8.8,134,4.8,470,16.8,3
Austin Peay,32,22,10,68.8,2089.0,65.3,50.0,100.4,739,1673,44.2,438,632,69.3,182,556,32.7,49.6,53.2,37.8,53.1,20.9,26.0,1.0,2098,65.6,51.1,1090,34.1,30.5,318,9.9,71.7,772,24.1,92,2.9,54.9,406,12.7,0.92,10.4,218,6.8,21.1,440,13.8,7.7,130,4.1,558,17.4,8
Ball State,29,14,15,48.3,2008.0,69.2,51.4,101.9,703,1657,42.4,491,672,73.1,149,443,33.6,46.9,51.8,40.6,54.2,24.0,21.8,1.02,2046,70.6,48.8,1023,35.3,32.9,344,11.9,64.7,679,23.4,85,2.9,51.9,365,12.6,0.96,8.7,174,6.0,18.9,379,13.1,3.9,63,2.2,589,20.3,17
Baylor,29,8,21,27.6,1883.0,64.9,50.9,98.1,656,1540,42.6,367,531,69.1,168,534,31.5,48.1,51.5,34.5,52.8,19.9,27.3,0.98,1847,63.7,48.3,923,31.8,36.4,355,12.2,60.2,568,19.6,89,3.1,53.5,351,12.1,0.79,11.4,214,7.4,23.7,446,15.4,4.6,75,2.6,465,16.0,16
Belmont,30,21,9,70.0,2048.0,68.3,50.1,106.0,745,1634,45.6,388,566,68.6,293,818,35.8,54.6,57.0,34.6,41.6,17.9,40.5,1.06,2171,72.4,48.0,995,33.2,29.4,292,9.7,66.6,703,23.4,126,4.2,66.3,494,16.5,1.13,13.1,269,9.0,21.3,437,14.6,4.3,72,2.4,539,18.0,13
Bethune-Cookman,29,8,21,27.6,1932.0,66.6,45.6,88.6,606,1549,39.1,323,462,69.9,176,558,31.5,44.8,48.4,29.8,50.3,18.9,30.9,0.89,1711,59.0,48.7,927,32.0,30.8,311,10.7,66.6,616,21.2,132,4.6,50.5,306,10.6,0.66,12.5,241,8.3,23.9,461,15.9,4.0,61,2.1,532,18.3,11
Binghamton,30,14,16,46.7,1991.0,66.4,48.0,90.5,630,1549,40.7,381,596,63.9,161,508,31.7,45.9,49.2,38.5,52.1,21.1,26.8,0.91,1802,60.1,51.4,1057,35.2,34.5,357,11.9,68.2,700,23.3,94,3.1,49.8,314,10.5,0.62,10.1,202,6.7,25.6,509,17.0,9.9,157,5.2,564,18.8,13
Boise State,33,23,10,69.7,2283.0,69.2,52.8,106.5,852,1904,44.7,506,686,73.8,221,639,34.6,50.6,54.5,36.0,51.9,20.8,27.3,1.06,2431,73.7,50.9,1136,34.4,33.3,380,11.5,68.4,756,22.9,113,3.4,54.1,461,14.0,1.08,9.3,212,6.4,18.7,428,13.0,5.7,105,3.2,567,17.2,12
Boston College,34,24,10,70.6,2221.0,65.3,55.1,104.1,819,1799,45.5,546,804,67.9,128,393,32.6,49.1,53.0,44.7,59.8,23.6,16.6,1.04,2312,68.0,51.5,1224,36.0,38.5,425,12.5,64.5,799,23.5,120,3.5,66.3,543,16.0,1.19,10.8,240,7.1,20.6,458,13.5,5.2,102,3.0,536,15.8,9
Boston University,29,23,6,79.3,1887.0,65.1,52.3,102.3,693,1617,42.9,367,530,69.2,177,543,32.6,48.3,51.6,32.8,53.5,19.0,27.5,1.02,1930,66.6,51.2,1006,34.7,33.2,337,11.6,69.2,669,23.1,70,2.4,60.6,420,14.5,1.2,12.1,228,7.9,18.6,351,12.1,7.2,105,3.6,537,18.5,8
Bowling Green,31,14,17,45.2,2135.0,68.9,49.3,102.8,721,1608,44.8,551,711,77.5,201,544,36.9,51.1,56.4,44.2,47.4,25.1,27.5,1.03,2194,70.8,49.9,1061,34.2,33.0,323,10.4,66.8,738,23.8,107,3.5,65.0,469,15.1,0.92,7.8,167,5.4,23.8,509,16.4,7.1,121,3.9,740,23.9,36
Bradley,31,15,16,48.4,2154.0,69.5,46.8,95.5,667,1649,40.4,532,734,72.5,192,585,32.8,46.3,51.5,44.5,46.2,25.9,28.0,0.96,2058,66.4,49.8,1048,33.8,30.2,333,10.7,69.5,715,23.1,86,2.8,56.8,379,12.2,0.78,10.4,223,7.2,22.6,486,15.7,3.5,57,1.8,684,22.1,23
Brigham Young,30,21,9,70.0,1995.0,66.5,54.6,110.3,764,1569,48.7,501,692,72.4,171,488,35.0,54.1,58.0,44.1,53.9,22.8,23.3,1.1,2200,73.3,54.0,1019,34.0,34.8,316,10.5,73.2,703,23.4,82,2.7,58.2,445,14.8,1.09,10.4,207,6.9,20.5,409,13.6,6.3,98,3.3,565,18.8,14
Brown,27,14,13,51.9,1957.0,72.5,48.4,99.9,703,1561,45.0,342,487,70.2,208,570,36.5,51.7,54.6,31.2,50.6,17.5,31.9,1.0,1956,72.4,46.5,891,33.0,26.8,252,9.3,66.1,639,23.7,78,2.9,60.6,426,15.8,1.03,12.3,240,8.9,21.1,412,15.3,5.4,85,3.1,497,18.4,5
Bucknell,29,14,15,48.3,1925.0,66.4,49.9,97.8,670,1453,46.1,403,602,66.9,140,482,29.0,50.9,54.1,41.4,56.3,21.4,22.3,0.98,1883,64.9,52.7,1002,34.6,33.3,297,10.2,72.1,705,24.3,91,3.1,56.0,375,12.9,0.77,12.7,244,8.4,25.1,484,16.7,4.8,71,2.4,561,19.3,16
Buffalo,29,17,12,58.6,2053.0,70.8,54.2,105.9,771,1669,46.2,446,663,67.3,187,494,37.9,51.8,54.8,39.7,53.7,20.5,25.8,1.06,2175,75.0,52.8,1038,35.8,36.1,369,12.7,69.5,669,23.1,98,3.4,49.7,383,13.2,0.88,11.3,232,8.0,21.2,436,15.0,5.4,83,2.9,633,21.8,21
Butler,30,16,14,53.3,1786.0,59.5,50.1,104.8,646,1554,41.6,335,439,76.3,245,715,34.3,49.5,53.1,28.2,42.8,17.9,39.3,1.05,1872,62.4,50.2,887,29.6,30.4,287,9.6,70.0,600,20.0,96,3.2,52.5,339,11.3,1.1,9.0,160,5.3,17.2,308,10.3,4.3,59,2.0,567,18.9,13
Cal Poly,27,11,16,40.7,1923.0,71.2,49.4,98.9,681,1534,44.4,373,533,70.0,166,500,33.2,49.8,53.2,34.7,54.2,19.6,26.2,0.99,1901,70.4,46.5,909,33.7,29.9,280,10.4,63.1,629,23.3,94,3.5,53.5,364,13.5,0.89,10.8,207,7.7,21.3,410,15.2,5.5,88,3.3,520,19.3,14
Cal State Fullerton,28,11,17,39.3,1951.0,69.7,53.3,101.6,693,1637,42.3,401,588,68.2,196,535,36.6,48.3,51.7,35.9,50.1,20.2,29.7,1.02,1983,70.8,55.3,1067,38.1,39.0,411,14.7,71.7,656,23.4,97,3.5,58.2,403,14.4,0.93,9.4,184,6.6,22.3,435,15.5,3.5,52,1.9,578,20.6,28
Cal State Northridge,30,14,16,46.7,2067.0,68.9,49.5,98.9,707,1605,44.0,456,631,72.3,175,513,34.1,49.5,53.7,39.3,52.0,22.3,25.7,0.99,2045,68.2,49.2,904,30.1,33.7,331,11.0,64.7,573,19.1,69,2.3,52.9,374,12.5,0.76,14.4,298,9.9,23.8,492,16.4,4.7,70,2.3,631,21.0,20
California,28,13,15,46.4,1887.0,67.4,52.7,99.3,675,1544,43.7,396,631,62.8,127,410,31.0,47.8,50.8,40.9,58.5,21.1,20.3,0.99,1873,66.9,52.3,984,35.1,34.7,346,12.4,70.0,638,22.8,90,3.2,57.2,386,13.8,0.98,9.2,173,6.2,20.9,394,14.1,5.5,82,2.9,540,19.3,6
Campbell,27,3,24,11.1,2064.0,76.4,48.0,90.0,679,1722,39.4,344,521,66.0,156,521,29.9,44.0,47.2,30.3,56.3,18.5,25.2,0.9,1858,68.8,49.0,1001,37.1,32.3,368,13.6,65.7,633,23.4,98,3.6,53.9,366,13.6,0.8,10.1,209,7.7,22.2,458,17.0,2.3,38,1.4,592,21.9,20
Canisius,30,10,20,33.3,2088.0,69.6,51.2,98.9,763,1750,43.6,331,525,63.0,207,544,38.1,49.5,51.6,30.0,53.9,16.0,30.1,0.99,2064,68.8,48.9,1114,37.1,33.1,362,12.1,64.6,752,25.1,109,3.6,60.0,458,15.3,1.03,8.5,177,5.9,21.4,446,14.9,5.0,90,3.0,569,19.0,7
Central Arkansas,1,0,1,0.0,74.0,74.0,44.6,77.0,20,58,34.5,14,20,70.0,3,11,27.3,37.1,42.2,34.5,59.6,24.6,15.8,0.77,57,57.0,55.9,43,43.0,41.5,17,17.0,70.3,26,26.0,2,2.0,65.0,13,13.0,0.52,9.5,7,7.0,33.8,25,25.0,1.9,1,1.0,26,26.0,1
Central Connecticut State,28,14,14,50.0,1895.0,67.7,54.9,104.4,732,1582,46.3,351,548,64.1,164,438,37.4,51.5,53.7,34.6,57.4,17.7,24.9,1.04,1979,70.7,53.4,976,34.9,38.3,368,13.1,68.4,608,21.7,82,2.9,55.5,406,14.5,0.96,10.8,205,7.3,22.3,422,15.1,3.5,55,2.0,447,16.0,9
Central Michigan,30,6,24,20.0,2217.0,73.9,46.8,95.4,735,1686,43.6,428,631,67.8,218,611,35.7,50.1,53.3,37.4,48.9,20.2,30.9,0.95,2116,70.5,46.2,962,32.1,28.5,303,10.1,63.9,659,22.0,100,3.3,59.6,438,14.6,0.82,8.4,186,6.2,24.0,531,17.7,3.4,59,2.0,672,22.4,22
Charleston Southern,28,6,22,21.4,1822.0,65.1,47.8,91.1,627,1484,42.3,264,416,63.5,142,455,31.2,47.0,49.4,28.0,58.4,15.9,25.7,0.91,1660,59.3,47.9,904,32.3,31.0,291,10.4,64.8,613,21.9,100,3.6,59.3,372,13.3,0.86,11.3,205,7.3,23.9,435,15.5,7.1,103,3.7,564,20.1,18
Charlotte,30,21,9,70.0,2200.0,73.3,55.4,107.9,812,1805,45.0,518,798,64.9,232,682,34.0,51.4,54.3,44.2,48.9,21.8,29.3,1.08,2374,79.1,53.0,1220,40.7,38.2,441,14.7,67.8,779,26.0,99,3.3,59.6,484,16.1,1.06,12.0,264,8.8,20.8,458,15.3,5.0,90,3.0,568,18.9,9
Chattanooga,30,19,11,63.3,2177.0,72.6,55.2,113.1,861,1751,49.2,510,694,73.5,231,615,37.6,55.8,59.2,39.6,51.2,20.7,28.1,1.13,2463,82.1,53.4,1066,35.5,37.2,369,12.3,69.7,697,23.2,72,2.4,62.1,535,17.8,1.12,11.5,250,8.3,22.0,479,16.0,4.1,72,2.4,515,17.2,12
Chicago State,32,12,20,37.5,2102.0,65.7,51.7,100.2,746,1721,43.3,470,671,70.0,145,398,36.4,47.6,51.6,39.0,57.0,22.3,20.6,1.0,2107,65.8,47.2,997,31.2,34.7,372,11.6,59.7,625,19.5,102,3.2,48.9,365,11.4,0.83,10.8,227,7.1,20.9,440,13.8,5.7,95,3.0,702,21.9,30
Cincinnati,32,25,7,78.1,2214.0,69.2,56.3,110.9,867,1893,45.8,484,723,66.9,237,612,38.7,52.1,54.9,38.2,51.3,19.7,29.0,1.11,2455,76.7,52.9,1197,37.4,37.0,420,13.1,68.8,777,24.3,82,2.6,59.6,517,16.2,1.32,10.9,241,7.5,17.8,393,12.3,9.8,168,5.2,616,19.2,10
Citadel,28,6,22,21.4,1925.0,68.8,44.9,85.2,586,1575,37.2,283,419,67.5,185,614,30.1,43.1,46.2,26.6,48.9,17.3,33.8,0.85,1640,58.6,48.0,951,34.0,31.5,334,11.9,64.5,617,22.0,115,4.1,51.9,304,10.9,0.64,11.1,213,7.6,24.7,475,17.0,6.1,93,3.3,583,20.8,17
Clemson,28,10,18,35.7,1952.0,69.7,51.3,94.2,649,1504,43.2,407,645,63.1,134,418,32.1,47.6,50.8,42.9,56.0,22.1,21.9,0.94,1839,65.7,52.6,1050,37.5,40.4,398,14.2,64.9,652,23.3,70,2.5,55.3,359,12.8,0.67,9.8,191,6.8,27.5,537,19.2,7.6,125,4.5,522,18.6,15
Cleveland State,29,4,25,13.8,2059.0,71.0,48.2,90.9,650,1593,40.8,411,636,64.6,158,512,30.9,45.8,49.4,39.9,52.6,22.0,25.3,0.91,1871,64.5,49.7,1042,35.9,35.5,375,12.9,64.0,667,23.0,102,3.5,51.4,334,11.5,0.63,9.7,199,6.9,25.9,534,18.4,6.9,117,4.0,606,20.9,19
Coastal Carolina,29,14,15,48.3,2049.0,70.7,51.4,100.6,742,1686,44.0,383,541,70.8,194,516,37.6,49.8,53.0,32.1,53.2,18.6,28.2,1.01,2061,71.1,52.3,1090,37.6,35.9,366,12.6,68.8,724,25.0,112,3.9,57.0,423,14.6,0.9,10.9,223,7.7,22.9,469,16.2,3.5,58,2.0,564,19.4,14
Colgate,29,15,14,51.7,1955.0,67.4,50.5,100.7,696,1624,42.9,385,552,69.7,191,537,35.6,48.7,52.2,34.0,51.3,19.6,29.1,1.01,1968,67.9,50.5,987,34.0,31.9,323,11.1,69.1,664,22.9,97,3.3,55.5,386,13.3,0.98,10.2,200,6.9,20.2,395,13.6,3.2,51,1.8,520,17.9,10
College of Charleston,29,20,9,69.0,2081.0,71.8,49.5,102.5,739,1673,44.2,415,584,71.1,241,646,37.3,51.4,54.7,34.9,46.7,19.4,33.9,1.03,2134,73.6,48.5,1045,36.0,29.5,305,10.5,67.4,740,25.5,91,3.1,56.0,414,14.3,0.95,11.0,228,7.9,20.9,434,15.0,7.7,132,4.6,543,18.7,4
Colorado,29,18,11,62.1,2041.0,70.4,54.5,105.4,758,1635,46.4,447,720,62.1,188,505,37.2,52.1,54.4,44.0,53.0,20.8,26.2,1.05,2151,74.2,51.6,1122,38.7,35.3,363,12.5,67.8,759,26.2,57,2.0,53.2,403,13.9,0.95,8.4,172,5.9,20.7,423,14.6,9.9,174,6.0,518,17.9,10
Colorado State,29,13,16,44.8,2037.0,70.2,49.6,100.0,690,1503,45.9,521,732,71.2,135,399,33.8,50.4,55.0,48.7,54.5,25.6,19.9,1.0,2036,70.2,49.5,1014,35.0,32.2,300,10.3,66.8,714,24.6,89,3.1,57.2,395,13.6,0.8,8.4,172,5.9,24.3,494,17.0,8.6,140,4.8,688,23.7,19
Columbia,27,10,17,37.0,1918.0,71.0,46.6,95.1,633,1453,43.6,347,489,71.0,211,553,38.2,50.8,54.1,33.7,46.3,19.0,34.7,0.95,1824,67.6,50.5,896,33.2,30.9,279,10.3,70.1,617,22.9,98,3.6,67.0,424,15.7,0.84,10.5,201,7.4,26.3,504,18.7,2.7,37,1.4,628,23.3,17
Connecticut,39,33,6,84.6,2743.0,70.3,59.3,112.0,1154,2403,48.0,516,828,62.3,249,619,40.2,53.2,54.9,34.5,58.9,16.8,24.3,1.12,3073,78.8,54.9,1742,44.7,41.2,586,15.0,68.7,1156,29.6,152,3.9,59.0,681,17.5,1.28,8.5,233,6.0,19.4,532,13.6,12.6,315,8.1,619,15.9,5
Coppin State,32,18,14,56.2,2066.0,64.6,48.8,95.3,672,1645,40.9,417,623,66.9,208,574,36.2,47.2,50.7,37.9,47.1,21.2,31.7,0.95,1969,61.5,51.7,1097,34.3,33.7,365,11.4,69.8,732,22.9,112,3.5,53.0,356,11.1,0.74,9.8,203,6.3,23.3,481,15.0,6.5,105,3.3,567,17.7,12
Cornell,27,11,16,40.7,1903.0,70.5,51.5,100.1,659,1553,42.4,410,598,68.6,176,535,32.9,48.1,51.8,38.5,50.7,21.5,27.7,1.0,1904,70.5,51.9,1017,37.7,34.4,348,12.9,69.5,669,24.8,95,3.5,53.0,349,12.9,0.87,12.4,236,8.7,21.1,401,14.9,5.7,88,3.3,495,18.3,8
Creighton,29,20,9,69.0,1902.0,65.6,51.8,104.3,692,1528,45.3,425,609,69.8,175,455,38.5,51.0,54.6,39.9,52.1,21.4,26.5,1.04,1984,68.4,51.1,991,34.2,32.3,303,10.4,69.9,688,23.7,90,3.1,57.1,395,13.6,1.01,10.3,195,6.7,20.6,392,13.5,7.3,113,3.9,508,17.5,8
Dartmouth,28,3,25,10.7,1799.0,64.2,41.2,88.6,561,1378,40.7,291,407,71.5,181,533,34.0,47.3,50.7,29.5,47.7,18.3,34.1,0.89,1594,56.9,43.5,805,28.8,19.3,170,6.1,67.7,635,22.7,89,3.2,53.8,302,10.8,0.76,8.4,151,5.4,22.1,397,14.2,6.9,103,3.7,485,17.3,12
Davidson,29,17,12,58.6,2078.0,71.7,50.6,102.0,732,1659,44.1,429,598,71.7,226,629,35.9,50.9,54.5,36.0,47.8,20.2,32.0,1.02,2119,73.1,53.2,1116,38.5,35.5,361,12.4,71.0,755,26.0,111,3.8,59.2,433,14.9,0.86,8.1,169,5.8,24.2,503,17.3,2.1,35,1.2,578,19.9,13
Dayton,33,24,9,72.7,2138.0,64.8,53.7,105.0,780,1746,44.7,477,717,66.5,207,644,32.1,50.6,53.8,41.1,51.1,21.3,27.7,1.05,2244,68.0,54.1,1266,38.4,37.5,409,12.4,70.7,857,26.0,74,2.2,62.7,489,14.8,1.05,7.0,150,4.5,21.8,467,14.2,5.0,94,2.8,576,17.5,5
Delaware,28,16,12,57.1,2049.0,73.2,49.4,97.0,695,1615,43.0,431,624,69.1,166,452,36.7,48.2,52.0,38.6,53.2,21.7,25.1,0.97,1987,71.0,50.4,1054,37.6,33.1,338,12.1,67.6,716,25.6,86,3.1,52.4,364,13.0,0.77,11.6,237,8.5,23.1,474,16.9,7.0,111,4.0,624,22.3,22
Delaware State,28,13,15,46.4,1729.0,61.8,48.9,99.5,574,1289,44.5,423,611,69.2,150,453,33.1,50.3,54.5,47.4,49.3,24.6,26.1,1.0,1721,61.5,48.1,810,28.9,32.4,265,9.5,63.8,545,19.5,98,3.5,51.7,297,10.6,0.7,10.9,189,6.8,24.7,427,15.2,5.2,73,2.6,492,17.6,13
Denver,27,14,13,51.9,1846.0,68.4,51.1,101.7,656,1518,43.2,380,553,68.7,185,492,37.6,49.3,52.7,36.4,50.2,20.2,29.6,1.02,1877,69.5,50.0,960,35.6,32.0,309,11.4,67.9,651,24.1,78,2.9,58.4,383,14.2,1.03,10.0,185,6.9,20.1,371,13.7,6.1,94,3.5,508,18.8,12
DePaul,32,22,10,68.8,2117.0,66.2,54.9,106.6,813,1755,46.3,468,671,69.7,163,450,36.2,51.0,54.4,38.2,57.6,20.7,21.7,1.07,2257,70.5,52.4,1159,36.2,36.9,382,11.9,67.8,777,24.3,79,2.5,53.8,437,13.7,1.04,8.3,176,5.5,19.9,422,13.2,4.1,74,2.3,561,17.5,14
Detroit,30,19,11,63.3,1862.0,62.1,53.3,104.6,714,1555,45.9,348,502,69.3,172,492,35.0,51.4,54.3,32.3,55.6,17.9,26.5,1.05,1948,64.9,52.6,951,31.7,37.1,331,11.0,68.1,620,20.7,78,2.6,59.0,421,14.0,1.04,11.4,213,7.1,21.8,405,13.5,5.8,83,2.8,564,18.8,11
Drake,28,12,16,42.9,2025.0,72.3,49.3,96.6,651,1602,40.6,479,702,68.2,175,558,31.4,46.1,50.5,43.8,48.7,24.5,26.8,0.97,1956,69.9,49.6,933,33.3,33.5,361,12.9,65.6,572,20.4,82,2.9,51.6,336,12.0,0.75,15.9,321,11.5,22.3,451,16.1,3.9,58,2.1,519,18.5,15
Drexel,29,18,11,62.1,2015.0,69.5,51.1,104.9,750,1633,45.9,400,594,67.3,213,549,38.8,52.4,55.2,36.4,50.8,18.9,30.2,1.05,2113,72.9,47.9,993,34.2,27.7,277,9.6,68.0,716,24.7,104,3.6,62.1,466,16.1,1.24,11.3,228,7.9,18.6,375,12.9,6.7,110,3.8,566,19.5,19
Duke,37,31,6,83.8,2609.0,70.5,56.4,113.2,1018,2161,47.1,655,890,73.6,263,722,36.4,53.2,57.2,41.2,51.1,22.2,26.7,1.13,2954,79.8,51.0,1351,36.5,39.2,489,13.2,62.9,862,23.3,121,3.3,52.7,536,14.5,1.05,13.0,340,9.2,19.6,511,13.8,11.1,240,6.5,697,18.8,18
Duquesne,29,12,17,41.4,2004.0,69.1,51.1,101.8,728,1604,45.4,409,602,67.9,175,515,34.0,50.8,54.0,37.5,54.2,20.0,25.7,1.02,2040,70.3,48.3,1009,34.8,31.7,310,10.7,64.8,699,24.1,104,3.6,61.0,444,15.3,1.04,8.6,173,6.0,21.3,427,14.7,5.9,99,3.4,564,19.4,16
East Carolina,27,13,14,48.1,1870.0,69.3,53.8,101.9,667,1525,43.7,438,670,65.4,133,400,33.3,48.1,51.7,43.9,56.1,23.0,20.9,1.02,1905,70.6,53.2,1073,39.7,37.8,370,13.7,68.5,703,26.0,114,4.2,48.6,324,12.0,0.8,9.8,183,6.8,21.6,404,15.0,8.2,125,4.6,534,19.8,14
East Tennessee State,33,27,6,81.8,2529.0,76.6,52.7,103.5,946,2059,45.9,525,762,68.9,201,580,34.7,50.8,54.1,37.0,56.9,20.1,23.0,1.04,2618,79.3,49.6,1269,38.5,33.3,411,12.5,65.8,858,26.0,106,3.2,53.4,505,15.3,0.98,15.1,382,11.6,20.3,514,15.6,9.3,192,5.8,554,16.8,13
Eastern Illinois,27,6,21,22.2,1910.0,70.7,50.6,96.9,693,1562,44.4,325,470,69.1,139,428,32.5,48.8,51.8,30.1,59.9,17.6,22.5,0.97,1850,68.5,51.3,940,34.8,33.4,317,11.7,69.2,623,23.1,101,3.7,57.3,397,14.7,0.91,10.1,192,7.1,22.8,436,16.1,4.3,64,2.4,588,21.8,19
Eastern Kentucky,29,14,15,48.3,2053.0,70.8,52.2,103.5,755,1615,46.7,426,660,64.5,189,512,36.9,52.6,55.1,40.9,53.3,20.0,26.7,1.04,2125,73.3,51.8,994,34.3,33.4,330,11.4,70.3,664,22.9,86,3.0,62.6,473,16.3,1.02,10.4,213,7.3,22.5,462,15.9,4.3,69,2.4,590,20.3,21
Eastern Michigan,28,13,15,46.4,1993.0,71.2,51.5,99.6,697,1517,45.9,461,704,65.5,131,383,34.2,50.3,53.6,46.4,57.0,23.2,19.8,1.0,1986,70.9,51.4,997,35.6,34.2,331,11.8,68.5,666,23.8,104,3.7,53.4,372,13.3,0.78,10.7,213,7.6,24.0,479,17.1,5.3,82,2.9,577,20.6,14
Eastern Washington,30,17,13,56.7,2035.0,67.8,50.6,103.3,747,1574,47.5,429,608,70.6,179,488,36.7,53.1,56.4,38.6,54.0,20.4,25.5,1.03,2102,70.1,49.5,918,30.6,30.3,279,9.3,68.7,639,21.3,93,3.1,64.3,480,16.0,1.06,9.4,192,6.4,22.3,453,15.1,3.1,49,1.6,604,20.1,15
Elon,30,12,18,40.0,2116.0,70.5,50.7,97.7,750,1783,42.1,355,501,70.9,212,606,35.0,48.0,51.1,28.1,52.1,17.2,30.8,0.98,2067,68.9,51.3,1086,36.2,37.2,414,13.8,65.4,672,22.4,125,4.2,58.7,440,14.7,0.86,12.6,267,8.9,24.2,512,17.1,4.1,68,2.3,579,19.3,14
Evansville,29,7,22,24.1,1993.0,68.7,47.7,98.4,691,1525,45.3,372,562,66.2,208,560,37.1,52.1,54.7,36.9,49.2,19.0,31.8,0.98,1962,67.7,47.8,981,33.8,26.7,251,8.7,68.9,730,25.2,111,3.8,62.8,434,15.0,0.96,5.7,113,3.9,22.6,450,15.5,5.1,85,2.9,604,20.8,21
Fairfield,30,19,11,63.3,2009.0,67.0,51.6,100.9,706,1668,42.3,457,620,73.7,159,460,34.6,47.1,51.7,37.2,53.9,22.5,23.5,1.01,2028,67.6,51.0,1072,35.7,35.8,374,12.5,66.3,698,23.3,110,3.7,54.2,383,12.8,0.9,10.7,214,7.1,21.2,426,14.2,7.9,128,4.3,542,18.1,18
Fairleigh Dickinson,29,17,12,58.6,1966.0,67.8,51.6,102.3,739,1722,42.9,331,479,69.1,203,588,34.5,48.8,51.6,27.8,53.3,16.5,30.3,1.02,2012,69.4,47.6,955,32.9,30.7,330,11.4,64.4,625,21.6,72,2.5,53.9,398,13.7,1.14,10.7,211,7.3,17.8,350,12.1,8.1,125,4.3,575,19.8,12
Florida,31,20,11,64.5,2141.0,69.1,52.5,110.6,829,1719,48.2,462,616,75.0,249,661,37.7,55.5,58.9,35.8,49.0,19.5,31.5,1.11,2369,76.4,49.0,1081,34.9,32.2,311,10.0,65.8,770,24.8,107,3.5,59.3,492,15.9,1.08,9.3,200,6.5,21.2,454,14.6,5.5,98,3.2,584,18.8,14
Florida A&M,32,15,17,46.9,2338.0,73.1,47.9,98.8,747,1802,41.5,546,771,70.8,271,782,34.7,49.0,53.3,42.8,41.2,23.6,35.2,0.99,2311,72.2,47.8,1092,34.1,32.0,374,11.7,63.5,718,22.4,151,4.7,54.2,405,12.7,0.75,11.6,271,8.5,23.0,537,16.8,2.9,51,1.6,691,21.6,22
Florida Atlantic,28,9,19,32.1,2111.0,75.4,53.0,102.2,800,1834,43.6,347,526,66.0,210,604,34.8,49.3,51.8,28.7,54.7,16.1,29.2,1.02,2157,77.0,50.8,1063,38.0,35.7,405,14.5,65.9,658,23.5,97,3.5,52.9,423,15.1,0.96,12.3,260,9.3,20.8,440,15.7,6.1,101,3.6,596,21.3,18
Florida Gulf Coast,3,2,1,66.7,209.0,69.7,50.0,101.4,71,177,40.1,53,67,79.1,17,47,36.2,44.9,50.8,37.9,50.9,25.0,24.1,1.01,212,70.7,50.6,117,39.0,32.7,37,12.3,68.4,80,26.7,9,3.0,54.9,39,13.0,1.0,7.7,16,5.3,18.7,39,13.0,5.1,9,3.0,54,18.0,0
Florida International,27,5,22,18.5,1792.0,66.4,45.1,84.5,535,1325,40.4,331,518,63.9,114,395,28.9,44.7,48.2,39.1,55.6,21.8,22.6,0.85,1515,56.1,48.8,877,32.5,32.6,294,10.9,65.0,583,21.6,90,3.3,45.4,243,9.0,0.47,8.9,160,5.9,28.7,514,19.0,5.3,77,2.9,510,18.9,11
Florida State,33,19,14,57.6,2290.0,69.4,50.5,103.0,815,1860,43.8,433,631,68.6,296,788,37.6,51.8,54.6,33.9,44.0,18.4,37.6,1.03,2359,71.5,50.4,1192,36.1,34.0,387,11.7,66.7,805,24.4,117,3.5,60.5,493,14.9,0.95,12.7,291,8.8,22.7,519,15.7,6.7,124,3.8,627,19.0,10
Fordham,28,6,22,21.4,1928.0,68.9,46.2,90.0,623,1549,40.2,280,485,57.7,209,655,31.9,47.0,48.8,31.3,47.7,16.1,36.1,0.9,1735,62.0,43.9,879,31.4,29.6,306,10.9,58.2,573,20.5,86,3.1,56.7,353,12.6,0.77,11.4,220,7.9,23.9,461,16.5,4.4,72,2.6,522,18.6,19
Fresno State,29,14,15,48.3,1788.0,61.7,51.6,101.9,643,1485,43.3,350,497,70.4,186,507,36.7,49.6,52.9,33.5,50.2,19.2,30.6,1.02,1822,62.8,54.0,1027,35.4,35.9,328,11.3,72.1,699,24.1,91,3.1,62.1,399,13.8,1.0,8.3,149,5.1,22.3,398,13.7,5.4,84,2.9,458,15.8,9
Furman,29,17,12,58.6,2069.0,71.3,51.0,102.6,747,1658,45.1,417,596,70.0,212,601,35.3,51.4,54.7,35.9,50.4,19.6,30.0,1.03,2123,73.2,51.3,1084,37.4,32.5,330,11.4,70.1,754,26.0,98,3.4,60.8,454,15.7,1.0,11.6,240,8.3,21.9,453,15.6,6.1,101,3.5,516,17.8,13
Gardner-Webb,29,9,20,31.0,2037.0,70.2,48.6,96.4,715,1716,41.7,302,424,71.2,232,688,33.7,48.4,51.2,24.7,49.2,15.4,35.4,0.96,1964,67.7,50.6,1061,36.6,33.2,354,12.2,68.0,707,24.4,92,3.2,61.0,436,15.0,0.9,9.3,189,6.5,23.7,483,16.7,4.4,76,2.6,513,17.7,8
George Mason,33,23,10,69.7,2355.0,71.4,50.6,100.4,825,1878,43.9,503,745,67.5,211,645,32.7,49.5,53.0,39.7,51.9,21.3,26.8,1.0,2364,71.6,49.4,1168,35.4,32.7,385,11.7,66.1,783,23.7,120,3.6,55.2,455,13.8,0.89,11.9,281,8.5,21.8,513,15.5,5.1,98,3.0,593,18.0,5
George Washington,30,18,12,60.0,2116.0,70.5,54.4,106.4,798,1732,46.1,477,670,71.2,178,512,34.8,51.2,54.9,38.7,55.1,21.2,23.7,1.06,2251,75.0,52.0,1090,36.3,38.6,400,13.3,65.3,690,23.0,87,2.9,56.6,452,15.1,0.96,12.1,257,8.6,22.2,469,15.6,6.1,102,3.4,570,19.0,8
Georgetown,28,13,15,46.4,1949.0,69.6,49.9,96.6,661,1613,41.0,409,573,71.4,152,440,34.5,45.7,49.9,35.5,54.1,21.7,24.2,0.97,1883,67.2,48.3,947,33.8,34.7,355,12.7,62.0,592,21.1,110,3.9,56.0,370,13.2,0.87,14.5,283,10.1,21.8,424,15.1,6.5,99,3.5,527,18.8,17
Georgia,30,16,14,53.3,1965.0,65.5,52.1,101.5,664,1564,42.5,488,691,70.6,179,524,34.2,48.2,52.7,44.2,48.6,24.5,26.9,1.02,1995,66.5,52.3,1033,34.4,38.1,389,13.0,66.5,644,21.5,116,3.9,59.8,397,13.2,0.87,12.3,242,8.1,23.2,456,15.2,6.2,96,3.2,583,19.4,16
Georgia Southern,29,21,8,72.4,2252.0,77.7,52.8,103.8,821,1886,43.5,477,692,68.9,218,626,34.8,49.3,52.8,36.7,51.6,20.4,28.0,1.04,2337,80.6,51.5,1140,39.3,35.9,424,14.6,67.1,716,24.7,98,3.4,61.9,508,17.5,1.08,14.5,327,11.3,20.9,471,16.2,7.9,128,4.4,639,22.0,12
Georgia State,29,20,9,69.0,2015.0,69.5,53.9,107.6,776,1657,46.8,405,557,72.7,212,593,35.8,53.2,56.4,33.6,52.0,18.7,29.3,1.08,2169,74.8,50.8,1048,36.1,37.1,352,12.1,64.4,696,24.0,114,3.9,59.7,463,16.0,1.06,10.6,213,7.3,21.7,437,15.1,6.1,104,3.6,532,18.3,8
Georgia Tech,38,28,10,73.7,2771.0,72.9,52.2,105.1,1029,2213,46.5,586,847,69.2,267,729,36.6,52.5,55.7,38.3,52.4,20.1,27.5,1.05,2911,76.6,49.0,1422,37.4,32.4,429,11.3,65.5,993,26.1,123,3.2,56.3,579,15.2,1.0,12.2,338,8.9,20.9,578,15.2,7.7,172,4.5,794,20.9,20
Gonzaga,31,28,3,90.3,2164.0,69.8,57.9,117.2,899,1764,51.0,543,724,75.0,195,491,39.7,56.5,60.2,41.0,55.5,21.4,23.1,1.17,2536,81.8,53.7,1230,39.7,37.8,364,11.7,69.7,866,27.9,91,2.9,61.8,556,17.9,1.33,8.9,192,6.2,19.3,418,13.5,6.2,116,3.7,499,16.1,3
Grambling State,29,11,18,37.9,2131.0,73.5,49.5,95.3,733,1688,43.4,374,605,61.8,190,525,36.2,49.1,51.4,35.8,53.5,18.4,28.1,0.95,2030,70.0,49.2,1037,35.8,31.6,343,11.8,66.7,694,23.9,115,4.0,63.8,468,16.1,0.96,9.2,197,6.8,22.8,486,16.8,4.4,73,2.5,638,22.0,19
Green Bay,28,17,11,60.7,1846.0,65.9,48.6,99.4,621,1458,42.6,416,579,71.8,177,487,36.3,48.7,52.9,39.7,48.4,22.7,28.9,0.99,1835,65.5,48.5,920,32.9,29.4,274,9.8,67.6,646,23.1,98,3.5,57.5,357,12.8,0.93,8.9,165,5.9,20.8,384,13.7,4.6,69,2.5,526,18.8,16
Hampton,30,13,17,43.3,2124.0,70.8,49.7,96.8,715,1644,43.5,451,670,67.3,176,516,34.1,48.8,52.4,40.8,52.4,21.9,25.7,0.97,2057,68.6,50.5,1082,36.1,34.5,365,12.2,66.5,717,23.9,100,3.3,47.8,342,11.4,0.64,9.1,193,6.4,25.0,531,17.7,5.5,90,3.0,679,22.6,19
Hartford,29,12,17,41.4,1935.0,66.7,49.3,93.8,660,1585,41.6,329,498,66.1,166,541,30.7,46.9,49.8,31.4,54.4,18.1,27.4,0.94,1815,62.6,51.2,1008,34.8,34.0,348,12.0,68.4,660,22.8,115,4.0,48.5,320,11.0,0.69,11.3,219,7.6,23.8,461,15.9,3.7,55,1.9,589,20.3,24
Harvard,27,4,23,14.8,1962.0,72.7,45.5,89.1,601,1525,39.4,386,545,70.8,160,523,30.6,44.7,49.0,35.7,50.5,22.1,27.5,0.89,1748,64.7,49.2,936,34.7,32.7,327,12.1,65.6,609,22.6,119,4.4,49.3,296,11.0,0.57,10.8,212,7.9,26.2,515,19.1,5.8,89,3.3,571,21.1,26
Hawaii,33,21,12,63.6,2206.0,66.8,54.0,106.0,870,1873,46.4,403,562,71.7,195,558,34.9,51.7,54.6,30.0,57.7,17.2,25.0,1.06,2338,70.8,49.1,1115,33.8,35.6,381,11.5,62.7,734,22.2,98,3.0,63.2,550,16.7,1.24,9.5,210,6.4,20.1,444,13.5,5.6,105,3.2,558,16.9,10
High Point,30,19,11,63.3,2183.0,72.8,52.8,98.9,802,1755,45.7,417,672,62.1,139,429,32.4,49.7,52.1,38.3,61.4,19.3,19.3,0.99,2160,72.0,51.4,1131,37.7,36.7,399,13.3,66.1,732,24.4,118,3.9,51.7,415,13.8,0.8,12.3,268,8.9,23.8,520,17.3,4.3,75,2.5,615,20.5,7
Hofstra,29,14,15,48.3,2038.0,70.3,54.0,100.6,747,1727,43.3,385,597,64.5,171,516,33.1,48.2,51.0,34.6,56.2,18.8,25.0,1.01,2050,70.7,54.2,1131,39.0,40.2,435,15.0,68.2,696,24.0,93,3.2,50.9,380,13.1,0.82,10.8,220,7.6,22.7,463,16.0,6.8,110,3.8,583,20.1,24
Holy Cross,28,13,15,46.4,1818.0,64.9,52.8,97.2,631,1531,41.2,356,601,59.2,149,439,33.9,46.1,48.6,39.3,54.6,20.1,25.3,0.97,1767,63.1,52.5,969,34.6,37.4,384,13.7,67.6,585,20.9,87,3.1,63.2,399,14.2,1.02,16.5,300,10.7,21.5,391,14.0,9.4,126,4.5,542,19.4,15
Houston,27,9,18,33.3,1764.0,65.3,47.6,90.2,570,1453,39.2,305,482,63.3,147,486,30.2,44.3,47.3,33.2,53.1,19.2,27.7,0.9,1592,59.0,47.7,943,34.9,30.5,301,11.1,64.8,642,23.8,93,3.4,47.2,269,10.0,0.71,9.2,163,6.0,21.4,378,14.0,10.4,151,5.6,540,20.0,15
Houston Baptist,1,0,1,0.0,84.0,84.0,52.6,98.8,28,66,42.4,19,25,76.0,8,18,44.4,48.5,53.3,37.9,48.2,22.9,28.9,0.99,83,83.0,48.5,40,40.0,57.5,23,23.0,39.5,17,17.0,5,5.0,53.6,15,15.0,0.48,10.7,9,9.0,36.9,31,31.0,2.6,2,2.0,21,21.0,0
Howard,28,6,22,21.4,1891.0,67.5,46.7,89.0,611,1533,39.9,315,479,65.8,146,464,31.5,44.6,47.8,31.2,55.3,18.7,26.0,0.89,1683,60.1,48.7,949,33.9,31.2,315,11.2,66.1,634,22.6,94,3.4,46.6,285,10.2,0.63,9.7,183,6.5,23.8,450,16.1,4.6,66,2.4,598,21.4,21
Idaho,30,14,16,46.7,1935.0,64.5,50.4,98.5,657,1623,40.5,434,599,72.5,158,489,32.3,45.3,50.0,36.9,52.4,22.8,24.9,0.99,1906,63.5,50.9,987,32.9,33.9,355,11.8,67.8,632,21.1,95,3.2,46.4,305,10.2,0.79,10.1,195,6.5,19.8,384,12.8,6.6,97,3.2,585,19.5,7
Idaho State,31,13,18,41.9,2272.0,73.3,48.8,100.2,844,1821,46.3,394,606,65.0,195,519,37.6,51.7,54.0,33.3,57.0,17.3,25.7,1.0,2277,73.5,42.6,929,30.0,23.1,245,7.9,62.2,684,22.1,90,2.9,58.5,494,15.9,1.21,11.1,253,8.2,18.0,409,13.2,6.5,122,3.9,571,18.4,14
Illinois,33,26,7,78.8,2164.0,65.6,55.7,111.0,887,1899,46.7,397,571,69.5,231,662,34.9,52.8,55.3,30.1,54.6,16.5,28.9,1.11,2402,72.8,51.6,1150,34.8,36.2,393,11.9,67.1,757,22.9,97,2.9,63.7,565,17.1,1.41,10.4,224,6.8,18.5,401,12.2,7.0,122,3.7,619,18.8,9
Illinois State,29,10,19,34.5,1870.0,64.5,48.3,97.6,652,1466,44.5,352,513,68.6,169,466,36.3,50.2,53.4,35.0,52.9,19.3,27.8,0.98,1825,62.9,48.8,886,30.6,28.5,260,9.0,69.1,626,21.6,82,2.8,54.9,358,12.3,0.84,10.9,203,7.0,22.7,424,14.6,5.5,80,2.8,566,19.5,19
Indiana,29,14,15,48.3,1906.0,65.7,49.7,98.7,646,1628,39.7,385,532,72.4,204,618,33.0,45.9,50.0,32.7,47.0,20.5,32.5,0.99,1881,64.9,49.4,1021,35.2,32.6,342,11.8,66.1,679,23.4,93,3.2,53.6,346,11.9,0.96,7.7,147,5.1,18.9,360,12.4,6.2,102,3.5,537,18.5,16
Indiana State,28,9,19,32.1,1733.0,61.9,47.1,93.7,578,1412,40.9,289,448,64.5,178,507,35.1,47.2,49.9,31.7,49.3,17.8,32.9,0.94,1623,58.0,47.5,841,30.0,28.5,265,9.5,66.5,576,20.6,83,3.0,52.4,303,10.8,0.8,11.1,193,6.9,21.8,378,13.5,4.6,65,2.3,454,16.2,6
Iona,29,11,18,37.9,2094.0,72.2,51.7,99.2,750,1690,44.4,422,645,65.4,156,451,34.6,49.0,52.0,38.2,57.2,20.3,22.5,0.99,2078,71.7,49.9,1109,38.2,34.0,360,12.4,65.7,749,25.8,86,3.0,57.9,434,15.0,0.95,10.6,223,7.7,21.8,457,15.8,9.1,161,5.6,586,20.2,21
Iowa,29,16,13,55.2,2049.0,70.7,50.8,101.1,708,1538,46.0,491,731,67.2,164,449,36.5,51.4,54.9,47.5,52.5,23.7,23.8,1.01,2071,71.4,51.1,1099,37.9,32.2,313,10.8,70.1,786,27.1,71,2.4,62.1,440,15.2,0.93,10.2,208,7.2,23.0,472,16.3,7.7,132,4.6,541,18.7,15
Iowa State,33,20,13,60.6,2377.0,72.0,54.8,103.5,925,1983,46.6,457,700,65.3,154,418,36.8,50.5,53.1,35.3,62.7,18.6,18.8,1.04,2461,74.6,50.8,1241,37.6,36.1,429,13.0,65.4,812,24.6,106,3.2,51.2,474,14.4,0.97,11.1,264,8.0,20.5,487,14.8,7.1,143,4.3,564,17.1,12
IPFW,28,3,25,10.7,1886.0,67.4,48.0,92.0,630,1492,42.2,325,497,65.4,151,500,30.2,47.3,50.2,33.3,55.2,18.7,26.1,0.92,1736,62.0,50.4,941,33.6,31.4,294,10.5,69.4,647,23.1,73,2.6,57.1,360,12.9,0.83,8.1,152,5.4,23.1,435,15.5,5.7,89,3.2,513,18.3,14
IUPUI,32,21,11,65.6,2226.0,67.5,55.8,112.5,845,1855,45.6,572,812,70.4,242,658,36.8,52.1,55.9,43.8,48.2,22.8,29.0,1.12,2504,78.2,52.2,1196,37.4,37.2,421,13.2,67.3,775,24.2,92,2.9,51.6,436,13.6,1.06,9.1,202,6.3,18.5,412,12.9,3.9,73,2.3,586,18.3,17
Jackson State,29,12,17,41.4,2062.0,71.1,45.7,89.0,612,1581,38.7,452,671,67.4,160,495,32.3,43.8,48.3,42.4,49.2,24.6,26.1,0.89,1836,63.3,47.9,1017,35.1,31.7,339,11.7,64.0,678,23.4,145,5.0,55.4,339,11.7,0.68,14.0,288,9.9,24.2,498,17.2,7.2,108,3.7,649,22.4,15
Jacksonville,28,13,15,46.4,2008.0,71.7,50.5,99.0,689,1560,44.2,418,619,67.5,192,554,34.7,50.3,53.6,39.7,50.0,21.0,29.0,0.99,1988,71.0,48.4,985,35.2,35.9,351,12.5,60.9,634,22.6,77,2.8,55.7,384,13.7,0.77,10.8,216,7.7,24.9,499,17.8,10.0,169,6.0,525,18.8,21
Jacksonville State,28,14,14,50.0,1969.0,70.3,53.5,106.2,750,1612,46.5,391,596,65.6,201,555,36.2,52.8,55.2,37.0,52.5,18.7,28.8,1.06,2092,74.7,49.2,956,34.1,33.3,324,11.6,65.1,632,22.6,80,2.9,54.7,410,14.6,1.03,11.8,232,8.3,20.2,397,14.2,4.6,72,2.6,593,21.2,23
James Madison,28,7,21,25.0,1873.0,66.9,49.6,97.0,660,1603,41.2,322,466,69.1,174,553,31.5,46.6,49.8,29.1,53.5,17.7,28.7,0.97,1816,64.9,46.0,883,31.5,31.3,316,11.3,60.6,567,20.2,84,3.0,51.1,337,12.0,0.92,11.1,208,7.4,19.5,366,13.1,4.7,71,2.5,536,19.1,14
Kansas,33,24,9,72.7,2342.0,71.0,54.2,106.9,895,1923,46.5,525,743,70.7,188,562,33.5,51.4,55.0,38.6,56.5,21.0,22.5,1.07,2503,75.8,51.6,1303,39.5,35.6,409,12.4,67.7,894,27.1,91,2.8,63.9,572,17.3,1.18,9.9,232,7.0,20.7,485,14.7,8.4,165,5.0,659,20.0,16
Kansas State,28,14,14,50.0,1909.0,68.2,53.7,101.8,708,1590,44.5,401,589,68.1,126,367,34.3,48.5,52.0,37.0,59.9,20.6,19.5,1.02,1943,69.4,51.8,1067,38.1,37.2,359,12.8,66.5,708,25.3,104,3.7,60.3,427,15.2,1.07,7.9,151,5.4,20.8,398,14.2,4.7,76,2.7,519,18.5,12
Kent State,31,22,9,71.0,2093.0,67.5,52.7,107.8,789,1791,44.1,414,579,71.5,264,692,38.2,51.4,54.6,32.3,46.5,18.4,35.1,1.08,2256,72.8,50.7,1089,35.1,33.7,367,11.8,67.7,722,23.3,90,2.9,65.1,514,16.6,1.28,11.4,239,7.7,19.2,401,12.9,6.7,109,3.5,589,19.0,10
Kentucky,32,27,5,84.4,2202.0,68.8,54.4,107.4,862,1828,47.2,437,627,69.7,204,572,35.7,52.7,55.6,34.3,55.6,18.5,25.9,1.07,2365,73.9,53.1,1158,36.2,36.9,387,12.1,69.3,771,24.1,86,2.7,58.5,504,15.8,1.08,11.3,249,7.8,21.3,468,14.6,6.3,110,3.4,584,18.2,4
La Salle,30,10,20,33.3,1985.0,66.2,50.2,98.4,681,1648,41.3,420,599,70.1,171,562,30.4,46.5,50.5,36.3,52.2,21.5,26.3,0.98,1953,65.1,48.3,980,32.7,33.0,349,11.6,63.6,631,21.0,99,3.3,48.2,328,10.9,0.81,9.7,193,6.4,20.4,405,13.5,3.6,59,2.0,536,17.9,8
Lafayette,28,18,10,64.3,1986.0,70.9,50.5,106.6,731,1513,48.3,435,610,71.3,221,553,40.0,55.6,58.7,40.3,48.2,20.5,31.3,1.07,2118,75.6,45.8,968,34.6,28.2,249,8.9,63.4,719,25.7,75,2.7,58.7,429,15.3,1.0,7.8,155,5.5,21.6,429,15.3,8.1,144,5.1,505,18.0,5
Lamar,29,11,18,37.9,2280.0,78.6,52.3,100.6,808,1945,41.5,480,691,69.5,198,640,30.9,46.6,50.5,35.5,53.2,20.9,25.9,1.01,2294,79.1,47.7,1137,39.2,35.2,438,15.1,60.3,699,24.1,97,3.3,50.2,406,14.0,0.93,11.8,269,9.3,19.2,438,15.1,6.8,128,4.4,544,18.8,24
Lehigh,31,20,11,64.5,2076.0,67.0,50.6,100.3,729,1718,42.4,426,595,71.6,198,573,34.6,48.2,52.0,34.6,51.0,20.5,28.5,1.0,2082,67.2,51.3,1132,36.5,33.8,367,11.8,68.9,765,24.7,122,3.9,56.5,412,13.3,0.92,11.0,229,7.4,21.7,450,14.5,6.4,108,3.5,577,18.6,14
Liberty,33,18,15,54.5,2310.0,70.0,51.6,98.9,819,1913,42.8,440,651,67.6,206,670,30.7,48.2,51.4,34.0,53.7,19.3,27.1,0.99,2284,69.2,51.6,1235,37.4,36.8,441,13.4,66.3,794,24.1,110,3.3,56.3,461,14.0,0.87,12.6,292,8.8,22.9,528,16.0,5.5,104,3.2,641,19.4,10
Lipscomb,28,7,21,25.0,1972.0,70.4,49.5,98.6,683,1528,44.7,410,635,64.6,169,489,34.6,50.2,53.2,41.6,52.9,21.1,26.1,0.99,1945,69.5,46.4,932,33.3,31.0,296,10.6,61.7,636,22.7,95,3.4,48.5,331,11.8,0.74,9.2,182,6.5,22.7,448,16.0,5.4,92,3.3,538,19.2,18
Long Beach State,27,6,21,22.2,1812.0,67.1,48.9,93.7,606,1461,41.5,348,532,65.4,138,425,32.5,46.2,49.5,36.4,55.1,20.5,24.4,0.94,1698,62.9,47.4,874,32.4,33.5,316,11.7,61.3,558,20.7,89,3.3,55.1,334,12.4,0.79,7.2,131,4.9,23.4,424,15.7,5.0,76,2.8,514,19.0,6
Long Island,27,8,19,29.6,1988.0,73.6,48.1,94.1,653,1531,42.7,399,608,65.6,166,516,32.2,48.1,51.4,39.7,52.1,21.3,26.6,0.94,1871,69.3,48.9,1017,37.7,32.0,317,11.7,65.7,700,25.9,91,3.4,54.1,353,13.1,0.73,7.9,158,5.9,24.3,484,17.9,5.2,90,3.3,514,19.0,14
Longwood,2,0,2,0.0,147.0,73.5,40.9,79.6,44,121,36.4,17,31,54.8,12,42,28.6,41.3,43.1,25.6,54.7,14.5,30.8,0.8,117,58.5,47.1,60,30.0,22.4,19,9.5,71.9,41,20.5,8,4.0,50.0,22,11.0,0.67,7.5,11,5.5,22.4,33,16.5,2.7,3,1.5,34,17.0,0
Louisiana,29,20,9,69.0,2063.0,71.1,53.3,108.3,797,1715,46.5,403,585,68.9,237,638,37.1,53.4,56.0,34.1,50.1,18.0,31.8,1.08,2234,77.0,48.3,988,34.1,34.6,341,11.8,62.0,647,22.3,80,2.8,59.5,474,16.3,1.13,12.6,260,9.0,20.3,419,14.4,3.7,62,2.1,538,18.6,12
Louisiana Tech,30,15,15,50.0,2055.0,68.5,52.3,97.9,723,1676,43.1,423,641,66.0,142,448,31.7,47.4,50.8,38.2,57.8,21.0,21.2,0.98,2011,67.0,54.9,1180,39.3,38.5,413,13.8,71.3,767,25.6,118,3.9,46.1,333,11.1,0.67,8.4,173,5.8,24.1,495,16.5,5.2,88,2.9,511,17.0,15
Louisiana-Monroe,31,12,19,38.7,2290.0,73.9,48.7,92.4,761,1840,41.4,408,630,64.8,187,549,34.1,46.4,49.5,34.2,54.2,19.3,26.5,0.92,2117,68.3,49.8,1132,36.5,34.7,410,13.2,65.0,722,23.3,102,3.3,51.0,388,12.5,0.69,10.7,246,7.9,24.7,565,18.2,5.7,102,3.3,650,21.0,14
Louisville,30,20,10,66.7,2117.0,70.6,50.1,103.7,737,1757,41.9,480,641,74.9,241,713,33.8,48.8,53.2,36.5,45.2,21.9,32.9,1.04,2195,73.2,49.8,1126,37.5,32.1,351,11.7,67.4,775,25.8,73,2.4,62.4,460,15.3,1.11,11.8,249,8.3,19.5,413,13.8,9.1,152,5.1,616,20.5,18
Loyola (Chicago),29,9,20,31.0,2085.0,71.9,51.3,97.5,742,1701,43.6,413,634,65.1,136,472,28.8,47.6,50.8,37.3,59.6,20.3,20.1,0.98,2033,70.1,49.8,1051,36.2,33.8,364,12.6,65.7,687,23.7,102,3.5,50.4,374,12.9,0.82,10.8,225,7.8,21.9,456,15.7,7.4,127,4.4,562,19.4,12
Loyola (MD),28,1,27,3.6,1910.0,68.2,44.8,87.9,585,1548,37.8,320,485,66.0,188,584,32.2,43.9,47.2,31.3,47.3,19.1,33.6,0.88,1678,59.9,47.8,935,33.4,29.1,306,10.9,66.4,629,22.5,107,3.8,56.8,332,11.9,0.75,7.7,148,5.3,23.1,442,15.8,4.7,76,2.7,494,17.6,11
Loyola Marymount,29,15,14,51.7,2029.0,70.0,51.1,96.7,748,1700,44.0,350,507,69.0,116,374,31.0,47.4,50.5,29.8,64.4,17.8,17.7,0.97,1962,67.7,48.1,995,34.3,33.1,341,11.8,63.1,654,22.6,86,3.0,56.4,422,14.6,0.98,10.3,208,7.2,21.2,431,14.9,7.2,118,4.1,565,19.5,19
LSU,29,18,11,62.1,1902.0,65.6,51.9,101.2,656,1487,44.1,444,678,65.5,168,500,33.6,49.8,53.2,45.6,50.7,23.1,26.2,1.01,1924,66.3,51.7,1065,36.7,35.1,337,11.6,68.3,728,25.1,86,3.0,52.7,346,11.9,0.81,9.3,176,6.1,22.4,426,14.7,7.3,122,4.2,460,15.9,6
Maine,30,20,10,66.7,2040.0,68.0,48.2,100.8,692,1563,44.3,458,641,71.5,214,627,34.1,51.1,55.0,41.0,46.5,22.3,31.2,1.01,2056,68.5,49.5,1088,36.3,28.7,279,9.3,70.4,809,27.0,99,3.3,57.7,399,13.3,0.88,10.4,212,7.1,22.2,452,15.1,6.8,117,3.9,505,16.8,9
Manhattan,31,25,6,80.6,2121.0,68.4,53.6,109.0,762,1724,44.2,607,798,76.1,180,489,36.8,49.4,54.9,46.3,50.4,26.3,23.4,1.09,2311,74.5,51.0,1079,34.8,35.2,374,12.1,66.7,705,22.7,123,4.0,44.4,338,10.9,0.86,13.5,287,9.3,18.6,395,12.7,7.8,128,4.1,633,20.4,6
Marist,28,6,22,21.4,1898.0,67.8,48.1,90.7,638,1625,39.3,283,435,65.1,163,522,31.2,44.3,47.0,26.8,55.2,16.4,28.4,0.91,1722,61.5,49.2,964,34.4,31.0,332,11.9,67.4,632,22.6,109,3.9,59.9,382,13.6,0.97,10.1,191,6.8,20.7,393,14.0,5.2,80,2.9,486,17.4,4
Marquette,31,19,12,61.3,2095.0,67.6,52.2,105.3,733,1714,42.8,510,683,74.7,231,575,40.2,49.5,54.1,39.8,45.5,23.1,31.4,1.05,2207,71.2,52.9,1110,35.8,38.0,397,12.8,67.8,713,23.0,95,3.1,54.2,397,12.8,0.88,8.5,178,5.7,21.4,449,14.5,4.4,76,2.5,602,19.4,14
Marshall,29,12,17,41.4,2063.0,71.1,50.1,98.0,680,1590,42.8,486,700,69.4,176,518,34.0,48.3,52.6,44.0,49.9,24.0,26.1,0.98,2022,69.7,50.0,1062,36.6,35.8,364,12.6,64.3,698,24.1,87,3.0,54.4,370,12.8,0.75,8.3,172,5.9,23.8,492,17.0,4.8,84,2.9,580,20.0,9
Maryland,32,20,12,62.5,2395.0,74.8,55.5,103.4,891,2021,44.1,530,840,63.1,165,490,33.7,48.2,51.2,41.6,58.6,21.4,20.0,1.03,2477,77.4,52.2,1322,41.3,38.1,501,15.7,66.2,821,25.7,101,3.2,50.6,451,14.1,0.93,11.4,274,8.6,20.3,485,15.2,11.3,215,6.7,631,19.7,21
Maryland-Baltimore County,28,7,21,25.0,1814.0,64.8,50.7,92.8,634,1536,41.3,303,484,62.6,113,354,31.9,45.0,47.7,31.5,61.9,18.0,20.1,0.93,1684,60.1,49.8,963,34.4,34.5,346,12.4,65.2,617,22.0,83,3.0,57.4,364,13.0,0.91,10.7,194,6.9,21.9,398,14.2,6.8,99,3.5,555,19.8,8
Maryland-Eastern Shore,29,8,21,27.6,1910.0,65.9,45.3,89.2,574,1502,38.2,386,553,69.8,170,547,31.1,43.9,48.3,36.8,47.4,22.7,29.9,0.89,1704,58.8,47.9,922,31.8,30.0,307,10.6,65.8,615,21.2,117,4.0,40.4,232,8.0,0.52,8.0,153,5.3,23.1,442,15.2,4.3,65,2.2,589,20.3,17
Massachusetts,29,10,19,34.5,1991.0,68.7,51.6,99.2,722,1655,43.6,339,536,63.2,192,573,33.5,49.4,51.7,32.4,53.7,17.2,29.2,0.99,1975,68.1,49.2,1025,35.3,35.3,361,12.4,63.1,664,22.9,84,2.9,61.8,446,15.4,1.0,8.8,176,6.1,22.3,444,15.3,8.9,155,5.3,475,16.4,9
McNeese State,27,11,16,40.7,2019.0,74.8,50.8,99.1,688,1577,43.6,472,659,71.6,152,460,33.0,48.4,52.9,41.8,53.6,23.6,22.8,0.99,2000,74.1,50.2,969,35.9,37.0,366,13.6,63.5,603,22.3,97,3.6,49.1,338,12.5,0.68,10.6,214,7.9,24.7,498,18.4,7.3,108,4.0,675,25.0,30
Memphis,30,22,8,73.3,2054.0,68.5,53.3,105.7,736,1751,42.0,441,671,65.7,259,722,35.9,49.4,52.5,38.3,43.9,20.3,35.8,1.06,2172,72.4,52.7,1139,38.0,36.0,402,13.4,69.5,737,24.6,89,3.0,57.7,425,14.2,1.11,10.6,218,7.3,18.6,383,12.8,9.1,150,5.0,540,18.0,11
Mercer,30,12,18,40.0,2135.0,71.2,51.3,100.8,751,1735,43.3,424,614,69.1,227,611,37.2,49.8,53.1,35.4,48.7,19.7,31.6,1.01,2153,71.8,51.1,1105,36.8,37.0,400,13.3,65.2,705,23.5,82,2.7,54.5,409,13.6,0.8,8.3,177,5.9,23.9,510,17.0,5.3,98,3.3,528,17.6,7
Miami (FL),30,14,16,46.7,2102.0,70.1,53.0,102.2,793,1765,44.9,385,546,70.5,177,523,33.8,49.9,53.1,30.9,57.4,17.9,24.7,1.02,2148,71.6,51.4,1060,35.3,36.5,387,12.9,66.2,673,22.4,122,4.1,51.2,406,13.5,0.88,12.2,256,8.5,22.0,462,15.4,6.4,105,3.5,572,19.1,10
Miami (OH),29,18,11,62.1,1790.0,61.7,50.8,101.8,599,1482,40.4,438,624,70.2,187,599,31.2,46.7,51.3,42.1,45.2,24.0,30.8,1.02,1823,62.9,51.8,950,32.8,34.2,335,11.6,69.5,615,21.2,104,3.6,58.9,353,12.2,0.99,10.1,180,6.2,19.9,357,12.3,3.5,48,1.7,584,20.1,14
Michigan,34,23,11,67.6,2283.0,67.1,52.2,102.5,823,1831,44.9,503,723,69.6,192,575,33.4,50.2,53.8,39.5,53.9,21.5,24.6,1.03,2341,68.9,52.8,1219,35.9,35.4,398,11.7,70.3,821,24.1,115,3.4,54.1,445,13.1,0.88,11.3,259,7.6,22.2,507,14.9,8.5,158,4.6,586,17.2,8
Michigan State,30,18,12,60.0,1961.0,65.4,52.0,109.0,748,1519,49.2,452,586,77.1,190,474,40.1,55.5,59.5,38.6,52.2,21.1,26.7,1.09,2138,71.3,50.4,910,30.3,32.4,270,9.0,68.4,640,21.3,86,2.9,59.0,441,14.7,1.01,10.9,214,7.1,22.3,438,14.6,3.6,54,1.8,629,21.0,14
Middle Tennessee State,29,17,12,58.6,1977.0,68.2,51.4,102.9,694,1577,44.0,464,677,68.5,182,483,37.7,49.8,53.6,42.9,50.3,22.8,26.8,1.03,2034,70.1,51.3,1014,35.0,32.6,322,11.1,70.0,692,23.9,85,2.9,47.4,329,11.3,0.82,9.4,185,6.4,20.3,401,13.8,4.9,73,2.5,601,20.7,14
Milwaukee,31,20,11,64.5,2196.0,70.8,54.5,109.1,838,1757,47.7,505,716,70.5,214,575,37.2,53.8,57.1,40.8,52.1,21.1,26.8,1.09,2395,77.3,51.8,1107,35.7,36.4,381,12.3,67.2,726,23.4,86,2.8,62.2,521,16.8,1.08,9.0,197,6.4,21.9,481,15.5,6.8,118,3.8,649,20.9,10
Minnesota,30,12,18,40.0,2055.0,68.5,53.2,102.3,754,1759,42.9,425,595,71.4,169,539,31.4,47.7,51.5,33.8,55.7,20.2,24.1,1.02,2102,70.1,52.4,1088,36.3,36.5,402,13.4,68.3,686,22.9,103,3.4,59.7,450,15.0,1.09,10.0,206,6.9,20.1,413,13.8,8.4,140,4.7,554,18.5,15
Mississippi State,30,26,4,86.7,2134.0,71.1,56.9,108.6,822,1766,46.5,476,717,66.4,198,559,35.4,52.2,55.0,40.6,53.8,20.5,25.6,1.09,2318,77.3,55.0,1231,41.0,41.0,444,14.8,69.0,787,26.2,108,3.6,50.6,416,13.9,0.91,13.1,280,9.3,21.5,458,15.3,7.5,132,4.4,489,16.3,6
Mississippi Valley State,29,22,7,75.9,1943.0,67.0,55.4,101.9,709,1807,39.2,343,536,64.0,218,714,30.5,45.3,48.0,29.7,49.6,17.3,33.0,1.02,1979,68.2,51.0,1156,39.9,40.5,497,17.1,61.5,659,22.7,137,4.7,51.1,362,12.5,0.98,15.5,302,10.4,18.9,368,12.7,6.4,97,3.3,549,18.9,12
Missouri,30,16,14,53.3,2069.0,69.0,54.7,107.6,777,1743,44.6,464,654,70.9,208,592,35.1,50.5,54.2,37.5,51.1,20.8,28.0,1.08,2226,74.2,53.0,1135,37.8,38.8,412,13.7,67.3,723,24.1,92,3.1,53.8,418,13.9,0.97,8.2,169,5.6,20.9,432,14.4,7.5,128,4.3,574,19.1,18
Missouri State,33,19,14,57.6,2181.0,66.1,52.6,101.3,743,1696,43.8,580,844,68.7,143,409,35.0,48.0,52.7,49.8,54.3,26.3,19.4,1.01,2209,66.9,53.6,1215,36.8,36.7,407,12.3,70.6,808,24.5,104,3.2,51.5,383,11.6,0.78,11.3,247,7.5,22.4,489,14.8,4.9,83,2.5,672,20.4,22
Missouri-Kansas City,29,15,14,51.7,2012.0,69.4,51.7,106.6,721,1689,42.7,450,650,69.2,253,711,35.6,50.2,53.7,38.5,43.6,21.0,35.4,1.07,2145,74.0,47.8,984,33.9,31.1,339,11.7,64.5,645,22.2,75,2.6,56.6,408,14.1,1.13,12.0,241,8.3,17.9,360,12.4,5.1,82,2.8,567,19.6,18
Monmouth,33,21,12,63.6,2274.0,68.9,46.9,99.1,752,1802,41.7,513,693,74.0,236,675,35.0,48.3,52.9,38.5,45.8,22.8,31.4,0.99,2253,68.3,47.1,1088,33.0,26.5,303,9.2,67.6,785,23.8,115,3.5,60.4,454,13.8,1.02,11.1,252,7.6,19.6,446,13.5,4.5,84,2.5,579,17.5,12
Montana,28,10,18,35.7,1983.0,70.8,48.8,98.6,684,1523,44.9,413,588,70.2,174,505,34.5,50.6,54.2,38.6,52.2,21.1,26.7,0.99,1955,69.8,49.9,964,34.4,30.9,291,10.4,69.0,673,24.0,63,2.2,50.1,343,12.2,0.72,9.0,179,6.4,23.9,474,16.9,6.3,97,3.5,593,21.2,27
Montana State,27,14,13,51.9,1899.0,70.3,48.7,97.5,665,1479,45.0,352,551,63.9,170,481,35.3,50.7,53.2,37.3,53.5,19.0,27.5,0.98,1852,68.6,48.7,872,32.3,27.5,253,9.4,70.0,619,22.9,94,3.5,59.1,393,14.6,0.97,10.3,195,7.2,21.4,406,15.0,5.0,72,2.7,480,17.8,10
Morehead State,29,16,13,55.2,2005.0,69.1,53.0,108.8,757,1601,47.3,489,655,74.7,178,492,36.2,52.8,57.0,40.9,53.1,22.4,24.5,1.09,2181,75.2,49.3,980,33.8,32.1,300,10.3,66.5,680,23.4,126,4.3,56.9,431,14.9,1.09,10.1,202,7.0,19.7,394,13.6,2.9,52,1.8,464,16.0,8
Morgan State,27,11,16,40.7,1921.0,71.1,48.6,96.5,643,1470,43.7,397,640,62.0,171,459,37.3,49.6,52.3,43.5,50.9,21.4,27.7,0.97,1854,68.7,47.6,853,31.6,31.8,290,10.7,63.3,563,20.9,68,2.5,51.8,333,12.3,0.74,10.7,206,7.6,23.3,448,16.6,3.2,47,1.7,587,21.7,14
Mount St. Mary's,29,10,19,34.5,2015.0,69.5,49.9,97.2,695,1690,41.1,370,537,68.9,198,576,34.4,47.0,50.3,31.8,50.8,18.9,30.3,0.97,1958,67.5,49.8,1029,35.5,32.3,354,12.2,67.2,675,23.3,114,3.9,50.4,350,12.1,0.85,9.9,200,6.9,20.4,412,14.2,3.5,56,1.9,601,20.7,15
Murray State,34,28,6,82.4,2418.0,71.1,56.7,112.9,994,2009,49.5,518,730,71.0,224,659,34.0,55.1,57.9,36.3,56.4,19.0,24.6,1.13,2730,80.3,52.7,1261,37.1,36.2,416,12.2,69.3,845,24.9,70,2.1,64.0,636,18.7,1.34,11.2,271,8.0,19.7,476,14.0,7.4,146,4.3,613,18.0,10
Navy,28,5,23,17.9,1917.0,68.5,46.9,82.2,596,1513,39.4,265,458,57.9,118,395,29.9,43.3,45.5,30.3,60.7,16.8,22.5,0.82,1575,56.2,52.0,987,35.2,36.2,377,13.5,67.9,610,21.8,133,4.8,59.6,355,12.7,0.63,11.3,217,7.8,29.4,563,20.1,5.4,79,2.8,569,20.3,12
NC State,31,21,10,67.7,2073.0,66.9,51.1,109.1,760,1688,45.0,481,602,79.9,260,753,34.5,52.7,57.3,35.7,44.2,21.3,34.5,1.09,2261,72.9,49.7,1046,33.7,32.0,317,10.2,67.4,729,23.5,96,3.1,59.7,454,14.6,1.08,10.0,208,6.7,20.3,420,13.5,4.1,69,2.2,577,18.6,15
Nebraska,31,18,13,58.1,1995.0,64.4,54.5,109.5,765,1641,46.6,444,618,71.8,210,540,38.9,53.0,56.4,37.7,50.8,20.3,28.8,1.09,2184,70.5,51.8,1120,36.1,36.5,358,11.5,67.1,762,24.6,76,2.5,56.9,435,14.0,1.04,9.7,194,6.3,21.1,420,13.5,7.0,120,3.9,575,18.5,16
Nevada,34,25,9,73.5,2385.0,70.1,55.4,108.1,901,1991,45.3,605,830,72.9,172,501,34.3,49.6,54.1,41.7,56.5,23.5,20.0,1.08,2579,75.9,53.7,1322,38.9,37.1,449,13.2,70.3,873,25.7,106,3.1,53.1,478,14.1,1.07,9.1,218,6.4,18.7,445,13.1,7.8,154,4.5,624,18.4,10
New Hampshire,30,10,20,33.3,1963.0,65.4,47.6,92.3,642,1553,41.3,348,528,65.9,179,521,34.4,47.1,50.2,34.0,51.1,19.2,29.7,0.92,1811,60.4,49.9,1038,34.6,32.5,332,11.1,67.3,706,23.5,124,4.1,55.3,355,11.8,0.72,10.5,206,6.9,25.2,494,16.5,4.6,77,2.6,484,16.1,7
New Mexico,28,14,14,50.0,1801.0,64.3,50.9,108.2,640,1428,44.8,431,597,72.2,237,631,37.6,53.1,56.9,41.8,41.4,22.1,36.5,1.08,1948,69.6,50.5,917,32.8,31.0,273,9.8,70.0,644,23.0,93,3.3,61.4,393,14.0,1.07,8.9,160,5.7,20.4,367,13.1,5.9,86,3.1,500,17.9,11
New Mexico State,27,13,14,48.1,1785.0,66.1,51.3,99.9,625,1489,42.0,368,524,70.2,166,493,33.7,47.5,51.3,35.2,51.5,20.6,27.9,1.0,1784,66.1,50.6,958,35.5,36.1,345,12.8,65.2,613,22.7,76,2.8,51.7,323,12.0,0.81,8.9,159,5.9,22.4,400,14.8,7.9,115,4.3,461,17.1,12
New Orleans,31,17,14,54.8,2155.0,67.3,52.6,100.2,760,1825,41.6,455,709,64.2,185,522,35.4,46.7,50.0,38.8,53.2,21.1,25.7,1.0,2160,69.7,49.7,1158,37.4,34.3,412,13.3,65.1,746,24.1,118,3.8,47.8,363,11.7,0.9,9.4,202,6.5,18.7,404,13.0,6.2,112,3.6,580,18.7,17
Niagara,32,22,10,68.8,2350.0,73.4,55.4,111.1,863,1933,44.6,669,902,74.2,216,660,32.7,50.2,55.3,46.7,49.6,25.6,24.8,1.11,2611,81.6,52.3,1281,40.0,38.6,463,14.5,66.0,818,25.6,113,3.5,57.1,493,15.4,1.07,9.7,227,7.1,19.6,460,14.4,7.8,155,4.8,631,19.7,15
Nicholls State,27,6,21,22.2,1928.0,71.4,47.2,92.0,603,1529,39.4,387,562,68.9,181,542,33.4,45.4,49.4,36.8,47.6,21.8,30.6,0.92,1774,65.7,50.8,941,34.9,33.5,341,12.6,68.0,600,22.2,114,4.2,50.1,302,11.2,0.64,8.8,169,6.3,24.4,470,17.4,2.8,43,1.6,533,19.7,16
Norfolk State,29,12,17,41.4,1930.0,66.6,47.1,93.0,586,1493,39.2,467,649,72.0,155,490,31.6,44.4,49.8,43.5,48.0,26.0,25.9,0.93,1794,61.9,48.1,962,33.2,33.8,338,11.7,62.3,624,21.5,128,4.4,45.7,268,9.2,0.57,11.0,213,7.3,24.4,470,16.2,4.8,73,2.5,586,20.2,20
North Carolina,30,19,11,63.3,2265.0,75.5,56.3,108.8,877,1913,45.8,515,749,68.8,195,555,35.1,50.9,54.3,39.2,55.4,20.9,23.7,1.09,2464,82.1,53.3,1191,39.7,39.8,460,15.3,66.8,731,24.4,100,3.3,61.6,540,18.0,1.17,12.6,285,9.5,20.4,462,15.4,6.7,120,4.0,554,18.5,11
North Carolina A&T,28,3,25,10.7,2121.0,75.8,42.7,76.2,576,1597,36.1,334,593,56.3,131,506,25.9,40.2,43.0,37.1,55.0,20.7,24.3,0.76,1617,57.8,46.8,933,33.3,32.7,372,13.3,60.9,561,20.0,118,4.2,45.3,261,9.3,0.42,11.6,246,8.8,29.4,623,22.2,6.6,98,3.5,670,23.9,19
North Carolina-Asheville,29,9,20,31.0,1980.0,68.3,47.4,92.3,667,1653,40.4,301,440,68.4,192,606,31.7,46.2,49.1,26.6,52.0,16.5,31.5,0.92,1827,63.0,47.3,968,33.4,30.9,329,11.3,63.6,639,22.0,75,2.6,59.7,398,13.7,0.89,11.1,219,7.6,22.6,448,15.4,8.2,137,4.7,483,16.7,9
North Carolina-Greensboro,28,11,17,39.3,2035.0,72.7,51.0,100.4,757,1650,45.9,369,507,72.8,160,483,33.1,50.7,54.0,30.7,58.4,18.1,23.5,1.0,2043,73.0,47.9,972,34.7,34.0,327,11.7,61.8,645,23.0,83,3.0,49.8,377,13.5,0.8,11.6,236,8.4,23.3,474,16.9,7.0,120,4.3,524,18.7,12
North Carolina-Wilmington,30,15,15,50.0,1921.0,64.0,48.9,96.0,647,1584,40.8,363,537,67.6,187,554,33.8,46.7,50.1,33.9,49.9,19.7,30.4,0.96,1844,61.5,49.3,976,32.5,31.1,326,10.9,67.5,650,21.7,77,2.6,55.6,360,12.0,0.89,12.4,238,7.9,21.1,405,13.5,2.6,38,1.3,578,19.3,5
North Florida,1,0,1,0.0,83.0,83.0,39.8,86.7,24,52,46.2,15,18,83.3,9,25,36.0,54.8,59.5,34.6,41.7,20.8,37.5,0.87,72,72.0,53.0,36,36.0,31.0,9,9.0,75.0,27,27.0,3,3.0,66.7,16,16.0,0.52,13.3,11,11.0,37.3,31,31.0,3.5,2,2.0,22,22.0,0
North Texas,28,13,15,46.4,2025.0,72.3,52.9,100.2,720,1658,43.4,414,647,64.0,175,522,33.5,48.7,51.6,39.0,53.7,20.4,25.9,1.0,2029,72.5,51.7,1135,40.5,37.5,403,14.4,65.9,732,26.1,109,3.9,45.1,325,11.6,0.7,8.9,180,6.4,23.0,465,16.6,8.1,136,4.9,578,20.6,16
Northeastern,30,19,11,63.3,2217.0,73.9,51.9,102.9,772,1847,41.8,481,742,64.8,256,763,33.6,48.7,51.9,40.2,45.2,21.1,33.7,1.03,2281,76.0,49.2,1108,36.9,34.1,417,13.9,64.2,691,23.0,105,3.5,51.9,401,13.4,0.91,11.9,263,8.8,19.9,442,14.7,6.5,114,3.8,579,19.3,14
Northern Arizona,29,15,14,51.7,2134.0,73.6,49.1,103.2,764,1679,45.5,431,599,72.0,243,622,39.1,52.7,56.1,35.7,47.3,19.6,33.1,1.03,2202,75.9,49.0,1049,36.2,29.2,293,10.1,68.7,756,26.1,95,3.3,61.5,470,16.2,0.99,7.5,160,5.5,22.2,473,16.3,7.6,133,4.6,560,19.3,7
Northern Colorado,8,0,8,0.0,571.0,71.4,41.3,81.6,163,423,38.5,85,134,63.4,55,156,35.3,45.0,47.9,31.7,46.4,18.2,35.4,0.82,466,58.2,42.6,232,29.0,28.3,81,10.1,57.0,151,18.9,23,2.9,52.8,86,10.8,0.51,9.6,55,6.9,29.4,168,21.0,3.3,16,2.0,144,18.0,2
Northern Illinois,30,10,20,33.3,2022.0,67.4,50.6,100.4,696,1579,44.1,428,653,65.5,210,574,36.6,50.7,53.7,41.4,47.9,21.1,31.0,1.0,2030,67.7,50.8,1067,35.6,35.2,350,11.7,66.5,717,23.9,69,2.3,56.8,395,13.2,0.81,8.2,166,5.5,24.1,488,16.3,7.9,131,4.4,615,20.5,17
Northern Iowa,31,21,10,67.7,2066.0,66.6,48.8,103.9,723,1644,44.0,478,648,73.8,223,630,35.4,50.8,55.0,39.4,46.6,22.3,31.2,1.04,2147,69.3,48.8,1068,34.5,26.2,268,8.6,71.4,800,25.8,105,3.4,56.7,410,13.2,1.06,8.0,165,5.3,18.8,388,12.5,3.6,63,2.0,517,16.7,6
Northwestern,29,14,15,48.3,1780.0,61.4,48.0,100.4,633,1448,43.7,316,473,66.8,205,648,31.6,50.8,53.4,32.7,47.9,17.7,34.4,1.0,1787,61.6,43.1,766,26.4,24.1,219,7.6,62.1,547,18.9,101,3.5,68.6,434,15.0,1.32,13.4,238,8.2,18.4,328,11.3,2.9,43,1.5,452,15.6,15
Northwestern State,28,11,17,39.3,2132.0,76.1,51.5,97.5,739,1742,42.4,450,670,67.2,150,470,31.9,46.7,50.4,38.5,56.7,21.7,21.7,0.97,2078,74.2,51.2,1144,40.9,35.5,402,14.4,67.0,742,26.5,95,3.4,57.5,425,15.2,0.9,10.2,217,7.8,22.1,472,16.9,7.1,122,4.4,628,22.4,21
Notre Dame,32,19,13,59.4,2087.0,65.2,52.5,108.1,766,1823,42.0,460,631,72.9,265,740,35.8,49.3,53.2,34.6,44.4,20.4,35.2,1.08,2257,70.5,48.6,1122,35.1,31.9,363,11.3,65.2,759,23.7,91,2.8,56.7,434,13.6,1.32,9.0,187,5.8,15.8,329,10.3,7.4,139,4.3,475,14.8,10
Oakland,30,13,17,43.3,2190.0,73.0,52.6,102.1,796,1843,43.2,451,694,65.0,193,583,33.1,48.4,51.5,37.7,53.9,20.2,25.9,1.02,2236,74.5,49.5,1054,35.1,33.0,387,12.9,66.0,667,22.2,107,3.6,54.0,430,14.3,1.05,12.0,263,8.8,18.6,408,13.6,5.9,100,3.3,580,19.3,16
Ohio,30,10,20,33.3,2028.0,67.6,48.6,98.6,643,1601,40.2,499,692,72.1,215,610,35.2,46.9,51.8,43.2,42.8,24.9,32.3,0.99,2000,66.7,50.3,1037,34.6,33.7,353,11.8,66.9,684,22.8,111,3.7,52.7,339,11.3,0.75,9.0,183,6.1,22.2,450,15.0,3.9,64,2.1,591,19.7,19
Ohio State,30,14,16,46.7,1928.0,64.3,53.2,101.1,685,1544,44.4,433,667,64.9,147,431,34.1,49.1,52.4,43.2,55.2,22.2,22.6,1.01,1950,65.0,52.6,1009,33.6,37.4,369,12.3,67.8,640,21.3,83,2.8,51.1,350,11.7,0.8,10.2,197,6.6,22.7,437,14.6,4.6,71,2.4,589,19.6,22
Oklahoma,31,20,11,64.5,2048.0,66.1,51.9,100.4,714,1749,40.8,423,632,66.9,206,619,33.3,46.7,50.2,36.1,49.4,20.6,30.0,1.0,2057,66.4,49.3,1050,33.9,35.1,404,13.0,63.6,646,20.8,96,3.1,52.7,376,12.1,0.93,12.9,264,8.5,19.8,405,13.1,10.0,156,5.0,622,20.1,18
Oklahoma State,35,31,4,88.6,2369.0,67.7,58.1,113.9,1002,1953,51.3,528,760,69.5,166,441,37.6,55.6,58.3,38.9,62.0,19.6,18.5,1.14,2698,77.1,52.8,1253,35.8,37.6,405,11.6,68.1,848,24.2,105,3.0,56.0,561,16.0,1.2,11.4,271,7.7,19.8,468,13.4,6.7,128,3.7,655,18.7,16
Old Dominion,29,17,12,58.6,2099.0,72.4,52.0,101.8,760,1720,44.2,421,585,72.0,195,571,34.2,49.9,53.5,34.0,52.9,19.7,27.4,1.02,2136,73.7,51.4,1113,38.4,35.3,370,12.8,67.6,743,25.6,73,2.5,64.7,492,17.0,1.09,10.9,228,7.9,21.5,451,15.6,5.9,104,3.6,554,19.1,10
Ole Miss,28,13,15,46.4,1816.0,64.9,49.1,97.5,642,1476,43.5,320,492,65.0,166,495,33.5,49.1,51.8,33.3,53.8,18.1,28.1,0.97,1770,63.2,48.0,849,30.3,29.2,264,9.4,66.8,585,20.9,82,2.9,58.3,374,13.4,1.02,10.7,194,6.9,20.3,368,13.1,4.4,60,2.1,602,21.5,14
Oral Roberts,28,17,11,60.7,2048.0,73.1,52.5,110.6,776,1630,47.6,492,647,76.0,221,568,38.9,54.4,58.5,39.7,49.0,21.7,29.3,1.11,2265,80.9,50.8,977,34.9,31.8,297,10.6,69.9,680,24.3,73,2.6,61.7,479,17.1,1.16,8.9,183,6.5,20.2,414,14.8,3.4,56,2.0,536,19.1,19
Oregon,31,18,13,58.1,2187.0,70.5,50.2,106.2,787,1721,45.7,469,648,72.4,280,708,39.5,53.9,57.3,37.7,43.7,20.2,36.2,1.06,2323,74.9,48.7,1040,33.5,31.2,311,10.0,66.1,729,23.5,116,3.7,63.7,501,16.2,1.07,7.5,164,5.3,21.4,467,15.1,3.3,61,2.0,584,18.8,14
Oregon State,28,12,16,42.9,2033.0,72.6,51.8,99.3,728,1738,41.9,400,575,69.6,162,475,34.1,46.5,50.2,33.1,56.1,19.8,24.1,0.99,2018,72.1,50.2,1009,36.0,34.0,376,13.4,66.4,633,22.6,118,4.2,54.8,399,14.2,1.01,10.0,203,7.2,19.4,395,14.1,3.9,64,2.3,510,18.2,12
Pacific,33,25,8,75.8,2157.0,65.4,50.8,105.3,764,1633,46.8,549,746,73.6,195,546,35.7,52.8,57.2,45.7,50.1,24.2,25.7,1.05,2272,68.8,48.8,1101,33.4,30.8,304,9.2,66.8,797,24.2,107,3.2,62.6,478,14.5,1.01,9.0,194,5.9,21.8,471,14.3,5.5,103,3.1,561,17.0,4
Penn State,28,9,19,32.1,1794.0,64.1,48.8,91.0,585,1469,39.8,319,482,66.2,141,423,33.3,44.6,48.1,32.8,54.4,19.5,25.9,0.91,1632,58.3,52.0,980,35.0,36.2,348,12.4,67.7,632,22.6,117,4.2,57.9,339,12.1,0.77,7.9,141,5.0,24.7,443,15.8,4.4,70,2.5,439,15.7,9
Pennsylvania,27,17,10,63.0,1797.0,66.6,52.1,107.3,669,1478,45.3,355,516,68.8,236,594,39.7,53.2,56.0,34.9,44.9,18.4,36.7,1.07,1929,71.4,51.2,941,34.9,32.4,293,10.9,70.1,648,24.0,82,3.0,64.6,432,16.0,1.17,9.6,172,6.4,20.5,368,13.6,4.9,72,2.7,481,17.8,8
Pepperdine,31,15,16,48.4,2238.0,72.2,54.5,109.3,863,1891,45.6,498,696,71.6,222,613,36.2,51.5,55.1,36.8,52.4,20.4,27.2,1.09,2446,78.9,49.4,1059,34.2,32.9,378,12.2,65.9,681,22.0,126,4.1,50.9,439,14.2,1.13,9.7,218,7.0,17.3,388,12.5,4.4,77,2.5,604,19.5,13
Pittsburgh,36,31,5,86.1,2247.0,62.4,57.7,108.9,904,1921,47.1,488,747,65.3,150,490,30.6,51.0,53.7,38.9,61.7,20.0,18.4,1.09,2446,67.9,53.2,1320,36.7,40.5,466,12.9,65.9,854,23.7,129,3.6,57.9,523,14.5,1.15,9.6,215,6.0,20.2,454,12.6,8.5,169,4.7,533,14.8,5
Portland,28,11,17,39.3,1934.0,69.1,48.0,101.0,674,1581,42.6,398,553,72.0,207,529,39.1,49.2,53.0,35.0,47.8,20.4,31.8,1.01,1953,69.8,45.3,840,30.0,26.3,258,9.2,64.2,582,20.8,85,3.0,59.3,400,14.3,1.11,9.3,179,6.4,18.6,359,12.8,5.9,89,3.2,588,21.0,22
Portland State,27,11,16,40.7,1879.0,69.6,50.0,96.3,644,1433,44.9,407,615,66.2,115,375,30.7,49.0,52.5,42.9,58.5,22.5,19.1,0.96,1810,67.0,53.5,984,36.4,34.1,302,11.2,72.9,682,25.3,92,3.4,49.4,318,11.8,0.69,8.9,167,6.2,24.4,458,17.0,6.5,96,3.6,573,21.2,26
Prairie View A&M,27,7,20,25.9,1885.0,69.8,48.7,88.8,579,1472,39.3,417,667,62.5,98,328,29.9,42.7,46.8,45.3,57.5,24.9,17.6,0.89,1673,62.0,49.9,966,35.8,34.3,354,13.1,65.5,612,22.7,123,4.6,46.1,267,9.9,0.6,7.8,147,5.4,23.6,444,16.4,4.3,65,2.4,541,20.0,21
Princeton,28,20,8,71.4,1671.0,59.7,51.7,105.3,634,1319,48.1,323,454,71.1,169,500,33.8,54.5,57.3,34.4,52.8,18.4,28.8,1.05,1760,62.9,51.0,856,30.6,31.7,241,8.6,70.4,615,22.0,85,3.0,59.3,376,13.4,1.01,11.5,192,6.9,22.3,372,13.3,6.8,90,3.2,507,18.1,2
Providence,29,20,9,69.0,1939.0,66.9,52.3,106.2,717,1592,45.0,398,553,72.0,228,629,36.2,52.2,55.5,34.7,47.5,19.3,33.2,1.06,2060,71.0,50.1,976,33.7,36.4,342,11.8,63.8,634,21.9,83,2.9,63.7,457,15.8,1.06,13.6,264,9.1,22.3,433,14.9,8.8,143,4.9,469,16.2,11
Purdue,31,17,14,54.8,2006.0,64.7,51.0,100.3,700,1643,42.6,458,622,73.6,154,460,33.5,47.3,51.9,37.9,54.3,22.8,23.0,1.0,2012,64.9,50.2,1049,33.8,34.4,348,11.2,66.1,701,22.6,86,2.8,61.6,431,13.9,1.04,8.8,176,5.7,20.6,413,13.3,6.2,104,3.4,568,18.3,11
Quinnipiac,29,9,20,31.0,2122.0,73.2,49.6,99.9,759,1780,42.6,375,534,70.2,226,625,36.2,49.0,52.1,30.0,50.3,17.7,32.0,1.0,2119,73.1,49.7,1045,36.0,29.7,333,11.5,69.8,712,24.6,121,4.2,62.2,472,16.3,1.12,8.4,178,6.1,19.9,422,14.6,3.2,52,1.8,638,22.0,28
Radford,28,12,16,42.9,1962.0,70.1,49.7,97.4,674,1611,41.8,379,615,61.6,184,510,36.1,47.5,50.2,38.2,51.3,19.8,28.9,0.97,1911,68.2,48.5,969,34.6,30.2,320,11.4,66.7,649,23.2,128,4.6,46.9,316,11.3,0.81,11.8,231,8.2,19.8,388,13.9,5.4,83,3.0,542,19.4,10
Rhode Island,34,20,14,58.8,2279.0,67.0,55.8,102.8,847,2005,42.2,471,696,67.7,177,520,34.0,46.7,50.1,34.7,57.2,20.1,22.7,1.03,2342,68.9,55.2,1381,40.6,43.2,544,16.0,67.2,837,24.6,104,3.1,50.2,425,12.5,0.87,10.5,239,7.0,21.3,486,14.3,5.6,107,3.1,621,18.3,6
Rice,33,22,11,66.7,2346.0,71.1,52.1,104.3,867,1828,47.4,541,762,71.0,171,488,35.0,52.1,55.8,41.7,56.9,22.1,21.0,1.04,2446,74.1,49.5,1128,34.2,33.6,361,10.9,65.3,767,23.2,95,2.9,56.7,492,14.9,0.93,11.7,275,8.3,22.5,528,16.0,5.9,114,3.5,610,18.5,15
Richmond,33,20,13,60.6,2134.0,64.7,50.9,99.8,737,1793,41.1,467,648,72.1,188,607,31.0,46.3,50.7,36.1,51.6,21.9,26.5,1.0,2129,64.5,49.9,1164,35.3,34.1,396,12.0,65.6,768,23.3,69,2.1,55.1,406,12.3,0.94,11.0,235,7.1,20.2,432,13.1,8.3,143,4.3,617,18.7,9
Rider,31,17,14,54.8,2110.0,68.1,50.4,100.1,744,1783,41.7,398,567,70.2,226,666,33.9,48.1,51.5,31.8,49.1,18.8,32.1,1.0,2112,68.1,49.0,1128,36.4,31.9,364,11.7,66.0,764,24.6,112,3.6,55.9,416,13.4,1.0,10.2,215,6.9,19.6,414,13.4,4.6,83,2.7,538,17.4,9
Robert Morris,29,14,15,48.3,1911.0,65.9,49.0,104.1,696,1524,45.7,384,509,75.4,213,576,37.0,52.7,56.3,33.4,48.6,19.3,32.1,1.04,1989,68.6,47.6,925,31.9,27.1,243,8.4,68.0,682,23.5,94,3.2,49.4,344,11.9,0.88,7.5,143,4.9,20.6,393,13.6,3.5,58,2.0,511,17.6,15
Rutgers,33,20,13,60.6,2240.0,67.9,50.6,101.2,768,1846,41.6,491,697,70.4,239,657,36.4,48.1,52.0,37.8,46.7,21.7,31.6,1.01,2266,68.7,50.7,1225,37.1,34.2,405,12.3,67.2,820,24.8,105,3.2,56.4,433,13.1,0.92,9.3,209,6.3,21.1,472,14.3,10.4,196,5.9,608,18.4,15
Sacramento State,28,13,15,46.4,2021.0,72.2,49.6,98.4,672,1661,40.5,420,627,67.0,225,620,36.3,47.2,50.8,37.7,44.9,21.1,33.9,0.98,1989,71.0,49.0,1015,36.2,32.7,359,12.8,65.2,656,23.4,94,3.4,56.2,378,13.5,0.91,11.9,240,8.6,20.6,416,14.9,5.3,83,3.0,621,22.2,18
Sacred Heart,27,12,15,44.4,2011.0,74.5,51.6,98.8,744,1692,44.0,354,527,67.2,144,432,33.3,48.2,51.1,31.1,60.4,17.8,21.8,0.99,1986,73.6,50.2,997,36.9,34.0,355,13.1,66.3,642,23.8,98,3.6,52.6,391,14.5,0.9,10.4,210,7.8,21.7,436,16.1,6.9,110,4.1,542,20.1,14
Saint Louis,32,19,13,59.4,2038.0,63.7,47.4,98.4,692,1615,42.8,429,610,70.3,192,561,34.2,48.8,52.6,37.8,49.9,21.4,28.7,0.98,2005,62.7,47.7,994,31.1,25.7,264,8.2,69.7,730,22.8,111,3.5,61.7,427,13.3,1.06,11.1,227,7.1,19.8,404,12.6,3.0,49,1.5,555,17.3,11
Saint Mary's,31,19,12,61.3,2189.0,70.6,53.7,108.6,807,1733,46.6,541,752,71.9,222,594,37.4,53.0,56.9,43.4,49.2,22.8,28.0,1.09,2377,76.7,53.1,1184,38.2,37.7,397,12.8,68.5,787,25.4,100,3.2,49.1,396,12.8,0.78,9.3,204,6.6,23.2,508,16.4,5.6,100,3.2,594,19.2,13
Sam Houston State,28,13,15,46.4,2110.0,75.4,50.6,99.5,737,1650,44.7,471,676,69.7,155,484,32.0,49.4,53.3,41.0,55.4,22.4,22.1,1.0,2100,75.0,48.1,1030,36.8,33.7,347,12.4,62.4,683,24.4,84,3.0,71.9,530,18.9,1.08,11.3,239,8.5,23.4,493,17.6,6.8,119,4.2,563,20.1,13
Samford,28,12,16,42.9,1766.0,63.1,46.5,104.1,644,1318,48.9,286,399,71.7,264,673,39.2,58.9,61.0,30.3,41.3,15.6,43.1,1.04,1838,65.6,46.3,792,28.3,21.8,159,5.7,70.9,633,22.6,67,2.4,71.3,459,16.4,1.12,8.9,157,5.6,23.2,410,14.6,3.7,56,2.0,443,15.8,8
San Diego,30,4,26,13.3,2155.0,71.8,45.9,94.8,724,1600,45.3,385,571,67.4,209,514,40.7,51.8,54.6,35.7,50.4,18.9,30.7,0.95,2042,68.1,48.1,971,32.4,27.0,265,8.8,69.2,706,23.5,89,3.0,65.5,474,15.8,0.86,8.6,186,6.2,25.7,553,18.4,2.4,42,1.4,532,17.7,14
San Diego State,30,14,16,46.7,2087.0,69.6,53.3,101.8,786,1841,42.7,372,533,69.8,181,565,32.0,47.6,50.7,29.0,56.9,17.5,25.6,1.02,2125,70.8,51.7,1077,35.9,35.7,407,13.6,67.7,670,22.3,103,3.4,53.8,423,14.1,1.06,11.8,246,8.2,19.1,399,13.3,5.0,82,2.7,559,18.6,21
San Francisco,31,17,14,54.8,2094.0,67.5,50.8,96.3,745,1712,43.5,370,569,65.0,156,503,31.0,48.1,50.9,33.2,58.4,18.4,23.2,0.96,2016,65.0,51.2,1038,33.5,35.0,375,12.1,67.5,663,21.4,89,2.9,56.0,417,13.5,0.85,11.2,235,7.6,23.4,491,15.8,4.6,73,2.4,622,20.1,11
San Jose State,29,6,23,20.7,1870.0,64.5,48.1,95.1,652,1527,42.7,305,462,66.0,170,453,37.5,48.3,50.9,30.3,54.2,17.1,28.7,0.95,1779,61.3,48.0,856,29.5,29.3,268,9.2,66.6,588,20.3,80,2.8,55.4,361,12.4,0.94,9.0,169,5.8,20.6,386,13.3,3.3,47,1.6,576,19.9,24
Santa Clara,32,16,16,50.0,2095.0,65.5,50.6,100.4,729,1755,41.5,421,611,68.9,224,662,33.8,47.9,51.4,34.8,48.0,20.0,32.0,1.0,2103,65.7,51.5,1100,34.4,34.4,384,12.0,68.6,716,22.4,70,2.2,54.6,398,12.4,0.89,10.3,216,6.8,21.2,445,13.9,5.2,89,2.8,596,18.6,9
Savannah State,28,4,24,14.3,2048.0,73.1,47.9,82.6,643,1745,36.8,276,482,57.3,129,434,29.7,40.5,42.8,27.6,60.8,16.3,22.9,0.83,1691,60.4,48.2,1052,37.6,35.3,432,15.4,61.2,620,22.1,131,4.7,42.3,272,9.7,0.55,9.4,193,6.9,24.3,497,17.8,6.7,107,3.8,660,23.6,19
Seton Hall,31,21,10,67.7,2096.0,67.6,53.9,106.3,806,1759,45.8,435,609,71.4,181,521,34.7,51.0,54.4,34.6,56.1,19.5,24.4,1.06,2228,71.9,51.0,1134,36.6,34.3,359,11.6,67.7,775,25.0,108,3.5,50.4,406,13.1,1.01,9.9,207,6.7,19.2,403,13.0,5.3,95,3.1,569,18.4,9
Siena,30,14,16,46.7,2098.0,69.9,53.5,98.7,741,1828,40.5,437,643,68.0,152,471,32.3,44.7,48.5,35.2,56.9,21.1,22.0,0.99,2071,69.0,54.8,1228,40.9,39.9,476,15.9,69.8,752,25.1,120,4.0,58.8,436,14.5,0.97,9.6,202,6.7,21.4,448,14.9,5.7,96,3.2,623,20.8,18
SIU Edwardsville,1,0,1,0.0,78.0,78.0,33.8,71.8,22,49,44.9,9,12,75.0,3,13,23.1,48.0,51.2,24.5,67.9,16.1,16.1,0.72,56,56.0,33.1,24,24.0,14.8,4,4.0,51.3,20,20.0,3,3.0,40.9,9,9.0,0.32,9.0,7,7.0,35.9,28,28.0,6.2,4,4.0,22,22.0,2
South Alabama,28,12,16,42.9,1858.0,66.4,51.0,99.3,666,1592,41.8,297,456,65.1,216,638,33.9,48.6,51.0,28.6,48.8,16.1,35.1,0.99,1845,65.9,48.4,900,32.1,33.5,342,12.2,63.3,558,19.9,81,2.9,47.0,313,11.2,0.81,11.0,204,7.3,20.7,385,13.8,3.7,53,1.9,559,20.0,13
South Carolina,34,23,11,67.6,2298.0,67.6,53.0,103.7,846,1948,43.4,465,690,67.4,226,691,32.7,49.2,52.4,35.4,52.0,19.5,28.5,1.04,2383,70.1,49.0,1224,36.0,34.8,423,12.4,63.3,801,23.6,121,3.6,59.0,499,14.7,1.11,13.1,300,8.8,19.5,448,13.2,9.3,177,5.2,608,17.9,14
South Carolina State,29,18,11,62.1,1960.0,67.6,51.9,102.2,690,1533,45.0,477,659,72.4,146,444,32.9,49.8,54.3,43.0,54.3,23.8,21.9,1.02,2003,69.1,53.5,985,34.0,37.4,348,12.0,69.6,637,22.0,100,3.4,47.4,327,11.3,0.7,12.7,248,8.6,23.9,468,16.1,3.8,56,1.9,572,19.7,13
South Florida,27,7,20,25.9,1772.0,65.6,48.4,93.3,591,1379,42.9,349,534,65.4,123,385,31.9,47.3,50.7,38.7,56.6,21.1,22.3,0.93,1654,61.3,47.9,921,34.1,30.9,277,10.3,64.8,644,23.9,80,3.0,59.2,350,13.0,0.85,8.0,142,5.3,23.4,414,15.3,9.2,143,5.3,486,18.0,21
Southeast Missouri State,27,11,16,40.7,1806.0,66.9,52.2,106.2,687,1525,45.0,343,482,71.2,201,534,37.6,51.6,54.7,31.6,50.7,17.9,31.4,1.06,1918,71.0,49.4,861,31.9,30.8,280,10.4,67.9,581,21.5,94,3.5,53.4,367,13.6,1.12,10.0,181,6.7,18.2,329,12.2,4.0,59,2.2,456,16.9,10
Southeastern Louisiana,29,20,9,69.0,2044.0,70.5,52.9,104.3,743,1637,45.4,479,703,68.1,167,506,33.0,50.5,54.1,42.9,54.0,22.5,23.5,1.04,2132,73.5,51.4,1027,35.4,33.2,337,11.6,69.7,690,23.8,70,2.4,54.2,403,13.9,1.0,10.2,208,7.2,19.8,405,14.0,5.8,93,3.2,546,18.8,16
Southern Illinois,30,25,5,83.3,2001.0,66.7,55.3,106.5,787,1775,44.3,372,540,68.9,185,548,33.8,49.5,52.4,30.4,56.5,17.5,26.0,1.06,2131,71.0,51.1,1057,35.2,35.9,393,13.1,66.3,664,22.1,106,3.5,53.9,424,14.1,1.18,15.1,302,10.1,18.0,360,12.0,5.9,91,3.0,576,19.2,5
Southern Methodist,30,12,18,40.0,1968.0,65.6,49.5,98.4,693,1607,43.1,364,542,67.2,187,578,32.4,48.9,51.9,33.7,52.2,18.8,29.0,0.98,1937,64.6,47.0,949,31.6,31.8,320,10.7,62.2,629,21.0,78,2.6,54.0,374,12.5,0.85,11.4,225,7.5,22.3,438,14.6,5.2,88,2.9,475,15.8,7
Southern Miss,28,13,15,46.4,1900.0,67.9,50.5,95.6,652,1546,42.2,392,589,66.6,121,381,31.8,46.1,49.8,38.1,58.4,21.6,20.0,0.96,1817,64.9,52.5,1016,36.3,33.8,337,12.0,71.2,679,24.2,77,2.8,52.9,345,12.3,0.84,10.3,195,7.0,21.7,413,14.8,4.7,73,2.6,513,18.3,10
Southern University,28,12,16,42.9,1999.0,71.4,52.1,97.4,718,1636,43.9,381,609,62.6,130,422,30.8,47.9,50.6,37.2,60.4,19.6,20.0,0.97,1947,69.5,49.3,967,34.5,35.7,374,13.4,62.9,593,21.2,108,3.9,46.0,330,11.8,0.72,12.9,257,9.2,22.9,458,16.4,7.0,104,3.7,572,20.4,9
Southern Utah,28,10,18,35.7,1798.0,64.2,48.4,100.3,636,1324,48.0,354,528,67.0,178,420,42.4,54.8,57.3,39.9,50.8,19.6,29.6,1.0,1804,64.4,44.8,789,28.2,26.6,211,7.5,63.0,578,20.6,76,2.7,52.0,331,11.8,0.78,12.2,219,7.8,23.7,427,15.2,4.4,65,2.3,501,17.9,12
St. Bonaventure,28,7,21,25.0,1977.0,70.6,48.8,96.3,683,1739,39.3,316,442,71.5,222,692,32.1,45.7,48.8,25.4,48.4,16.6,35.0,0.96,1904,68.0,45.6,919,32.8,30.8,346,12.4,60.4,573,20.5,74,2.6,51.7,353,12.6,0.96,10.7,212,7.6,18.6,368,13.1,3.3,54,1.9,542,19.4,20
St. Francis (NY),28,15,13,53.6,2005.0,71.6,48.7,99.6,702,1644,42.7,335,504,66.5,258,720,35.8,50.5,53.0,30.7,44.5,16.8,38.8,1.0,1997,71.3,48.9,981,35.0,29.7,307,11.0,68.0,674,24.1,93,3.3,53.7,377,13.5,0.88,12.0,241,8.6,21.3,428,15.3,7.5,115,4.1,597,21.3,15
St. Francis (PA),28,13,15,46.4,1843.0,65.8,51.5,101.6,654,1490,43.9,420,574,73.2,145,392,37.0,48.8,53.1,38.5,54.4,22.4,23.2,1.02,1873,66.9,49.3,879,31.4,33.7,312,11.1,64.9,567,20.2,109,3.9,49.8,326,11.6,0.85,9.9,182,6.5,20.9,385,13.8,3.7,57,2.0,443,15.8,7
St. John's,27,6,21,22.2,1825.0,67.6,51.4,91.7,638,1608,39.7,277,432,64.1,120,381,31.5,43.4,46.1,26.9,61.9,16.6,21.5,0.92,1673,62.0,50.3,995,36.9,38.2,401,14.9,62.4,594,22.0,106,3.9,45.5,290,10.7,0.7,11.9,217,8.0,22.7,414,15.3,7.7,117,4.3,483,17.9,12
St. Joseph's (PA),32,30,2,93.8,2175.0,68.0,53.5,113.8,866,1822,47.5,431,614,70.2,313,775,40.4,56.1,58.6,33.7,44.7,17.4,37.9,1.14,2476,77.4,46.5,1043,32.6,29.2,308,9.6,63.8,735,23.0,97,3.0,60.3,522,16.3,1.41,13.4,291,9.1,17.1,371,11.6,6.2,110,3.4,545,17.0,3
St. Peter's,29,17,12,58.6,2076.0,71.6,51.9,105.8,730,1764,41.4,477,680,70.1,259,727,35.6,48.7,52.6,38.5,42.9,21.7,35.4,1.06,2196,75.7,47.8,1025,35.3,33.6,381,13.1,61.9,644,22.2,123,4.2,50.7,370,12.8,0.98,9.8,203,7.0,18.2,378,13.0,5.9,100,3.4,604,20.8,21
Stanford,32,30,2,93.8,2156.0,67.4,54.7,109.3,849,1771,47.9,489,651,75.1,169,464,36.4,52.7,56.6,36.8,57.7,20.8,21.5,1.09,2356,73.6,53.7,1178,36.8,37.0,366,11.4,70.5,812,25.4,76,2.4,60.5,514,16.1,1.14,9.5,204,6.4,20.9,451,14.1,8.1,142,4.4,569,17.8,8
Stephen F. Austin,30,21,9,70.0,2044.0,68.1,53.3,104.6,786,1715,45.8,387,548,70.6,179,481,37.2,51.0,54.1,32.0,56.8,18.1,25.1,1.05,2138,71.3,51.0,1002,33.4,34.8,350,11.7,67.1,652,21.7,96,3.2,48.5,381,12.7,0.91,13.0,266,8.9,20.4,417,13.9,3.1,45,1.5,616,20.5,15
Stetson,27,12,15,44.4,1904.0,70.5,51.7,96.4,650,1592,40.8,415,595,69.7,120,405,29.6,44.6,48.9,37.4,57.8,22.6,19.6,0.96,1835,68.0,51.0,980,36.3,37.7,385,14.3,64.3,595,22.0,114,4.2,46.2,300,11.1,0.73,13.8,262,9.7,21.5,410,15.2,3.8,59,2.2,497,18.4,15
Stony Brook,30,10,20,33.3,1980.0,66.0,49.0,94.8,664,1568,42.3,416,604,68.9,133,421,31.6,46.6,50.6,38.5,56.6,22.2,21.3,0.95,1877,62.6,49.9,980,32.7,32.7,328,10.9,67.1,652,21.7,84,2.8,48.2,320,10.7,0.7,11.1,219,7.3,23.0,456,15.2,4.7,76,2.5,551,18.4,9
Syracuse,31,23,8,74.2,2112.0,68.1,57.1,107.2,847,1829,46.3,430,669,64.3,141,430,32.8,50.2,52.8,36.6,62.3,19.0,18.7,1.07,2265,73.1,50.0,1178,38.0,37.8,423,13.6,62.2,755,24.4,121,3.9,54.9,465,15.0,1.18,11.1,235,7.6,18.7,395,12.7,11.2,205,6.6,554,17.9,12
TCU,29,12,17,41.4,1993.0,68.7,49.0,97.4,660,1593,41.4,436,645,67.6,185,555,33.3,47.2,51.1,40.5,48.9,22.5,28.6,0.97,1941,66.9,49.1,1013,34.9,31.6,331,11.4,66.6,682,23.5,67,2.3,55.5,366,12.6,0.86,8.9,177,6.1,21.5,428,14.8,4.2,70,2.4,562,19.4,9
Temple,29,15,14,51.7,1825.0,62.9,54.5,103.5,657,1717,38.3,373,572,65.2,202,721,28.0,44.1,47.5,33.3,48.2,19.7,32.1,1.04,1889,65.1,51.3,1054,36.3,36.5,421,14.5,66.1,633,21.8,100,3.4,38.2,251,8.7,0.97,13.3,243,8.4,14.2,260,9.0,5.5,83,2.9,476,16.4,10
Tennessee,29,15,14,51.7,1991.0,68.7,52.6,103.6,702,1592,44.1,499,688,72.5,160,461,34.7,49.1,53.8,43.2,52.5,24.2,23.3,1.04,2063,71.1,51.6,1067,36.8,36.9,365,12.6,66.4,702,24.2,81,2.8,61.8,434,15.0,1.0,8.7,173,6.0,21.8,435,15.0,5.7,96,3.3,531,18.3,5
Tennessee State,28,7,21,25.0,1927.0,68.8,50.6,100.3,703,1693,41.5,299,444,67.3,227,641,35.4,48.2,50.7,26.2,49.3,15.5,35.2,1.0,1932,69.0,46.0,860,30.7,30.3,324,11.6,61.7,536,19.1,92,3.3,56.3,396,14.1,1.18,10.3,199,7.1,17.4,335,12.0,3.2,47,1.7,580,20.7,23
Tennessee Tech,28,13,15,46.4,2009.0,71.8,53.2,107.0,778,1714,45.4,363,507,71.6,231,628,36.8,52.1,55.0,29.6,50.9,16.9,32.2,1.07,2150,76.8,51.7,1024,36.6,34.6,352,12.6,68.9,672,24.0,93,3.3,55.5,432,15.4,1.06,9.5,191,6.8,20.4,409,14.6,3.7,60,2.1,552,19.7,9
Tennessee-Martin,28,10,18,35.7,2026.0,72.4,51.6,100.5,737,1683,43.8,384,570,67.4,179,563,31.8,49.1,52.1,33.9,54.8,18.9,26.4,1.01,2037,72.8,49.9,1031,36.8,34.5,360,12.9,65.4,671,24.0,91,3.2,59.6,439,15.7,1.0,11.3,229,8.2,21.8,441,15.8,4.5,75,2.7,539,19.2,20
Texas,33,25,8,75.8,2262.0,68.5,58.9,111.8,904,2046,44.2,494,726,68.0,227,610,37.2,49.7,52.9,35.5,53.5,19.5,26.9,1.12,2529,76.6,54.6,1355,41.1,41.9,529,16.0,67.4,826,25.0,100,3.0,49.4,447,13.5,1.15,9.7,219,6.6,17.2,388,11.8,6.7,125,3.8,643,19.5,8
Texas A&M,28,7,21,25.0,1960.0,70.0,54.2,102.7,703,1693,41.5,436,637,68.4,171,526,32.5,46.6,50.4,37.6,52.9,21.7,25.5,1.03,2013,71.9,54.7,1065,38.0,40.3,441,15.8,69.2,624,22.3,104,3.7,59.0,415,14.8,1.0,8.8,173,6.2,21.3,417,14.9,2.3,35,1.2,592,21.1,11
Texas A&M-Corpus Christi,26,15,11,57.7,1837.0,70.7,54.1,103.5,689,1482,46.5,404,568,71.1,119,357,33.3,50.5,54.3,38.3,60.0,21.3,18.8,1.03,1901,73.1,55.3,969,37.3,40.5,356,13.7,70.1,613,23.6,90,3.5,59.7,411,15.8,0.92,10.3,189,7.3,24.4,448,17.2,3.0,43,1.7,463,17.8,7
Texas Southern,29,14,15,48.3,2108.0,72.7,47.8,91.0,636,1545,41.2,538,822,65.5,108,401,26.9,44.7,49.5,53.2,55.1,28.1,16.9,0.91,1918,66.1,51.6,1082,37.3,35.4,363,12.5,67.8,719,24.8,99,3.4,46.9,298,10.3,0.55,9.7,204,7.0,25.9,545,18.8,4.5,75,2.6,567,19.6,9
Texas State,28,13,15,46.4,1871.0,66.8,51.1,103.3,669,1531,43.7,385,526,73.2,210,597,35.2,50.6,54.3,34.4,47.5,19.9,32.6,1.03,1933,69.0,50.2,941,33.6,35.1,326,11.6,65.3,615,22.0,63,2.2,60.5,405,14.5,0.97,10.4,195,7.0,22.3,417,14.9,3.8,56,2.0,599,21.4,12
Texas Tech,34,23,11,67.6,2356.0,69.3,54.3,105.7,922,1982,46.5,521,703,74.1,125,371,33.7,49.7,53.8,35.5,64.0,20.9,15.1,1.06,2490,73.2,48.6,1153,33.9,33.1,385,11.3,64.1,768,22.6,132,3.9,54.8,505,14.9,1.19,11.8,278,8.2,18.0,424,12.5,6.1,117,3.4,562,16.5,10
Texas-Arlington,29,17,12,58.6,2022.0,69.7,51.4,103.7,704,1518,46.4,555,745,74.5,134,367,36.5,50.8,56.0,49.1,54.4,26.5,19.2,1.04,2097,72.3,51.6,1007,34.7,35.2,324,11.2,68.0,683,23.6,100,3.4,50.4,355,12.2,0.74,9.5,193,6.7,23.8,481,16.6,5.2,85,2.9,511,17.6,8
Texas-El Paso,32,24,8,75.0,2252.0,70.4,53.0,110.1,834,1748,47.7,614,817,75.2,197,513,38.4,53.3,58.0,46.7,51.4,24.8,23.8,1.1,2479,77.5,48.7,1106,34.6,31.9,328,10.2,65.5,778,24.3,96,3.0,62.7,523,16.3,1.18,10.1,228,7.1,19.8,445,13.9,4.6,86,2.7,570,17.8,9
Texas-Pan American,28,14,14,50.0,2041.0,72.9,50.0,98.2,661,1649,40.1,465,663,70.1,218,643,33.9,46.7,51.0,40.2,44.2,23.2,32.6,0.98,2005,71.6,51.6,1101,39.3,35.5,392,14.0,67.7,709,25.3,89,3.2,57.5,380,13.6,0.83,11.0,224,8.0,22.3,456,16.3,5.3,85,3.0,578,20.6,15
Texas-San Antonio,33,19,14,57.6,2408.0,73.0,49.9,99.7,813,1896,42.9,540,775,69.7,234,648,36.1,49.1,53.0,40.9,48.2,22.5,29.2,1.0,2400,72.7,50.4,1242,37.6,34.2,415,12.6,66.6,827,25.1,110,3.3,51.8,421,12.8,0.75,10.4,251,7.6,23.4,564,17.1,5.0,99,3.0,635,19.2,18
Toledo,31,20,11,64.5,2228.0,71.9,52.3,106.8,836,1794,46.6,482,671,71.8,225,576,39.1,52.9,56.3,37.4,51.4,20.3,28.4,1.07,2379,76.7,48.6,1045,33.7,32.3,342,11.0,64.9,703,22.7,77,2.5,54.8,458,14.8,1.0,10.8,240,7.7,20.6,460,14.8,4.4,76,2.5,678,21.9,8
Towson,29,8,21,27.6,1933.0,66.7,47.6,91.7,618,1568,39.4,379,572,66.3,157,471,33.3,44.4,48.2,36.5,52.0,21.4,26.6,0.92,1772,61.1,47.9,977,33.7,32.3,342,11.8,63.5,635,21.9,89,3.1,62.5,386,13.3,0.86,10.0,193,6.7,23.2,448,15.4,7.3,117,4.0,551,19.0,15
Troy,31,24,7,77.4,2263.0,73.0,56.4,116.0,934,2104,44.4,392,545,71.9,364,1015,35.9,53.0,55.5,25.9,43.4,14.9,41.6,1.16,2624,84.6,49.4,1173,37.8,36.1,450,14.5,62.7,723,23.3,82,2.6,58.6,547,17.6,1.57,15.6,354,11.4,15.4,349,11.3,6.2,119,3.8,445,14.4,6
Tulane,28,11,17,39.3,1949.0,69.6,50.0,93.9,652,1594,40.9,366,568,64.4,160,494,32.4,45.9,49.1,35.6,53.8,20.0,26.2,0.94,1830,65.4,49.9,1109,39.6,35.6,378,13.5,64.2,731,26.1,99,3.5,61.3,400,14.3,0.86,8.9,174,6.2,23.8,464,16.6,7.2,121,4.3,528,18.9,14
Tulsa,29,9,20,31.0,2034.0,70.1,48.7,97.4,724,1653,43.8,362,544,66.5,172,517,33.3,49.0,51.8,32.9,55.7,18.3,26.0,0.97,1982,68.3,45.5,975,33.6,26.5,271,9.3,64.5,704,24.3,87,3.0,46.4,336,11.6,0.86,10.6,216,7.4,19.3,392,13.5,6.5,110,3.8,549,18.9,20
UAB,32,22,10,68.8,2346.0,73.3,52.6,102.9,882,2006,44.0,437,656,66.6,213,646,33.0,49.3,52.1,32.7,55.4,18.1,26.5,1.03,2414,75.4,47.3,1119,35.0,32.1,401,12.5,62.4,718,22.4,105,3.3,63.9,564,17.6,1.31,15.8,371,11.6,18.4,431,13.5,6.5,115,3.6,679,21.2,12
UC Davis,1,0,1,0.0,70.0,70.0,38.2,88.6,19,53,35.8,16,19,84.2,8,22,36.4,43.4,50.0,35.8,35.5,25.8,38.7,0.89,62,62.0,36.0,20,20.0,20.0,7,7.0,52.0,13,13.0,3,3.0,68.4,13,13.0,0.87,14.3,10,10.0,21.4,15,15.0,0.0,0,0.0,27,27.0,1
UC Irvine,28,11,17,39.3,1789.0,63.9,49.9,99.6,611,1346,45.4,405,591,68.5,155,409,37.9,51.2,54.8,43.9,51.2,22.7,26.1,1.0,1782,63.6,50.7,925,33.0,34.3,286,10.2,67.1,639,22.8,92,3.3,62.7,383,13.7,0.85,8.8,158,5.6,25.2,450,16.1,4.7,70,2.5,541,19.3,13
UC Riverside,28,11,17,39.3,1907.0,68.1,49.4,101.3,681,1537,44.3,388,542,71.6,182,569,32.0,50.2,53.8,35.3,51.7,20.1,28.3,1.01,1932,69.0,47.3,868,31.0,29.2,271,9.7,65.4,597,21.3,100,3.6,51.0,347,12.4,0.89,9.4,179,6.4,20.4,389,13.9,5.7,86,3.1,540,19.3,15
UC-Santa Barbara,28,16,12,57.1,1823.0,65.1,52.1,101.3,651,1453,44.8,381,576,66.1,164,426,38.5,50.4,53.5,39.6,52.7,20.6,26.6,1.01,1847,66.0,52.6,973,34.8,35.7,322,11.5,69.6,651,23.2,70,2.5,59.1,385,13.8,0.93,10.5,191,6.8,22.7,414,14.8,4.1,58,2.1,525,18.8,12
UCF,31,25,6,80.6,2072.0,66.8,53.2,105.3,792,1732,45.7,365,510,71.6,232,658,35.3,52.4,55.2,29.4,51.4,16.7,31.9,1.05,2181,70.4,52.8,1129,36.4,37.3,382,12.3,68.3,747,24.1,101,3.3,65.7,520,16.8,1.1,13.5,279,9.0,22.8,473,15.3,8.6,141,4.5,572,18.5,8
UCLA,28,11,17,39.3,1886.0,67.4,51.7,98.8,698,1510,46.2,340,530,64.2,127,386,32.9,50.4,52.9,35.1,61.3,18.3,20.5,0.99,1863,66.5,50.5,965,34.5,34.4,312,11.1,66.6,653,23.3,82,2.9,57.9,404,14.4,0.91,6.7,127,4.5,23.4,442,15.8,4.5,73,2.6,516,18.4,17
UIC,32,24,8,75.0,2114.0,66.1,56.0,105.2,810,1797,45.1,445,700,63.6,158,410,38.5,49.5,52.2,39.0,58.7,20.0,21.3,1.05,2223,69.5,52.6,1125,35.2,38.1,423,13.2,67.2,702,21.9,117,3.7,57.8,468,14.6,1.16,11.7,247,7.7,19.2,405,12.7,5.1,85,2.7,572,17.9,10
UNLV,31,18,13,58.1,2179.0,70.3,51.5,105.3,801,1690,47.4,505,717,70.4,187,518,36.1,52.9,56.5,42.4,53.5,22.0,24.5,1.05,2294,74.0,47.9,1042,33.6,30.6,312,10.1,65.2,730,23.5,109,3.5,56.3,451,14.5,0.96,9.5,207,6.7,21.7,472,15.2,6.0,108,3.5,587,18.9,16
USC,28,13,15,46.4,2110.0,75.4,51.2,100.0,746,1727,43.2,428,646,66.3,191,621,30.8,48.7,51.9,37.4,52.6,20.3,27.1,1.0,2111,75.4,50.6,1020,36.4,32.9,358,12.8,68.3,662,23.6,98,3.5,51.3,383,13.7,0.89,11.8,249,8.9,20.3,428,15.3,5.7,93,3.3,575,20.5,19
Utah,33,24,9,72.7,1993.0,60.4,53.7,107.1,768,1630,47.1,402,556,72.3,196,506,38.7,53.1,56.3,34.1,53.6,18.8,27.6,1.07,2134,64.7,54.8,1140,34.5,37.4,355,10.8,72.2,785,23.8,91,2.8,55.5,426,12.9,0.92,7.3,146,4.4,23.2,463,14.0,6.7,111,3.4,566,17.2,8
Utah State,29,25,4,86.2,1736.0,59.9,57.6,115.7,711,1397,50.9,419,582,72.0,168,419,40.1,56.9,60.0,41.7,54.1,20.9,25.1,1.16,2009,69.3,54.2,952,32.8,39.1,307,10.6,69.4,645,22.2,83,2.9,62.7,446,15.4,1.21,8.8,153,5.3,21.3,370,12.8,5.6,85,2.9,415,14.3,3
Utah Valley University,3,0,3,0.0,206.0,68.7,47.3,87.9,68,177,38.4,32,40,80.0,13,51,25.5,42.1,46.2,22.6,60.8,17.7,21.5,0.88,181,60.3,47.4,92,30.7,33.0,37,12.3,61.8,55,18.3,11,3.7,41.2,28,9.3,0.62,10.7,22,7.3,21.8,45,15.0,3.7,6,2.0,67,22.3,2
Valparaiso,31,18,13,58.1,2227.0,71.8,50.6,99.6,765,1740,44.0,522,740,70.5,165,535,30.8,48.7,53.0,42.5,54.1,23.5,22.3,1.0,2217,71.5,51.0,1183,38.2,33.3,368,11.9,68.7,815,26.3,112,3.6,62.0,474,15.3,0.95,9.4,210,6.8,22.5,500,16.1,5.4,97,3.1,692,22.3,18
Vanderbilt,33,23,10,69.7,2229.0,67.5,52.7,108.3,841,1873,44.9,469,660,71.1,263,716,36.7,51.9,55.2,35.2,47.9,19.4,32.7,1.08,2414,73.2,50.2,1150,34.8,32.5,367,11.1,67.9,783,23.7,109,3.3,64.3,541,16.4,1.29,11.1,248,7.5,18.8,419,12.7,6.2,112,3.4,576,17.5,8
Vermont,31,22,9,71.0,2025.0,65.3,51.4,101.0,734,1738,42.2,374,551,67.9,203,617,32.9,48.1,51.1,31.7,51.9,18.3,29.8,1.01,2045,66.0,52.0,1125,36.3,32.5,360,11.6,71.6,765,24.7,81,2.6,60.9,447,14.4,1.15,10.7,217,7.0,19.2,389,12.5,5.1,87,2.8,477,15.4,5
Villanova,35,18,17,51.4,2377.0,67.9,51.8,104.0,852,1890,45.1,528,724,72.9,239,666,35.9,51.4,55.3,38.3,49.6,21.4,29.0,1.04,2471,70.6,51.2,1274,36.4,36.9,421,12.0,65.4,853,24.4,141,4.0,57.7,492,14.1,0.86,8.8,209,6.0,23.9,569,16.3,7.4,146,4.2,669,19.1,25
Virginia,31,18,13,58.1,2240.0,72.3,51.8,102.9,807,1811,44.6,499,732,68.2,192,578,33.2,49.9,53.4,40.4,53.4,21.6,25.0,1.03,2305,74.4,46.0,1070,34.5,32.0,357,11.5,59.9,713,23.0,98,3.2,55.9,451,14.5,1.03,9.6,215,6.9,19.6,438,14.1,6.9,132,4.3,621,20.0,18
Virginia Commonwealth,31,23,8,74.2,2127.0,68.6,53.6,103.5,811,1707,47.5,372,614,60.6,208,530,39.2,53.6,55.1,36.0,54.8,16.9,28.3,1.04,2202,71.0,52.5,1159,37.4,36.3,377,12.2,68.7,782,25.2,104,3.4,50.2,407,13.1,0.8,9.8,209,6.7,24.0,510,16.5,6.8,120,3.9,549,17.7,12
Virginia Military Institute,28,6,22,21.4,1910.0,68.2,44.5,84.2,593,1471,40.3,299,472,63.3,123,469,26.2,44.5,47.4,32.1,58.5,18.6,22.9,0.84,1608,57.4,47.3,909,32.5,30.0,288,10.3,64.6,621,22.2,89,3.2,59.0,350,12.5,0.69,10.8,206,7.4,26.5,507,18.1,4.8,77,2.8,484,17.3,15
Virginia Tech,29,15,14,51.7,1988.0,68.6,53.4,97.1,700,1702,41.1,391,653,59.9,140,460,30.4,45.2,48.0,38.4,58.0,20.2,21.8,0.97,1931,66.6,50.9,1007,34.7,36.6,415,14.3,65.2,592,20.4,108,3.7,54.9,384,13.2,0.99,15.0,298,10.3,19.5,387,13.3,6.6,99,3.4,541,18.7,16
Wagner,29,13,16,44.8,1994.0,68.8,51.1,96.9,666,1612,41.3,429,653,65.7,171,528,32.4,46.6,50.3,40.5,51.2,22.2,26.6,0.97,1932,66.6,53.6,1189,41.0,36.8,394,13.6,70.5,795,27.4,101,3.5,50.8,338,11.7,0.73,7.0,139,4.8,23.3,464,16.0,5.3,96,3.3,471,16.2,5
Wake Forest,31,21,10,67.7,2296.0,74.1,56.2,112.8,882,1854,47.6,590,829,71.2,236,611,38.6,53.9,57.6,44.7,49.9,22.8,27.3,1.13,2590,83.5,52.1,1148,37.0,38.0,417,13.5,66.2,731,23.6,80,2.6,55.2,487,15.7,1.07,12.1,277,8.9,19.9,457,14.7,5.2,95,3.1,639,20.6,20
Washington,31,19,12,61.3,2372.0,76.5,53.4,107.2,890,1911,46.6,562,788,71.3,201,569,35.3,51.8,55.6,41.2,54.2,22.1,23.7,1.07,2543,82.0,50.0,1103,35.6,34.3,382,12.3,65.6,721,23.3,99,3.2,56.3,501,16.2,1.06,9.5,226,7.3,19.9,472,15.2,4.9,91,2.9,667,21.5,25
Washington State,29,13,16,44.8,1743.0,60.1,47.6,96.3,586,1466,40.0,325,434,74.9,181,540,33.5,46.1,50.2,29.6,48.3,19.4,32.4,0.96,1678,57.9,49.4,844,29.1,30.0,280,9.7,68.8,564,19.4,86,3.0,56.0,328,11.3,0.93,10.1,176,6.1,20.2,352,12.1,3.7,51,1.8,503,17.3,12
Weber State,29,15,14,51.7,1891.0,65.2,51.5,104.7,669,1489,44.9,466,658,70.8,176,455,38.7,50.8,55.0,44.2,49.8,23.5,26.7,1.05,1980,68.3,52.4,952,32.8,32.3,299,10.3,72.6,653,22.5,54,1.9,50.8,340,11.7,0.87,7.5,141,4.9,20.6,389,13.4,1.6,24,0.8,522,18.0,8
West Virginia,31,17,14,54.8,2013.0,64.9,48.8,101.1,706,1631,43.3,387,557,69.5,236,656,36.0,50.5,53.7,34.2,46.2,19.0,34.8,1.01,2035,65.6,45.1,968,31.2,27.9,287,9.3,62.2,681,22.0,105,3.4,63.6,449,14.5,1.12,11.4,229,7.4,20.0,402,13.0,10.0,176,5.7,473,15.3,11
Western Carolina,28,13,15,46.4,2076.0,74.1,49.6,100.8,710,1527,46.5,522,715,73.0,150,442,33.9,51.4,56.0,46.8,53.5,25.0,21.5,1.01,2092,74.7,49.1,978,34.9,32.9,302,10.8,65.2,676,24.1,95,3.4,55.1,391,14.0,0.76,11.8,246,8.8,24.7,512,18.3,3.3,54,1.9,533,19.0,14
Western Illinois,28,3,25,10.7,1988.0,71.0,44.1,92.8,613,1430,42.9,435,622,69.9,183,510,35.9,49.3,53.4,43.5,46.6,23.6,29.8,0.93,1844,65.9,45.0,829,29.6,25.8,235,8.4,64.1,594,21.2,89,3.2,61.7,378,13.5,0.77,8.7,173,6.2,24.8,493,17.6,2.2,37,1.3,499,17.8,10
Western Kentucky,28,15,13,53.6,1951.0,69.7,57.1,109.5,762,1621,47.0,415,668,62.1,198,534,37.1,53.1,55.1,41.2,52.8,19.4,27.8,1.1,2137,76.3,55.3,1085,38.8,40.6,407,14.5,70.1,678,24.2,70,2.5,53.1,405,14.5,0.95,9.2,180,6.4,21.9,428,15.3,4.2,64,2.3,575,20.5,17
Western Michigan,31,26,5,83.9,2146.0,69.2,57.5,113.4,845,1840,45.9,527,731,72.1,217,585,37.1,51.8,55.6,39.7,51.6,21.7,26.7,1.13,2434,78.5,54.6,1177,38.0,40.1,449,14.5,69.1,728,23.5,132,4.3,56.1,474,15.3,1.15,12.9,276,8.9,19.2,411,13.3,5.0,83,2.7,600,19.4,16
Wichita State,32,21,11,65.6,2182.0,68.2,51.5,105.3,791,1709,46.3,499,674,74.0,216,588,36.7,52.6,56.6,39.4,50.1,21.7,28.2,1.05,2297,71.8,52.3,1207,37.7,32.9,336,10.5,71.7,871,27.2,106,3.3,66.9,529,16.5,1.1,8.2,179,5.6,22.0,480,15.0,4.2,77,2.4,614,19.2,15
William & Mary,28,7,21,25.0,1992.0,71.1,51.6,100.8,695,1605,43.3,442,634,69.7,175,556,31.5,48.8,52.6,39.5,51.8,22.0,26.2,1.01,2007,71.7,51.6,1033,36.9,36.2,359,12.8,67.1,674,24.1,82,2.9,63.6,442,15.8,1.01,8.7,173,6.2,22.0,439,15.7,3.4,57,2.0,547,19.5,15
Winthrop,28,16,12,57.1,1830.0,65.4,52.4,101.4,655,1512,43.3,390,560,69.6,156,484,32.2,48.5,52.2,37.0,53.8,21.0,25.2,1.01,1856,66.3,52.4,953,34.0,36.4,347,12.4,68.4,606,21.6,87,3.1,55.4,363,13.0,0.91,13.4,246,8.8,21.9,401,14.3,9.0,124,4.4,538,19.2,5
Wisconsin,32,25,7,78.1,1975.0,61.7,55.3,110.9,754,1687,44.7,492,684,71.9,190,564,33.7,50.3,54.4,40.5,51.5,22.5,26.0,1.11,2190,68.4,52.3,1049,32.8,34.8,356,11.1,69.8,693,21.7,83,2.6,56.4,425,13.3,1.33,11.1,220,6.9,16.2,320,10.0,5.6,90,2.8,493,15.4,2
Wofford,29,9,20,31.0,2184.0,75.3,49.0,97.0,765,1705,44.9,359,582,61.7,229,643,35.6,51.6,53.4,34.1,50.6,16.9,32.4,0.97,2118,73.0,47.8,1007,34.7,31.2,329,11.3,64.3,678,23.4,107,3.7,62.0,474,16.3,0.9,10.9,238,8.2,24.2,529,18.2,6.4,112,3.9,602,20.8,14
Wright State,28,14,14,50.0,1828.0,65.3,51.0,101.6,657,1474,44.6,407,580,70.2,136,404,33.7,49.2,53.1,39.3,56.1,21.9,22.0,1.02,1857,66.3,49.7,943,33.7,30.0,277,9.9,69.4,666,23.8,81,2.9,48.9,321,11.5,0.9,6.9,126,4.5,19.5,357,12.8,1.9,30,1.1,487,17.4,9
Wyoming,28,11,17,39.3,1924.0,68.7,52.2,101.8,687,1569,43.8,417,619,67.4,168,501,33.5,49.1,52.6,39.5,53.0,21.3,25.7,1.02,1959,70.0,51.6,1028,36.7,35.0,350,12.5,68.1,678,24.2,104,3.7,47.6,327,11.7,0.78,8.4,161,5.8,21.7,418,14.9,6.2,99,3.5,543,19.4,12
Xavier,37,26,11,70.3,2448.0,66.2,53.5,107.6,908,2058,44.1,535,777,68.9,284,756,37.6,51.0,54.3,37.8,47.4,20.3,32.3,1.08,2635,71.2,51.5,1327,35.9,34.3,439,11.9,68.7,888,24.0,101,2.7,54.5,495,13.4,1.08,10.3,252,6.8,18.8,459,12.4,4.2,87,2.4,616,16.6,11
Yale,27,12,15,44.4,1794.0,66.4,50.3,99.7,668,1426,46.8,307,459,66.9,145,420,34.5,51.9,54.4,32.2,58.5,17.2,24.3,1.0,1788,66.2,49.7,882,32.7,30.0,255,9.4,69.4,627,23.2,72,2.7,60.8,406,15.0,1.0,10.3,184,6.8,22.7,408,15.1,6.8,98,3.6,490,18.1,7
Youngstown State,28,8,20,28.6,1952.0,69.7,49.9,96.1,655,1497,43.8,440,648,67.9,126,364,34.6,48.0,52.0,43.3,56.4,23.5,20.1,0.96,1876,67.0,48.8,920,32.9,34.0,323,11.5,63.6,597,21.3,91,3.2,57.4,376,13.4,0.81,11.2,218,7.8,23.7,462,16.5,5.3,80,2.9,612,21.9,21
