Air Force,30,12,18,40.0,1679.0,56.0,48.9,97.0,569,1192,47.7,378,530,71.3,113,331,34.1,52.5,56.4,44.5,56.0,23.2,20.8,0.97,1629,54.3,54.1,874,29.1,35.4,254,8.5,72.9,620,20.7,67,2.2,45.5,259,8.6,0.53,8.2,137,4.6,29.3,492,16.4,4.5,64,2.1,490,16.3,9
Akron,29,10,19,34.5,1984.0,68.4,50.0,95.9,655,1620,40.4,412,596,69.1,180,525,34.3,46.0,50.0,36.8,49.9,21.7,28.4,0.96,1902,65.6,52.4,1055,36.4,36.1,382,13.2,68.6,673,23.2,119,4.1,54.5,357,12.3,0.79,9.9,196,6.8,22.9,454,15.7,4.8,79,2.7,531,18.3,13
Alabama,32,8,24,25.0,2121.0,66.3,50.2,98.2,770,1900,40.5,310,477,65.0,233,636,36.6,46.7,49.0,25.1,51.6,14.9,33.6,0.98,2083,65.1,48.0,1007,31.5,30.3,368,11.5,65.7,639,20.0,105,3.3,52.1,401,12.5,1.1,8.8,186,5.8,17.3,366,11.4,4.0,67,2.1,630,19.7,16
Alabama A&M,32,14,18,43.8,2379.0,74.3,49.5,91.2,810,1914,42.3,392,633,61.9,157,542,29.0,46.4,49.0,33.1,60.2,18.1,21.7,0.91,2169,67.8,52.4,1362,42.6,36.7,457,14.3,68.1,905,28.3,133,4.2,54.2,439,13.7,0.68,9.5,227,7.1,27.1,644,20.1,6.2,117,3.7,661,20.7,18
Alabama State,30,15,15,50.0,1970.0,65.7,47.4,93.4,648,1524,42.5,377,582,64.8,166,507,32.7,48.0,51.1,38.2,52.4,20.5,27.1,0.93,1839,61.3,48.2,963,32.1,29.6,283,9.4,66.8,680,22.7,55,1.8,55.6,360,12.0,0.82,12.3,243,8.1,22.3,439,14.6,8.6,132,4.4,618,20.6,15
Albany,28,15,13,53.6,1852.0,66.1,49.6,97.8,644,1504,42.8,338,492,68.7,185,537,34.5,49.0,52.1,32.7,50.7,18.7,30.6,0.98,1811,64.7,49.7,921,32.9,33.2,315,11.2,66.2,606,21.6,65,2.3,58.9,379,13.5,0.89,9.4,175,6.2,23.1,428,15.3,6.9,101,3.6,530,18.9,13
Alcorn State,29,22,7,75.9,2086.0,71.9,50.5,96.6,690,1587,43.5,487,781,62.4,149,441,33.8,48.2,51.5,49.2,53.7,24.2,22.2,0.97,2016,69.5,52.4,1067,36.8,35.6,356,12.3,69.2,711,24.5,66,2.3,54.6,377,13.0,0.78,14.1,294,10.1,23.2,483,16.7,7.5,116,4.0,563,19.4,13
American University,28,12,16,42.9,1873.0,66.9,48.8,98.8,641,1563,41.0,354,516,68.6,214,608,35.2,47.9,51.2,33.0,46.2,19.1,34.7,0.99,1850,66.1,49.4,921,32.9,30.0,302,10.8,68.8,619,22.1,92,3.3,59.3,380,13.6,1.03,11.2,210,7.5,19.7,369,13.2,5.1,77,2.8,484,17.3,12
Appalachian State,30,12,18,40.0,2129.0,71.0,50.3,97.2,754,1712,44.0,383,552,69.4,179,552,32.4,49.3,52.4,32.2,55.6,18.5,25.9,0.97,2070,69.0,51.2,1115,37.2,35.3,373,12.4,67.0,742,24.7,114,3.8,53.8,406,13.5,0.77,10.6,225,7.5,24.8,528,17.6,4.4,79,2.6,484,16.1,11
Arizona,37,7,30,18.9,2637.0,71.3,50.5,97.8,953,2196,43.4,417,618,67.5,256,740,34.6,49.2,51.8,28.1,54.1,16.2,29.8,0.98,2579,69.7,47.5,1213,32.8,34.7,462,12.5,60.4,751,20.3,150,4.1,58.8,560,15.1,0.92,9.7,256,6.9,23.0,607,16.4,3.9,89,2.4,662,17.9,20
Arizona State,32,14,18,43.8,2264.0,70.8,51.7,102.0,833,1862,44.7,462,647,71.4,182,540,33.7,49.6,53.2,34.7,56.4,20.0,23.6,1.02,2310,72.2,48.1,1081,33.8,33.0,375,11.7,63.1,706,22.1,118,3.7,52.8,440,13.8,0.93,10.2,231,7.2,20.9,473,14.8,4.9,90,2.8,675,21.1,18
Arkansas,30,12,18,40.0,2041.0,68.0,48.5,92.4,653,1591,41.0,417,630,66.2,162,524,30.9,46.1,49.9,39.6,52.1,22.1,25.8,0.92,1885,62.8,49.5,998,33.3,35.9,365,12.2,63.2,633,21.1,100,3.3,54.2,354,11.8,0.7,9.8,199,6.6,24.9,508,16.9,4.7,79,2.6,537,17.9,9
Arkansas State,29,13,16,44.8,2077.0,71.6,51.2,101.0,714,1651,43.2,472,693,68.1,197,593,33.2,49.2,52.9,42.0,49.3,22.5,28.2,1.01,2097,72.3,48.6,1040,35.9,33.6,359,12.4,63.5,681,23.5,77,2.7,51.3,366,12.6,0.82,8.8,183,6.3,21.4,445,15.3,6.6,115,4.0,565,19.5,12
Arkansas-Little Rock,28,10,18,35.7,1891.0,67.5,50.9,98.9,665,1541,43.2,375,567,66.1,165,476,34.7,48.5,51.6,36.8,53.5,20.1,26.5,0.99,1870,66.8,51.4,942,33.6,35.5,348,12.4,67.3,594,21.2,102,3.6,52.3,348,12.4,0.78,8.9,169,6.0,23.7,449,16.0,5.5,80,2.9,549,19.6,14
Arkansas-Pine Bluff,28,21,7,75.0,1949.0,72.2,50.0,97.4,654,1598,40.9,415,603,68.8,175,494,35.4,46.4,50.4,37.7,50.5,21.9,27.7,0.97,1898,67.8,51.9,1098,39.2,34.0,354,12.6,69.9,744,26.6,105,3.8,54.4,356,12.7,0.85,12.3,239,8.5,21.5,419,15.0,5.4,86,3.1,460,16.4,6
Army,27,24,3,88.9,1721.0,63.7,53.1,106.4,656,1480,44.3,301,437,68.9,219,602,36.4,51.7,54.3,29.5,47.7,16.4,35.9,1.06,1832,67.9,57.1,958,35.5,35.2,313,11.6,78.9,645,23.9,54,2.0,55.3,363,13.4,1.05,11.7,202,7.5,20.1,346,12.8,7.4,96,3.6,435,16.1,3
Auburn,31,17,14,54.8,2166.0,69.9,54.9,107.7,837,1788,46.8,431,653,66.0,227,636,35.7,53.2,55.6,36.5,52.3,18.5,29.2,1.08,2332,75.2,53.0,1166,37.6,37.3,402,13.0,68.6,764,24.6,96,3.1,54.5,456,14.7,0.97,10.8,235,7.6,21.7,470,15.2,6.5,117,3.8,520,16.8,11
Austin Peay,32,19,13,59.4,2110.0,65.9,51.1,101.8,746,1640,45.5,461,671,68.7,194,536,36.2,51.4,54.8,40.9,51.4,21.5,27.1,1.02,2147,67.1,50.9,1078,33.7,33.3,341,10.7,68.5,737,23.0,86,2.7,53.8,401,12.5,0.82,10.1,213,6.7,23.1,487,15.2,5.6,96,3.0,601,18.8,17
Ball State,28,13,15,46.4,1860.0,66.4,50.1,102.7,653,1474,44.3,435,593,73.4,170,471,36.1,50.1,54.4,40.2,50.5,22.8,26.7,1.03,1911,68.2,47.9,924,33.0,31.3,282,10.1,64.5,642,22.9,80,2.9,56.7,370,13.2,0.94,8.5,159,5.7,21.1,392,14.0,5.5,88,3.1,554,19.8,11
Baylor,28,19,9,67.9,1830.0,65.4,54.8,109.7,717,1456,49.2,383,511,75.0,191,507,37.7,55.8,59.1,35.1,52.4,19.1,28.5,1.1,2008,71.7,53.7,924,33.0,40.8,330,11.8,66.7,594,21.2,94,3.4,59.8,429,15.3,0.94,11.5,211,7.5,24.9,455,16.2,6.1,88,3.1,526,18.8,10
Belmont,30,16,14,53.3,2095.0,69.8,51.4,100.3,733,1656,44.3,452,661,68.4,183,584,31.3,49.8,53.3,39.9,52.4,21.5,26.1,1.0,2101,70.0,54.6,1160,38.7,35.7,373,12.4,73.6,787,26.2,89,3.0,54.7,401,13.4,0.81,10.3,215,7.2,23.6,494,16.5,6.5,109,3.6,561,18.7,13
Bethune-Cookman,30,17,13,56.7,2108.0,70.3,49.8,97.6,719,1630,44.1,451,677,66.6,168,491,34.2,49.3,52.7,41.5,53.6,21.9,24.5,0.98,2057,68.6,53.5,1115,37.2,33.9,350,11.7,73.2,765,25.5,111,3.7,52.9,380,12.7,0.74,12.0,254,8.5,24.5,517,17.2,6.5,106,3.5,491,16.4,9
Binghamton,29,17,12,58.6,1876.0,64.7,47.4,98.0,607,1439,42.2,438,609,71.9,187,520,36.0,48.7,53.2,42.3,45.7,23.8,30.5,0.98,1839,63.4,48.4,986,34.0,30.4,281,9.7,66.3,705,24.3,96,3.3,56.3,342,11.8,0.79,8.6,162,5.6,23.1,434,15.0,6.7,107,3.7,527,18.2,12
Boise State,34,18,16,52.9,2367.0,69.6,54.0,106.6,914,1971,46.4,502,721,69.6,194,594,32.7,51.3,54.5,36.6,57.1,19.9,23.1,1.07,2524,74.2,49.9,1207,35.5,34.4,401,11.8,65.4,806,23.7,99,2.9,50.4,461,13.6,0.99,9.8,231,6.8,19.6,465,13.7,4.8,95,2.8,595,17.5,9
Boston College,30,5,25,16.7,2000.0,66.7,50.6,96.8,721,1742,41.4,299,428,69.9,194,544,35.7,47.0,49.7,24.6,54.5,15.5,30.1,0.97,1935,64.5,46.8,989,33.0,34.5,375,12.5,59.2,614,20.5,107,3.6,56.9,410,13.7,0.97,10.6,213,7.1,21.2,424,14.1,6.1,103,3.4,596,19.9,19
Boston University,29,9,20,31.0,1827.0,63.0,47.7,88.5,588,1583,37.1,291,437,66.6,149,517,28.8,41.9,45.1,27.6,54.3,18.0,27.7,0.88,1616,55.7,50.3,1010,34.8,33.7,359,12.4,66.8,651,22.4,86,3.0,58.7,345,11.9,0.86,10.0,182,6.3,22.0,402,13.9,6.9,106,3.7,520,17.9,12
Bowling Green,29,11,18,37.9,1908.0,65.8,51.2,104.3,669,1510,44.3,456,658,69.3,196,553,35.4,50.8,54.6,43.6,47.5,22.9,29.5,1.04,1990,68.6,50.8,891,30.7,32.0,306,10.6,69.7,585,20.2,88,3.0,59.8,400,13.8,1.01,11.8,226,7.8,20.7,395,13.6,4.8,70,2.4,534,18.4,8
Bradley,28,15,13,53.6,1971.0,70.4,50.3,101.3,667,1564,42.6,468,669,70.0,194,547,35.5,48.8,53.0,42.8,47.4,23.4,29.2,1.01,1996,71.3,48.3,976,34.9,31.4,319,11.4,65.2,657,23.5,64,2.3,59.8,399,14.2,1.0,10.7,210,7.5,20.2,398,14.2,4.8,78,2.8,542,19.4,16
Brigham Young,30,21,9,70.0,2001.0,66.7,52.3,103.4,745,1659,44.9,389,570,68.2,191,530,36.0,50.7,53.6,34.4,53.5,18.8,27.7,1.03,2070,69.0,50.4,1040,34.7,34.2,348,11.6,66.6,692,23.1,93,3.1,58.8,438,14.6,1.02,11.1,222,7.4,21.4,429,14.3,6.4,105,3.5,510,17.0,10
Brown,28,16,12,57.1,1891.0,67.5,51.8,100.4,718,1560,46.0,284,441,64.4,178,514,34.6,51.7,53.6,28.3,56.9,15.0,28.1,1.0,1898,67.8,53.0,1004,35.9,35.0,327,11.7,71.0,677,24.2,74,2.6,55.3,397,14.2,0.87,11.1,209,7.5,24.2,457,16.3,6.2,92,3.3,558,19.9,7
Bucknell,33,10,23,30.3,2110.0,63.9,46.4,92.2,648,1651,39.2,456,647,70.5,194,596,32.6,45.1,49.7,39.2,46.7,23.4,29.9,0.92,1946,59.0,50.6,1031,31.2,32.5,356,10.8,68.8,675,20.5,87,2.6,54.3,352,10.7,0.69,10.8,228,6.9,24.3,512,15.5,5.2,82,2.5,611,18.5,11
Buffalo,33,10,23,30.3,2370.0,69.7,49.8,98.9,808,1882,42.9,510,734,69.5,218,644,33.9,48.7,52.5,39.0,50.3,21.8,27.9,0.99,2344,71.0,48.7,1169,35.4,32.9,397,12.0,64.4,772,23.4,114,3.5,51.6,417,12.6,0.78,10.9,258,7.8,22.6,536,16.2,6.4,124,3.8,665,20.2,24
Butler,28,15,13,53.6,1670.0,59.6,52.6,102.3,639,1364,46.8,308,453,68.0,123,359,34.3,51.4,54.1,33.2,60.4,18.0,21.6,1.02,1709,61.0,54.5,874,31.2,31.6,254,9.1,77.4,620,22.1,67,2.4,47.3,302,10.8,0.91,7.6,127,4.5,19.9,333,11.9,4.4,60,2.1,459,16.4,6
Cal Poly,27,22,5,81.5,1912.0,70.8,54.7,112.3,739,1555,47.5,466,655,71.1,203,520,39.0,54.1,57.5,42.1,49.9,21.7,28.4,1.12,2147,79.5,52.0,963,35.7,33.4,305,11.3,70.6,658,24.4,90,3.3,59.7,441,16.3,1.25,11.9,228,8.4,18.5,354,13.1,5.5,82,3.0,479,17.7,6
Cal State Fullerton,32,11,21,34.4,2269.0,70.9,49.3,100.9,827,1789,46.2,421,619,68.0,214,602,35.5,52.2,54.9,34.6,53.6,18.4,28.0,1.01,2289,71.5,46.0,1080,33.8,27.2,293,9.2,64.8,787,24.6,105,3.3,60.5,500,15.6,1.04,6.4,145,4.5,21.2,481,15.0,3.8,79,2.5,461,14.4,7
Cal State Northridge,31,13,18,41.9,2187.0,70.5,48.0,95.3,717,1604,44.7,473,659,71.8,178,551,32.3,50.2,54.4,41.1,51.7,22.7,25.6,0.95,2085,67.3,50.2,1030,33.2,35.6,352,11.4,64.9,678,21.9,77,2.5,59.1,424,13.7,0.68,10.2,223,7.2,28.4,621,20.0,6.1,105,3.4,591,19.1,15
California,29,16,13,55.2,2008.0,69.2,51.7,102.3,745,1711,43.5,370,508,72.8,194,545,35.6,49.2,52.6,29.7,53.7,18.0,28.3,1.02,2054,70.8,49.9,1009,34.8,34.4,347,12.0,65.5,662,22.8,105,3.6,60.8,453,15.6,1.12,9.1,182,6.3,20.1,403,13.9,5.5,90,3.1,549,18.9,12
Campbell,27,25,2,92.6,1894.0,70.1,53.6,109.0,734,1533,47.9,367,560,65.5,230,630,36.5,55.4,57.4,36.5,48.8,17.8,33.4,1.09,2065,76.5,47.9,931,34.5,32.6,297,11.0,63.1,634,23.5,82,3.0,64.0,470,17.4,1.2,14.7,279,10.3,20.6,391,14.5,9.9,150,5.6,532,19.7,12
Canisius,29,18,11,62.1,2072.0,69.1,53.9,106.8,780,1826,42.7,428,592,72.3,225,644,34.9,48.9,52.5,32.4,50.2,19.3,30.5,1.07,2213,76.3,52.9,1154,39.8,35.8,404,13.9,70.0,750,25.9,94,3.2,62.6,488,16.8,1.32,9.4,195,6.7,17.8,369,12.7,6.5,113,3.9,500,17.2,11
Central Connecticut State,28,16,12,57.1,1833.0,65.5,52.8,106.3,720,1518,47.4,315,454,69.4,193,518,37.3,53.8,56.2,29.9,54.1,16.2,29.7,1.06,1948,69.6,48.0,867,31.0,33.6,294,10.5,62.3,573,20.5,78,2.8,57.6,415,14.8,1.03,10.3,189,6.8,21.9,402,14.4,5.7,86,3.1,514,18.4,10
Central Michigan,28,18,10,64.3,1956.0,69.9,52.6,107.5,697,1448,48.1,518,740,70.0,190,490,38.8,54.7,58.4,51.1,48.2,24.6,27.1,1.07,2102,75.1,51.1,974,34.8,35.3,312,11.1,66.9,662,23.6,111,4.0,60.3,420,15.0,0.89,11.6,226,8.1,24.0,470,16.8,6.1,93,3.3,561,20.0,12
Charleston Southern,30,17,13,56.7,1948.0,64.9,49.0,98.2,657,1532,42.9,424,632,67.1,175,501,34.9,48.6,52.2,41.3,50.4,22.2,27.4,0.98,1913,63.8,50.7,991,33.0,30.5,305,10.2,70.9,686,22.9,90,3.0,58.1,382,12.7,0.88,13.3,260,8.7,22.2,432,14.4,5.4,82,2.7,505,16.8,9
Charlotte,29,8,21,27.6,2091.0,72.1,50.7,100.1,767,1755,43.7,361,499,72.3,198,626,31.6,49.3,52.5,28.4,54.4,17.2,28.4,1.0,2093,72.2,48.6,1079,37.2,34.1,361,12.4,63.1,718,24.8,117,4.0,55.4,425,14.7,0.91,7.5,157,5.4,22.4,469,16.2,4.9,87,3.0,611,21.1,23
Chattanooga,31,11,20,35.5,2193.0,70.7,44.6,92.7,708,1758,40.3,327,491,66.6,291,851,34.2,48.5,51.1,27.9,41.0,16.1,42.9,0.93,2034,65.6,43.0,948,30.6,25.3,292,9.4,60.7,656,21.2,74,2.4,59.6,422,13.6,0.87,11.8,258,8.3,22.1,485,15.6,6.6,115,3.7,624,20.1,14
Chicago State,28,19,9,67.9,1850.0,66.1,54.6,107.0,708,1504,47.1,372,547,68.0,192,477,40.3,53.5,56.1,36.4,52.1,18.8,29.1,1.07,1980,70.7,53.0,1011,36.1,38.0,344,12.3,68.1,667,23.8,82,2.9,69.8,494,17.6,1.17,9.4,173,6.2,22.9,423,15.1,7.2,109,3.9,504,18.0,18
Cincinnati,33,8,25,24.2,2295.0,69.5,49.4,92.8,749,2008,37.3,402,598,67.2,230,668,34.4,43.0,46.5,29.8,48.7,18.9,32.4,0.93,2130,64.5,47.8,1207,36.6,34.8,474,14.4,60.9,733,22.2,136,4.1,48.6,364,11.0,0.78,8.5,195,5.9,20.4,469,14.2,3.8,74,2.2,725,22.0,34
Citadel,28,16,12,57.1,2010.0,71.8,49.4,97.2,664,1597,41.6,432,643,67.2,193,585,33.0,47.6,51.3,40.3,48.2,22.1,29.6,0.97,1953,69.8,49.6,1039,37.1,33.8,355,12.7,65.3,684,24.4,127,4.5,54.8,364,13.0,0.78,12.3,247,8.8,23.2,466,16.6,6.4,101,3.6,548,19.6,15
Clemson,32,16,16,50.0,2327.0,72.7,48.8,95.3,771,1764,43.7,494,726,68.0,182,497,36.6,48.9,52.6,41.2,53.1,22.3,24.6,0.95,2218,69.3,48.1,1122,35.1,33.9,378,11.8,62.3,744,23.2,132,4.1,53.8,415,13.0,0.7,13.1,305,9.5,25.3,589,18.4,5.1,96,3.0,636,19.9,23
Cleveland State,26,17,9,65.4,1805.0,69.4,52.1,103.7,662,1416,46.8,408,559,73.0,140,403,34.7,51.7,55.7,39.5,55.8,21.8,22.4,1.04,1872,72.0,49.7,882,33.9,33.8,285,11.0,65.6,597,23.0,80,3.1,54.4,360,13.8,0.89,10.1,183,7.0,22.3,403,15.5,6.1,88,3.4,501,19.3,12
Coastal Carolina,29,19,10,65.5,1989.0,68.6,52.8,104.0,733,1543,47.5,461,696,66.2,141,420,33.6,52.1,55.2,45.1,57.3,22.3,20.5,1.04,2068,71.3,49.8,1021,35.2,31.6,299,10.3,67.9,722,24.9,85,2.9,52.8,387,13.3,0.94,11.6,230,7.9,20.6,410,14.1,7.3,123,4.2,518,17.9,6
Colgate,28,16,12,57.1,1874.0,66.9,52.6,101.6,679,1557,43.6,375,553,67.8,171,482,35.5,49.1,52.3,35.5,53.4,19.7,26.9,1.02,1904,68.0,52.4,1002,35.8,35.2,345,12.3,69.7,657,23.5,104,3.7,48.2,327,11.7,0.84,10.6,199,7.1,20.9,391,14.0,4.1,64,2.3,457,16.3,9
College of Charleston,28,10,18,35.7,1999.0,71.4,49.3,94.9,680,1585,42.9,379,575,65.9,158,503,31.4,47.9,51.0,36.3,55.0,20.0,25.0,0.95,1897,67.8,50.1,1069,38.2,33.3,341,12.2,66.9,728,26.0,92,3.3,50.7,345,12.3,0.71,8.8,176,6.3,24.4,487,17.4,5.6,96,3.4,521,18.6,12
Colorado,30,16,14,53.3,2114.0,70.5,52.9,104.9,777,1783,43.6,471,650,72.5,193,601,32.1,49.0,53.0,36.5,52.7,21.2,26.1,1.05,2218,73.9,50.9,1140,38.0,34.5,379,12.6,67.3,761,25.4,80,2.7,57.5,447,14.9,1.11,8.8,187,6.2,19.1,404,13.5,5.0,89,3.0,554,18.5,13
Colorado State,28,17,11,60.7,1892.0,67.6,52.4,102.7,649,1602,40.5,475,665,71.4,170,540,31.5,45.8,50.7,41.5,49.3,24.4,26.2,1.03,1943,69.4,50.2,939,33.5,34.5,367,13.1,66.0,572,20.4,88,3.1,55.9,363,13.0,1.08,13.4,254,9.1,17.8,337,12.0,5.8,83,3.0,594,21.2,21
Columbia,27,15,12,55.6,1814.0,67.2,47.3,97.7,569,1337,42.6,451,666,67.7,184,521,35.3,49.4,53.6,49.8,43.4,25.4,31.1,0.98,1773,65.7,48.1,858,31.8,29.5,262,9.7,66.7,596,22.1,100,3.7,64.1,365,13.5,0.87,12.4,225,8.3,23.2,420,15.6,7.9,110,4.1,532,19.7,15
Connecticut,31,8,23,25.8,2226.0,71.8,49.1,93.1,761,2011,37.8,346,515,67.2,204,664,30.7,42.9,45.9,25.6,53.8,16.7,29.5,0.93,2072,66.8,44.2,1062,34.3,30.8,416,13.4,57.5,646,20.8,141,4.5,58.1,442,14.3,1.15,11.9,265,8.5,17.3,385,12.4,7.1,132,4.3,621,20.0,21
Coppin State,29,15,14,51.7,1919.0,66.2,48.8,95.5,612,1504,40.7,384,585,65.6,225,639,35.2,48.2,51.4,38.9,42.2,20.9,36.8,0.96,1833,63.2,51.4,1041,35.9,36.8,365,12.6,66.1,676,23.3,94,3.2,60.8,372,12.8,0.75,10.2,195,6.7,26.0,498,17.2,6.8,104,3.6,553,19.1,12
Cornell,27,14,13,51.9,1712.0,63.4,52.2,104.4,643,1397,46.0,331,470,70.4,171,462,37.0,52.1,55.2,33.6,52.8,18.5,28.7,1.04,1788,66.2,51.5,856,31.7,34.0,286,10.6,69.1,570,21.1,80,3.0,55.1,354,13.1,0.92,10.5,180,6.7,22.4,383,14.2,6.1,83,3.1,468,17.3,8
Creighton,34,11,23,32.4,2213.0,65.1,51.9,99.7,811,1827,44.4,393,603,65.2,192,531,36.2,49.6,52.2,33.0,56.1,17.8,26.1,1.0,2207,64.9,52.4,1161,34.1,35.3,397,11.7,69.5,764,22.5,106,3.1,53.1,431,12.7,0.86,9.4,207,6.1,22.7,502,14.8,6.2,112,3.3,652,19.2,15
Dartmouth,27,17,10,63.0,1694.0,62.7,51.2,102.7,597,1334,44.8,393,536,73.3,153,408,37.5,50.5,54.8,40.2,51.0,22.6,26.4,1.03,1740,64.4,53.0,917,34.0,34.6,283,10.5,71.5,634,23.5,76,2.8,55.8,333,12.3,0.87,11.9,202,7.5,22.7,384,14.2,5.9,81,3.0,445,16.5,6
Davidson,32,9,23,28.1,2171.0,67.8,48.0,96.8,731,1817,40.2,402,573,70.2,238,706,33.7,46.8,50.3,31.5,46.9,19.1,34.0,0.97,2102,65.7,46.7,1047,32.7,30.1,349,10.9,63.3,698,21.8,105,3.3,54.6,399,12.5,0.92,9.5,207,6.5,20.0,434,13.6,5.2,94,2.9,633,19.8,16
Dayton,29,11,18,37.9,1850.0,63.8,46.6,96.5,572,1402,40.8,475,650,73.1,167,512,32.6,46.8,52.2,46.4,45.4,26.6,28.1,0.97,1786,61.6,48.1,929,32.0,30.0,276,9.5,66.2,653,22.5,78,2.7,59.6,341,11.8,0.82,7.7,142,4.9,22.6,418,14.4,5.5,86,3.0,502,17.3,13
Delaware,31,20,11,64.5,2142.0,69.1,50.8,98.8,741,1740,42.6,460,703,65.4,174,489,35.6,47.6,51.0,40.4,53.6,21.7,24.7,0.99,2116,68.3,50.3,1099,35.5,31.7,354,11.4,68.9,745,24.0,104,3.4,50.7,376,12.1,0.9,12.3,263,8.5,19.5,417,13.5,5.8,98,3.2,573,18.5,17
Delaware State,33,14,19,42.4,2032.0,61.6,51.5,100.2,741,1574,47.1,368,566,65.0,186,495,37.6,53.0,55.2,36.0,54.5,18.1,27.4,1.0,2036,61.7,52.4,1027,31.1,37.8,350,10.6,67.0,677,20.5,85,2.6,52.2,387,11.7,0.71,9.9,202,6.1,26.7,543,16.5,6.4,102,3.1,603,18.3,10
Denver,31,11,20,35.5,2120.0,68.4,52.2,97.9,785,1843,42.6,331,490,67.6,175,506,34.6,47.3,50.0,26.6,58.8,15.9,25.3,0.98,2076,67.0,53.1,1119,36.1,36.3,415,13.4,70.0,704,22.7,106,3.4,49.8,391,12.6,0.86,9.6,203,6.5,21.6,457,14.7,6.2,107,3.5,538,17.4,10
DePaul,31,11,20,35.5,1975.0,63.7,50.0,100.6,696,1635,42.6,393,556,70.7,201,575,35.0,48.7,52.3,34.0,49.8,19.8,30.4,1.01,1986,64.1,46.0,980,31.6,30.5,314,10.1,61.5,666,21.5,92,3.0,62.1,432,13.9,1.12,9.7,191,6.2,19.5,386,12.5,4.8,84,2.7,545,17.6,11
Detroit,30,16,14,53.3,1820.0,60.7,48.0,99.4,583,1436,40.6,443,628,70.5,200,565,35.4,47.6,52.2,43.7,42.3,24.5,33.2,0.99,1809,60.3,45.2,872,29.1,30.5,289,9.6,59.9,583,19.4,131,4.4,53.5,312,10.4,0.82,8.9,162,5.4,20.9,380,12.7,3.9,61,2.0,518,17.3,14
Drake,29,16,13,55.2,1972.0,68.0,51.3,105.3,739,1623,45.5,342,489,69.9,257,664,38.7,53.5,56.0,30.1,46.4,16.5,37.1,1.05,2077,71.6,47.1,945,32.6,31.9,310,10.7,62.3,635,21.9,92,3.2,60.6,448,15.4,1.07,10.5,208,7.2,21.3,420,14.5,9.5,149,5.1,583,20.1,14
Drexel,29,12,17,41.4,1943.0,67.0,50.6,98.5,668,1612,41.4,427,606,70.5,151,440,34.3,46.1,50.4,37.6,54.0,22.3,23.7,0.99,1914,66.0,51.6,1046,36.1,33.9,353,12.2,69.4,693,23.9,100,3.4,52.5,351,12.1,0.87,8.0,156,5.4,20.8,405,14.0,7.4,117,4.0,556,19.2,15
Duke,33,6,27,18.2,2334.0,70.7,50.2,92.2,783,2006,39.0,459,643,71.4,128,418,30.6,42.2,46.6,32.1,60.8,21.3,17.8,0.92,2153,65.2,49.7,1208,36.6,36.7,481,14.6,62.7,727,22.0,130,3.9,41.9,328,9.9,0.64,10.6,247,7.5,21.9,511,15.5,6.9,132,4.0,696,21.1,19
Duquesne,30,22,8,73.3,2029.0,67.6,55.6,110.3,750,1711,43.8,505,735,68.7,234,638,36.7,50.7,54.3,43.0,46.1,22.6,31.4,1.1,2239,74.6,51.9,1127,37.6,38.0,412,13.7,65.8,715,23.8,90,3.0,61.7,463,15.4,1.22,9.5,193,6.4,18.7,379,12.6,5.5,97,3.2,472,15.7,7
East Carolina,28,19,9,67.9,1943.0,69.4,50.0,99.5,656,1576,41.6,439,651,67.4,183,521,35.1,47.4,51.3,41.3,48.9,22.7,28.4,1.0,1934,69.1,47.1,1015,36.2,30.9,320,11.4,63.3,695,24.8,76,2.7,57.2,375,13.4,1.0,11.1,216,7.7,19.3,375,13.4,5.2,84,3.0,553,19.8,9
East Tennessee State,29,19,10,65.5,2202.0,75.9,52.6,103.7,828,1836,45.1,377,567,66.5,250,707,35.4,51.9,54.2,30.9,50.6,16.5,32.9,1.04,2283,78.7,50.9,1126,38.8,34.7,389,13.4,67.1,737,25.4,87,3.0,61.0,505,17.4,1.06,11.5,254,8.8,21.7,477,16.4,6.4,116,4.0,532,18.3,7
Eastern Illinois,28,16,12,57.1,1893.0,67.6,54.7,106.5,702,1648,42.6,438,652,67.2,174,558,31.2,47.9,51.5,39.6,52.4,21.7,25.9,1.06,2016,72.0,50.2,948,33.9,35.3,369,13.2,65.1,579,20.7,115,4.1,56.3,395,14.1,1.27,12.3,233,8.3,16.4,310,11.1,7.4,110,3.9,493,17.6,12
Eastern Kentucky,31,9,22,29.0,2127.0,68.6,49.9,97.7,727,1687,43.1,471,682,69.1,153,430,35.6,47.6,51.7,40.4,55.2,22.7,22.1,0.98,2078,67.0,48.4,1013,32.7,31.7,345,11.1,65.0,668,21.5,86,2.8,53.0,385,12.4,0.83,11.5,245,7.9,21.7,462,14.9,4.6,81,2.6,524,16.9,10
Eastern Michigan,30,18,12,60.0,2139.0,71.3,53.0,103.0,794,1746,45.5,428,652,65.6,188,569,33.0,50.9,53.6,37.3,55.0,19.4,25.6,1.03,2204,73.5,51.8,1080,36.0,35.4,372,12.4,68.3,708,23.6,98,3.3,55.3,439,14.6,0.97,10.6,227,7.6,21.2,453,15.1,7.1,116,3.9,657,21.9,21
Eastern Washington,28,20,8,71.4,1886.0,67.4,48.9,100.4,647,1394,46.4,441,642,68.7,158,425,37.2,52.1,55.7,46.1,51.7,23.3,25.0,1.0,1893,67.6,49.9,908,32.4,28.8,245,8.8,71.1,663,23.7,79,2.8,53.0,343,12.2,0.8,10.9,206,7.4,22.7,429,15.3,4.9,72,2.6,567,20.2,13
Elon,31,23,8,74.2,2070.0,66.8,50.6,101.0,754,1649,45.7,379,580,65.3,203,545,37.2,51.9,54.3,35.2,52.7,18.1,29.1,1.01,2090,67.4,51.4,1087,35.1,31.3,314,10.1,71.5,773,24.9,95,3.1,58.9,444,14.3,0.96,10.4,215,6.9,22.4,463,14.9,5.6,91,2.9,532,17.2,8
Evansville,28,17,11,60.7,1915.0,68.4,53.5,106.8,713,1586,45.0,423,596,71.0,196,560,35.0,51.1,54.7,37.6,50.6,20.7,28.8,1.07,2045,73.0,53.2,1028,36.7,34.5,339,12.1,72.0,689,24.6,90,3.2,58.2,415,14.8,1.09,10.1,193,6.9,19.8,380,13.6,3.9,60,2.1,567,20.2,15
Fairfield,30,15,15,50.0,2013.0,67.1,51.2,99.9,694,1638,42.4,431,634,68.0,191,546,35.0,48.2,51.8,38.7,50.0,21.4,28.5,1.0,2010,67.0,50.4,1078,35.9,35.0,368,12.3,65.8,710,23.7,127,4.2,52.6,365,12.2,0.84,10.0,201,6.7,21.6,435,14.5,6.0,103,3.4,525,17.5,17
Fairleigh Dickinson,33,13,20,39.4,2332.0,70.7,50.8,99.1,835,1857,45.0,450,696,64.7,190,530,35.8,50.1,52.8,37.5,55.8,19.5,24.7,0.99,2310,70.0,48.9,1161,35.2,31.6,366,11.1,66.1,795,24.1,134,4.1,54.9,458,13.9,0.91,9.0,210,6.4,21.7,506,15.3,4.2,82,2.5,621,18.8,8
Florida,32,8,24,25.0,2174.0,67.9,47.3,92.9,715,1745,41.0,411,614,66.9,179,566,31.6,46.1,49.6,35.2,53.1,20.3,26.6,0.93,2020,63.1,46.9,1004,31.4,29.1,336,10.5,64.6,668,20.9,111,3.5,47.8,342,10.7,0.71,9.9,216,6.8,22.0,479,15.0,4.7,83,2.6,634,19.8,17
Florida A&M,29,15,14,51.7,2062.0,71.1,51.8,103.8,731,1638,44.6,469,692,67.8,210,622,33.8,51.0,54.4,42.2,48.7,21.9,29.4,1.04,2141,73.8,49.1,1041,35.9,35.0,356,12.3,63.3,685,23.6,121,4.2,56.8,415,14.3,0.9,11.4,236,8.1,22.4,462,15.9,6.6,109,3.8,592,20.4,14
Florida Atlantic,27,17,10,63.0,2056.0,76.1,51.4,103.3,734,1633,44.9,447,629,71.1,209,566,36.9,51.3,55.0,38.5,49.4,21.0,29.5,1.03,2124,78.7,48.8,1027,38.0,33.5,337,12.5,64.1,690,25.6,145,5.4,61.3,450,16.7,1.0,10.7,220,8.1,21.9,451,16.7,7.1,120,4.4,515,19.1,12
Florida International,30,17,13,56.7,2120.0,70.7,49.9,100.8,714,1695,42.1,490,723,67.8,218,607,35.9,48.6,52.4,42.7,46.4,22.9,30.6,1.01,2136,71.2,46.8,984,32.8,31.2,345,11.5,62.3,639,21.3,123,4.1,52.9,378,12.6,0.89,11.9,252,8.4,20.1,427,14.2,6.4,102,3.4,608,20.3,28
Florida State,31,19,12,61.3,2147.0,69.3,50.9,101.1,746,1736,43.0,449,667,67.3,229,677,33.8,49.6,52.9,38.4,47.6,20.7,31.7,1.01,2170,70.0,51.6,1070,34.5,33.9,368,11.9,69.4,702,22.6,119,3.8,53.9,402,13.0,0.89,11.7,251,8.1,21.1,454,14.6,5.8,97,3.1,598,19.3,19
Fordham,29,16,13,55.2,1909.0,65.8,52.3,98.0,704,1606,43.8,322,503,64.0,141,447,31.5,48.2,50.7,31.3,60.2,17.2,22.6,0.98,1871,64.5,50.2,990,34.1,36.2,355,12.2,64.3,635,21.9,87,3.0,57.4,404,13.9,0.97,13.4,256,8.8,21.8,417,14.4,5.9,91,3.1,516,17.8,11
Fresno State,30,14,16,46.7,2134.0,71.1,51.5,98.8,773,1861,41.5,401,543,73.8,162,494,32.8,45.9,49.8,29.2,57.9,19.0,23.0,0.99,2109,70.3,49.7,1115,37.2,33.1,389,13.0,66.2,726,24.2,84,2.8,52.9,409,13.6,1.04,11.3,241,8.0,18.5,394,13.1,5.3,92,3.1,581,19.4,14
Furman,29,13,16,44.8,1967.0,67.8,49.7,96.7,692,1579,43.8,341,495,68.9,178,502,35.5,49.5,52.4,31.3,54.0,17.9,28.1,0.97,1903,65.6,51.0,958,33.0,34.6,334,11.5,67.5,624,21.5,102,3.5,54.0,374,12.9,0.77,10.4,205,7.1,24.7,486,16.8,4.4,71,2.4,501,17.3,11
Gardner-Webb,30,12,18,40.0,2135.0,71.2,49.6,96.3,749,1748,42.8,379,577,65.7,178,549,32.4,47.9,50.8,33.0,55.6,18.4,26.0,0.96,2055,68.5,48.3,1070,35.7,31.7,348,11.6,64.9,722,24.1,100,3.3,47.9,359,12.0,0.78,11.8,251,8.4,21.6,462,15.4,5.2,94,3.1,498,16.6,12
George Mason,29,13,16,44.8,1975.0,68.1,52.5,102.2,729,1669,43.7,371,517,71.8,189,519,36.4,49.3,52.7,31.0,53.5,18.4,28.1,1.02,2018,69.6,51.4,1043,36.0,35.6,368,12.7,67.2,675,23.3,80,2.8,57.9,422,14.6,1.0,9.0,178,6.1,21.3,420,14.5,6.6,109,3.8,573,19.8,15
George Washington,30,8,22,26.7,2131.0,71.0,48.3,94.8,717,1684,42.6,370,562,65.8,217,630,34.4,49.0,51.8,33.4,49.5,18.3,32.2,0.95,2021,67.4,47.9,1005,33.5,33.1,351,11.7,62.6,654,21.8,102,3.4,60.3,432,14.4,0.82,10.6,226,7.5,24.7,526,17.5,4.2,73,2.4,606,20.2,18
Georgetown,32,13,19,40.6,1960.0,61.2,51.7,99.7,678,1634,41.5,436,611,71.4,163,487,33.5,46.5,50.8,37.4,52.7,22.3,25.0,1.0,1955,61.1,51.0,1016,31.8,36.5,384,12.0,65.6,632,19.8,110,3.4,54.0,366,11.4,0.87,11.5,225,7.0,21.5,422,13.2,5.6,90,2.8,503,15.7,11
Georgia,28,20,8,71.4,1869.0,66.8,52.0,101.6,675,1462,46.2,399,608,65.6,149,455,32.7,51.3,54.2,41.6,55.4,21.0,23.6,1.02,1898,67.8,51.8,1005,35.9,34.7,310,11.1,69.0,695,24.8,137,4.9,53.0,358,12.8,0.83,12.3,230,8.2,23.2,433,15.5,5.8,86,3.1,543,19.4,11
Georgia Southern,31,13,18,41.9,2444.0,78.8,48.7,95.4,781,1826,42.8,604,869,69.5,165,487,33.9,47.3,52.1,47.6,52.9,25.9,21.2,0.95,2331,75.2,49.5,1240,40.0,33.1,394,12.7,65.9,846,27.3,144,4.6,46.6,364,11.7,0.62,9.3,228,7.4,23.9,585,18.9,5.5,113,3.6,672,21.7,18
Georgia State,29,15,14,51.7,1980.0,68.3,54.4,105.9,757,1723,43.9,391,559,69.9,192,563,34.1,49.5,52.7,32.4,53.9,18.6,27.5,1.06,2097,72.3,52.7,1099,37.9,36.7,385,13.3,68.7,714,24.6,103,3.6,52.6,398,13.7,1.06,9.9,197,6.8,18.9,375,12.9,4.4,75,2.6,464,16.0,6
Georgia Tech,32,12,20,37.5,2292.0,71.6,48.5,93.1,735,1882,39.1,461,700,65.9,202,641,31.5,44.4,48.2,37.2,50.0,21.6,28.4,0.93,2133,66.7,49.2,1170,36.6,33.0,418,13.1,65.3,752,23.5,123,3.8,54.7,402,12.6,0.81,9.9,226,7.1,21.6,496,15.5,6.9,129,4.0,650,20.3,11
Gonzaga,31,5,26,16.1,2128.0,68.6,50.3,101.5,765,1840,41.6,371,550,67.5,258,729,35.4,48.6,51.4,29.9,47.0,17.2,35.8,1.01,2159,69.6,45.9,944,30.5,30.0,352,11.4,61.7,592,19.1,93,3.0,63.5,486,15.7,1.28,8.6,183,5.9,17.9,380,12.3,3.3,57,1.8,660,21.3,29
Grambling State,26,12,14,46.2,1884.0,72.5,50.5,95.9,651,1504,43.3,386,618,62.5,118,380,31.1,47.2,50.2,41.1,59.0,21.4,19.6,0.96,1806,69.5,51.0,1017,39.1,32.3,313,12.0,69.8,704,27.1,90,3.5,50.5,329,12.7,0.81,10.7,202,7.8,21.5,405,15.6,7.2,111,4.3,478,18.4,8
Grand Canyon,3,3,0,100.0,192.0,64.0,52.6,102.6,70,154,45.5,42,58,72.4,15,51,29.4,50.3,54.3,37.7,55.8,21.3,22.8,1.03,197,65.7,55.2,111,37.0,34.7,33,11.0,75.7,78,26.0,8,2.7,61.4,43,14.3,1.02,10.4,20,6.7,21.9,42,14.0,11.7,18,6.0,41,13.7,0
Green Bay,28,11,17,39.3,1833.0,65.5,53.6,105.1,696,1563,44.5,353,521,67.8,182,532,34.2,50.4,53.2,33.3,53.3,18.3,28.3,1.05,1927,68.8,53.2,971,34.7,35.0,335,12.0,71.5,636,22.7,90,3.2,49.0,341,12.2,0.95,10.1,185,6.6,19.6,360,12.9,5.7,84,3.0,519,18.5,8
Hampton,30,13,17,43.3,2077.0,69.2,48.5,92.4,679,1602,42.4,405,644,62.9,157,489,32.1,47.3,50.3,40.2,54.4,21.1,24.5,0.92,1920,64.0,48.5,1009,33.6,32.9,347,11.6,64.0,662,22.1,132,4.4,52.0,353,11.8,0.69,11.0,229,7.6,24.7,514,17.1,5.9,95,3.2,605,20.2,17
Hartford,28,20,8,71.4,1865.0,66.6,51.5,104.8,636,1432,44.4,480,680,70.6,202,537,37.6,51.5,55.7,47.5,44.4,24.6,31.0,1.05,1954,69.8,50.6,1031,36.8,34.5,317,11.3,66.7,714,25.5,103,3.7,57.2,364,13.0,0.87,10.2,191,6.8,22.5,420,15.0,4.9,79,2.8,463,16.5,8
Harvard,27,15,12,55.6,1898.0,70.3,49.4,98.7,654,1491,43.9,385,554,69.5,181,507,35.7,49.9,53.4,37.2,50.5,20.5,29.0,0.99,1874,69.4,48.6,918,34.0,31.8,299,11.1,65.4,619,22.9,88,3.3,52.4,343,12.7,0.78,14.1,267,9.9,23.2,440,16.3,7.1,107,4.0,516,19.1,7
Hawaii,29,13,16,44.8,1929.0,66.5,51.6,99.8,688,1593,43.2,399,556,71.8,151,435,34.7,47.9,51.9,34.9,55.8,20.7,23.5,1.0,1926,66.4,50.0,1012,34.9,36.6,354,12.2,63.5,658,22.7,84,2.9,54.2,373,12.9,0.87,9.5,183,6.3,22.1,427,14.7,5.0,86,3.0,465,16.0,5
High Point,31,18,13,58.1,2304.0,74.3,49.2,95.7,755,1829,41.3,493,714,69.0,203,605,33.6,46.8,50.9,39.0,50.0,22.3,27.6,0.96,2206,71.2,48.8,1164,37.5,33.6,402,13.0,64.0,762,24.6,133,4.3,58.0,438,14.1,0.83,10.8,248,8.0,22.8,525,16.9,6.9,129,4.2,608,19.6,16
Hofstra,30,9,21,30.0,2040.0,68.0,49.9,97.2,671,1660,40.4,449,654,68.7,191,551,34.7,46.2,50.3,39.4,48.4,22.7,28.9,0.97,1982,66.1,49.3,1052,35.1,34.4,378,12.6,64.3,674,22.5,115,3.8,57.1,383,12.8,0.86,9.4,191,6.4,21.8,444,14.8,5.7,97,3.2,581,19.4,15
Holy Cross,32,7,25,21.9,2076.0,64.9,43.1,87.5,604,1554,38.9,432,587,73.6,177,487,36.3,44.6,49.6,37.8,47.0,23.8,29.2,0.88,1817,56.8,46.4,974,30.4,29.6,301,9.4,63.2,673,21.0,115,3.6,59.6,360,11.2,0.66,10.9,227,7.1,26.3,546,17.1,6.1,105,3.3,577,18.0,13
Houston,32,14,18,43.8,2211.0,69.1,49.3,99.6,710,1555,45.7,603,861,70.0,180,476,37.8,51.4,56.1,55.4,48.1,27.4,24.5,1.0,2203,68.8,51.8,1221,38.2,37.3,366,11.4,66.3,855,26.7,108,3.4,63.9,454,14.2,0.73,7.6,167,5.2,28.3,626,19.6,6.7,131,4.1,589,18.4,13
Houston Baptist,1,1,0,100.0,72.0,72.0,65.1,120.8,38,75,50.7,8,10,80.0,3,9,33.3,52.7,54.5,13.3,80.5,9.2,10.3,1.21,87,87.0,61.5,41,41.0,46.2,18,18.0,76.7,23,23.0,0,0.0,57.9,22,22.0,2.0,20.8,15,15.0,15.3,11,11.0,0.0,0,0.0,13,13.0,0
Howard,28,23,5,82.1,1973.0,70.5,54.7,104.7,708,1542,45.9,496,765,64.8,153,436,35.1,50.9,54.2,49.6,53.8,24.0,22.2,1.05,2065,73.8,53.0,1135,40.5,39.2,383,13.7,66.7,752,26.9,105,3.8,56.6,401,14.3,0.89,8.7,171,6.1,23.0,453,16.2,7.1,117,4.2,495,17.7,10
Idaho,30,22,8,73.3,1945.0,64.8,51.6,101.7,702,1578,44.5,415,606,68.5,160,476,33.6,49.6,53.0,38.4,54.8,21.0,24.3,1.02,1979,66.0,49.6,1049,35.0,33.0,323,10.8,66.2,726,24.2,73,2.4,53.8,378,12.6,0.93,9.1,177,5.9,20.9,407,13.6,4.8,81,2.7,504,16.8,13
Idaho State,27,18,9,66.7,1873.0,69.4,50.6,101.1,645,1468,43.9,405,588,68.9,198,583,34.0,50.7,54.2,40.1,47.2,21.4,31.4,1.01,1893,70.1,53.4,987,36.6,36.6,328,12.1,70.3,659,24.4,76,2.8,61.4,396,14.7,0.87,9.1,170,6.3,24.3,455,16.9,6.1,89,3.3,528,19.6,10
Illinois,39,2,37,5.1,2565.0,65.8,47.7,92.9,869,2094,41.5,411,618,66.5,233,651,35.8,47.1,49.9,29.5,53.4,17.3,29.3,0.93,2382,61.1,48.3,1222,31.3,30.8,406,10.4,65.8,816,20.9,106,2.7,55.5,482,12.4,0.83,7.6,196,5.0,22.6,580,14.9,4.4,99,2.5,597,15.3,8
Illinois State,30,13,17,43.3,1958.0,65.3,51.4,100.2,737,1655,44.5,314,456,68.9,173,496,34.9,49.8,52.4,27.6,57.5,16.0,26.5,1.0,1961,65.4,50.6,983,32.8,32.0,321,10.7,69.2,662,22.1,80,2.7,53.3,393,13.1,0.97,9.2,180,6.0,20.7,405,13.5,6.1,95,3.2,528,17.6,11
Indiana,29,14,15,48.3,1833.0,63.2,51.1,100.7,632,1504,42.0,417,565,73.8,164,495,33.1,47.5,52.0,37.6,50.7,22.6,26.7,1.01,1845,63.6,52.0,977,33.7,36.7,345,11.9,67.4,632,21.8,89,3.1,55.1,348,12.0,0.85,11.1,204,7.0,22.3,409,14.1,5.7,85,2.9,515,17.8,16
Indiana State,31,20,11,64.5,2038.0,65.7,48.6,98.4,730,1632,44.7,377,517,72.9,168,524,32.1,49.9,53.4,31.7,56.1,18.8,25.1,0.98,2005,64.7,50.9,1077,34.7,28.4,277,8.9,73.5,800,25.8,92,3.0,57.5,420,13.5,0.96,9.4,191,6.2,21.5,438,14.1,5.1,83,2.7,582,18.8,18
Iona,31,16,15,51.6,2196.0,70.8,51.1,100.7,744,1813,41.0,510,719,70.9,213,623,34.2,46.9,51.3,39.7,48.0,23.1,28.9,1.01,2211,71.3,50.6,1124,36.3,35.5,418,13.5,65.7,706,22.8,121,3.9,58.2,433,14.0,0.94,10.9,239,7.7,20.9,460,14.8,6.0,105,3.4,619,20.0,19
Iowa,33,12,21,36.4,2292.0,69.5,49.7,96.9,791,1886,41.9,430,646,66.6,209,600,34.8,47.5,50.6,34.3,52.4,19.4,28.2,0.97,2221,67.3,49.7,1151,34.9,32.2,393,11.9,67.1,758,23.0,109,3.3,58.5,463,14.0,0.93,9.9,227,6.9,21.6,496,15.0,5.8,106,3.2,647,19.6,16
Iowa State,31,12,19,38.7,2133.0,68.8,48.3,94.0,720,1736,41.5,357,529,67.5,208,677,30.7,47.5,50.4,30.5,51.1,17.8,31.1,0.94,2005,64.7,50.4,1121,36.2,34.2,376,12.1,66.5,745,24.0,97,3.1,62.4,449,14.5,0.84,10.3,220,7.1,25.0,534,17.2,5.6,100,3.2,543,17.5,17
IPFW,29,22,7,75.9,1917.0,66.1,52.8,106.7,731,1571,46.5,420,570,73.7,164,452,36.3,51.8,55.5,36.3,55.4,20.5,24.0,1.07,2046,70.6,50.0,986,34.0,32.8,304,10.5,67.1,682,23.5,109,3.8,58.5,428,14.8,1.1,12.4,238,8.2,20.2,388,13.4,5.0,77,2.7,500,17.2,7
IUPUI,29,13,16,44.8,1875.0,64.7,51.5,106.2,672,1451,46.3,426,613,69.5,221,558,39.6,53.9,57.1,42.2,45.3,21.4,33.3,1.06,1991,68.7,49.2,954,32.9,34.1,300,10.3,64.2,654,22.6,100,3.4,67.4,453,15.6,1.04,8.2,153,5.3,23.2,435,15.0,4.2,69,2.4,517,17.8,12
Jackson State,32,17,15,53.1,2321.0,72.5,49.7,94.6,735,1713,42.9,562,859,65.4,164,517,31.7,47.7,51.8,50.1,52.0,25.6,22.4,0.95,2196,68.6,50.8,1250,39.1,36.9,416,13.0,64.6,834,26.1,146,4.6,52.7,387,12.1,0.64,11.5,267,8.3,26.0,604,18.9,6.6,127,4.0,613,19.2,11
Jacksonville,29,13,16,44.8,2131.0,73.5,52.3,101.3,742,1756,42.3,471,689,68.4,204,606,33.7,48.1,51.8,39.2,49.8,21.8,28.3,1.01,2159,74.4,53.3,1110,38.3,38.3,432,14.9,68.3,678,23.4,108,3.7,48.0,356,12.3,0.73,11.2,239,8.2,22.9,489,16.9,5.6,90,3.1,528,18.2,10
Jacksonville State,29,22,7,75.9,1994.0,68.8,53.6,109.2,785,1602,49.0,424,592,71.6,184,459,40.1,54.7,57.8,37.0,55.2,19.5,25.3,1.09,2178,75.1,50.4,958,33.0,32.0,292,10.1,68.8,666,23.0,103,3.6,52.4,411,14.2,1.01,10.6,211,7.3,20.4,406,14.0,4.4,70,2.4,498,17.2,9
James Madison,28,22,6,78.6,1875.0,67.0,54.1,107.8,673,1527,44.1,482,699,69.0,194,526,36.9,50.4,54.4,45.8,47.4,23.8,28.8,1.08,2022,72.2,51.5,982,35.1,37.0,348,12.4,66.0,634,22.6,86,3.1,55.3,372,13.3,1.03,12.4,233,8.3,19.3,361,12.9,7.6,110,3.9,533,19.0,14
Kansas,30,7,23,23.3,2064.0,68.8,49.2,94.8,663,1712,38.7,440,652,67.5,190,597,31.8,44.3,48.4,38.1,48.4,22.5,29.1,0.95,1956,65.2,48.9,1027,34.2,33.1,386,12.9,64.7,641,21.4,104,3.5,49.2,326,10.9,0.78,10.5,216,7.2,20.3,418,13.9,4.9,83,2.8,592,19.7,17
Kansas State,29,12,17,41.4,1915.0,66.0,50.3,99.8,693,1606,43.2,321,470,68.3,204,587,34.8,49.5,52.2,29.3,51.2,16.8,32.0,1.0,1911,65.9,48.4,956,33.0,31.7,311,10.7,65.1,645,22.2,74,2.6,65.2,452,15.6,1.16,8.7,167,5.8,20.3,389,13.4,5.7,93,3.2,551,19.0,21
Kent State,33,13,20,39.4,2220.0,67.3,48.9,99.5,775,1710,45.3,443,624,71.0,214,603,35.5,51.6,55.0,36.5,50.8,20.1,29.1,1.0,2209,66.9,48.3,1070,32.4,30.7,318,9.6,65.8,752,22.8,99,3.0,57.5,446,13.5,0.85,10.1,225,6.8,23.6,524,15.9,4.2,78,2.4,615,18.6,14
Kentucky,34,6,28,17.6,2314.0,68.1,47.3,91.9,749,1848,40.5,405,587,69.0,224,680,32.9,46.6,50.0,31.8,49.4,19.0,31.6,0.92,2127,62.6,49.3,1155,34.0,34.3,407,12.0,64.2,748,22.0,101,3.0,51.1,383,11.3,0.64,7.5,173,5.1,25.8,596,17.5,5.7,111,3.3,632,18.6,8
La Salle,29,19,10,65.5,1894.0,65.3,53.7,104.4,724,1685,43.0,298,425,70.1,232,692,33.5,49.9,52.4,25.2,49.7,15.1,35.2,1.04,1978,68.2,55.8,1106,38.1,38.7,397,13.7,73.0,709,24.4,104,3.6,61.3,444,15.3,1.1,9.7,183,6.3,21.2,402,13.9,6.1,93,3.2,502,17.3,10
Lafayette,28,19,9,67.9,2048.0,73.1,51.1,102.4,735,1698,43.3,420,588,71.4,208,615,33.8,49.4,53.1,34.6,50.2,20.0,29.7,1.02,2098,74.9,52.1,1073,38.3,32.2,341,12.2,72.0,732,26.1,93,3.3,51.8,381,13.6,0.93,12.5,255,9.1,19.9,408,14.6,4.6,72,2.6,532,19.0,17
Lamar,29,11,18,37.9,2251.0,77.6,50.8,96.3,761,1804,42.2,449,720,62.4,196,581,33.7,47.6,50.5,39.9,52.1,20.7,27.1,0.96,2167,74.7,50.5,1194,41.2,35.3,422,14.6,65.7,772,26.6,106,3.7,63.3,482,16.6,0.92,9.7,218,7.5,23.3,525,18.1,5.2,95,3.3,650,22.4,24
Lehigh,29,15,14,51.7,1899.0,65.5,45.3,92.5,572,1460,39.2,434,617,70.3,178,517,34.4,45.3,50.1,42.3,44.9,24.7,30.4,0.92,1756,60.6,49.7,1004,34.6,29.1,285,9.8,70.4,719,24.8,133,4.6,63.3,362,12.5,0.84,10.5,199,6.9,22.8,433,14.9,5.7,87,3.0,542,18.7,7
Liberty,28,15,13,53.6,1988.0,71.0,53.8,104.7,741,1708,43.4,447,632,70.7,153,484,31.6,47.9,51.8,37.0,56.5,21.5,22.0,1.05,2082,74.4,50.4,1080,38.6,35.3,378,13.5,65.4,702,25.1,109,3.9,49.4,366,13.1,0.99,12.3,245,8.8,18.6,370,13.2,6.9,111,4.0,552,19.7,14
Lipscomb,28,12,16,42.9,1933.0,69.0,50.1,100.2,683,1566,43.6,399,607,65.7,171,514,33.3,49.1,52.2,38.8,52.9,20.6,26.5,1.0,1936,69.1,46.6,945,33.8,28.4,283,10.1,64.8,662,23.6,99,3.5,52.1,356,12.7,0.98,12.4,239,8.5,18.8,364,13.0,8.1,128,4.6,514,18.4,13
Long Beach State,30,20,10,66.7,1967.0,65.6,52.1,101.2,715,1597,44.8,391,590,66.3,169,483,35.0,50.1,53.0,36.9,54.9,19.6,25.5,1.01,1990,66.3,49.7,1005,33.5,34.3,340,11.3,65.1,665,22.2,95,3.2,55.9,400,13.3,0.93,11.2,220,7.3,21.8,429,14.3,4.5,72,2.4,489,16.3,6
Long Island,29,15,14,51.7,2039.0,70.3,52.1,101.4,754,1676,45.0,421,620,67.9,139,463,30.0,49.1,52.5,37.0,59.5,20.4,20.2,1.01,2068,71.3,50.5,1068,36.8,32.7,339,11.7,68.3,729,25.1,79,2.7,60.5,456,15.7,1.09,10.9,222,7.7,20.6,420,14.5,4.9,80,2.8,602,20.8,16
Longwood,31,30,1,96.8,2312.0,74.6,53.8,107.7,899,1894,47.5,464,683,67.9,228,599,38.1,53.5,56.1,36.1,53.9,18.6,27.5,1.08,2490,80.3,51.5,1271,41.0,33.0,370,11.9,70.1,901,29.1,101,3.3,58.4,525,16.9,1.13,11.1,257,8.3,20.2,466,15.0,6.6,128,4.1,481,15.5,5
Louisiana,31,11,20,35.5,2152.0,69.4,49.5,98.0,723,1613,44.8,473,713,66.3,190,533,35.6,50.7,54.0,44.2,50.5,22.4,27.0,0.98,2109,68.0,47.2,1001,32.3,34.3,342,11.0,60.1,659,21.3,76,2.5,53.7,388,12.5,0.72,10.0,215,6.9,25.0,537,17.3,4.2,75,2.4,581,18.7,19
Louisiana Tech,29,15,14,51.7,2047.0,70.6,51.2,99.9,753,1732,43.5,369,530,69.6,170,489,34.8,48.4,51.5,30.6,57.0,18.0,24.9,1.0,2045,70.5,48.1,1037,35.8,31.9,342,11.8,64.2,695,24.0,110,3.8,52.2,393,13.6,0.97,10.4,212,7.3,19.8,406,14.0,6.8,115,4.0,544,18.8,10
Louisiana-Monroe,27,19,8,70.4,1845.0,68.3,51.5,102.7,666,1454,45.8,406,576,70.5,157,431,36.4,51.2,54.8,39.6,53.7,21.4,24.9,1.03,1895,70.2,49.0,904,33.5,32.8,290,10.7,65.2,614,22.7,79,2.9,57.1,380,14.1,0.95,12.8,237,8.8,21.7,401,14.9,4.8,71,2.6,475,17.6,10
Louisville,38,5,33,13.2,2662.0,70.1,46.5,91.5,823,2116,38.9,528,787,67.1,262,792,33.1,45.1,48.9,37.2,46.1,21.7,32.3,0.92,2436,64.1,46.8,1253,33.0,31.6,456,12.0,62.0,797,21.0,108,2.8,56.7,467,12.3,0.74,9.4,249,6.6,23.7,632,16.6,4.2,92,2.4,794,20.9,26
Loyola (Chicago),30,17,13,56.7,2050.0,68.3,52.4,101.5,735,1698,43.3,422,606,69.6,189,537,35.2,48.9,52.4,35.7,52.5,20.3,27.2,1.02,2081,69.4,53.5,1080,36.0,37.4,398,13.3,69.7,682,22.7,80,2.7,52.9,389,13.0,0.84,11.1,227,7.6,22.6,463,15.4,5.3,86,2.9,528,17.6,10
Loyola (MD),28,22,6,78.6,2014.0,71.9,52.4,105.0,719,1634,44.0,495,715,69.2,182,530,34.3,49.6,53.6,43.8,50.8,23.4,25.8,1.05,2115,75.5,49.7,1014,36.2,33.4,341,12.2,66.0,673,24.0,75,2.7,62.2,447,16.0,1.15,12.0,241,8.6,19.4,390,13.9,8.6,133,4.8,547,19.5,13
Loyola Marymount,28,17,11,60.7,1967.0,70.2,49.8,100.5,671,1457,46.1,463,675,68.6,171,453,37.7,51.9,55.6,46.3,50.6,23.4,26.0,1.0,1976,70.6,50.6,1017,36.3,33.1,298,10.6,68.0,719,25.7,85,3.0,54.4,365,13.0,0.75,9.2,180,6.4,24.9,489,17.5,5.9,99,3.5,511,18.2,12
LSU,30,10,20,33.3,2067.0,68.9,51.2,103.6,776,1746,44.4,365,532,68.6,225,592,38.0,50.9,53.6,30.5,51.4,17.0,31.5,1.04,2142,71.4,47.3,963,32.1,29.4,311,10.4,65.1,652,21.7,85,2.8,45.5,353,11.8,0.94,9.1,189,6.3,18.2,376,12.5,4.8,81,2.7,572,19.1,15
Maine,29,15,14,51.7,1976.0,68.1,49.7,95.4,663,1598,41.5,409,619,66.1,151,452,33.4,46.2,49.8,38.7,54.3,21.7,24.0,0.95,1886,65.0,48.9,991,34.2,31.9,337,11.6,65.9,654,22.6,100,3.4,52.6,349,12.0,0.84,13.6,268,9.2,21.1,416,14.3,7.6,121,4.2,472,16.3,7
Manhattan,29,14,15,48.3,2022.0,69.7,51.8,100.7,702,1624,43.2,480,690,69.6,153,447,34.2,47.9,52.2,42.5,53.9,23.6,22.5,1.01,2037,70.2,51.5,1072,37.0,36.8,376,13.0,66.2,696,24.0,76,2.6,53.4,375,12.9,0.82,9.4,190,6.6,22.6,457,15.8,7.2,123,4.2,539,18.6,14
Marist,28,17,11,60.7,1914.0,68.4,52.6,106.4,721,1631,44.2,402,557,72.2,193,565,34.2,50.1,53.7,34.2,51.8,19.7,28.4,1.06,2037,72.8,51.8,1008,36.0,31.5,316,11.3,72.1,692,24.7,79,2.8,48.4,349,12.5,1.02,11.5,220,7.9,17.9,342,12.2,6.3,97,3.5,519,18.5,12
Marquette,31,12,19,38.7,1977.0,63.8,51.5,101.6,691,1691,40.9,424,638,66.5,202,604,33.4,46.8,50.3,37.7,48.7,21.1,30.2,1.02,2008,64.8,46.2,964,31.1,32.7,356,11.5,59.7,608,19.6,72,2.3,59.5,411,13.3,1.21,11.5,227,7.3,17.2,341,11.0,4.1,67,2.2,583,18.8,15
Marshall,28,22,6,78.6,1866.0,66.6,55.1,110.8,722,1545,46.7,430,610,70.5,194,514,37.7,53.0,56.4,39.5,51.1,20.8,28.1,1.11,2068,73.9,50.8,966,34.5,36.5,333,11.9,65.1,633,22.6,83,3.0,60.2,435,15.5,1.17,11.6,216,7.7,19.9,371,13.2,4.9,74,2.6,545,19.5,10
Maryland,32,13,19,40.6,2511.0,78.5,50.3,96.9,854,2096,40.7,485,726,66.8,239,695,34.4,46.4,49.8,34.6,50.6,19.9,29.5,0.97,2432,76.0,48.5,1278,39.9,34.0,467,14.6,62.9,811,25.3,132,4.1,52.3,447,14.0,0.85,10.6,267,8.3,21.0,528,16.5,7.8,163,5.1,663,20.7,21
Maryland-Baltimore County,29,18,11,62.1,1887.0,65.1,51.3,102.0,656,1540,42.6,437,617,70.8,175,547,32.0,48.3,52.5,40.1,50.0,22.7,27.3,1.02,1924,66.3,49.6,1044,36.0,33.6,335,11.6,65.6,709,24.4,98,3.4,54.7,359,12.4,0.92,10.4,196,6.8,20.7,390,13.4,6.8,109,3.8,524,18.1,19
Maryland-Eastern Shore,28,26,2,92.9,2047.0,73.1,55.9,108.8,836,1703,49.1,394,618,63.8,161,452,35.6,53.8,55.8,36.3,60.6,17.7,21.7,1.09,2227,79.5,52.5,1060,37.9,34.3,336,12.0,70.8,724,25.9,87,3.1,56.2,470,16.8,1.2,15.9,326,11.6,19.2,393,14.0,4.8,69,2.5,516,18.4,9
Massachusetts,28,12,16,42.9,1845.0,63.6,52.5,99.8,659,1622,40.6,343,495,69.3,180,550,32.7,46.2,49.6,30.5,52.0,18.6,29.3,1.0,1841,65.8,51.2,971,34.7,38.1,391,14.0,64.2,580,20.7,84,3.0,60.4,398,14.2,1.05,11.2,206,7.4,20.5,378,13.5,5.9,88,3.1,466,16.6,8
McNeese State,28,15,13,53.6,2105.0,75.2,48.2,98.3,680,1443,47.1,543,808,67.2,167,437,38.2,52.9,56.7,56.0,49.6,26.2,24.2,0.98,2070,73.9,48.3,972,34.7,31.4,290,10.4,65.1,682,24.4,96,3.4,56.5,384,13.7,0.67,11.6,244,8.7,27.1,571,20.4,3.9,65,2.3,577,20.6,14
Memphis,38,16,22,42.1,2596.0,68.3,50.5,95.9,827,2155,38.4,610,898,67.9,226,692,32.7,43.6,48.2,41.7,48.3,24.5,27.2,0.96,2490,65.5,48.4,1344,35.4,37.1,537,14.1,59.7,807,21.2,129,3.4,54.9,454,11.9,0.83,11.0,286,7.5,21.1,547,14.4,6.0,129,3.4,807,21.2,19
Mercer,28,12,16,42.9,2138.0,76.4,52.0,101.7,805,1766,45.6,335,517,64.8,230,609,37.8,52.1,54.1,29.3,52.9,15.4,31.7,1.02,2175,77.7,49.5,1076,38.4,34.5,369,13.2,64.6,707,25.2,82,2.9,52.3,421,15.0,0.86,11.4,244,8.7,23.0,492,17.6,5.6,100,3.6,541,19.3,17
Miami (FL),29,13,16,44.8,1971.0,68.0,51.4,102.5,724,1700,42.6,336,508,66.1,236,653,36.1,49.5,52.0,29.9,48.3,16.6,35.0,1.02,2020,69.7,47.0,1024,35.3,33.2,355,12.2,60.7,669,23.1,118,4.1,51.0,369,12.7,0.93,8.6,170,5.9,20.2,398,13.7,6.6,117,4.0,503,17.3,7
Miami (OH),30,11,19,36.7,1870.0,62.3,48.5,98.3,627,1542,40.7,410,594,69.0,174,525,33.1,46.3,50.4,38.5,49.3,22.3,28.4,0.98,1838,61.3,45.8,889,29.6,27.7,284,9.5,63.8,605,20.2,83,2.8,49.0,307,10.2,0.91,11.4,214,7.1,18.0,336,11.2,5.6,86,2.9,546,18.2,14
Michigan,31,18,13,58.1,1966.0,63.4,51.9,100.9,710,1654,42.9,374,536,69.8,189,550,34.4,48.6,51.9,32.4,52.5,18.9,28.6,1.01,1983,64.0,51.4,1000,32.3,36.5,370,11.9,66.2,630,20.3,92,3.0,63.1,448,14.5,1.05,11.2,220,7.1,21.6,425,13.7,5.5,85,2.7,556,17.9,5
Michigan State,33,7,26,21.2,2255.0,68.3,47.7,95.7,752,1755,42.8,446,666,67.0,209,589,35.5,48.8,52.1,37.9,50.3,20.7,29.0,0.96,2159,65.4,45.5,973,29.5,29.0,327,9.9,61.9,646,19.6,96,2.9,53.7,404,12.2,0.8,10.1,227,6.9,22.4,506,15.3,4.2,78,2.4,626,19.0,21
Middle Tennessee State,31,12,19,38.7,2121.0,68.4,46.9,95.6,699,1654,42.3,435,623,69.8,195,563,34.6,48.2,52.0,37.7,49.7,21.4,28.8,0.96,2028,65.4,45.7,1002,32.3,28.0,296,9.5,63.4,706,22.8,107,3.5,50.6,354,11.4,0.76,10.3,218,7.0,22.0,466,15.0,5.7,100,3.2,605,19.5,21
Milwaukee,32,6,26,18.8,2202.0,68.8,48.4,93.5,720,1745,41.3,444,633,70.1,175,570,30.7,46.3,50.3,36.3,52.9,21.6,25.5,0.94,2059,64.3,49.2,1116,34.9,35.3,397,12.4,63.1,719,22.5,131,4.1,48.7,351,11.0,0.62,9.4,208,6.5,25.5,562,17.6,4.5,83,2.6,623,19.5,14
Minnesota,32,11,21,34.4,2168.0,67.8,47.4,92.8,728,1715,42.4,380,539,70.5,176,556,31.7,47.6,51.0,31.4,54.9,18.9,26.2,0.93,2012,62.9,48.2,1007,31.5,32.5,346,10.8,63.9,661,20.7,86,2.7,57.8,421,13.2,0.77,12.0,261,8.2,25.3,549,17.2,7.6,129,4.0,604,18.9,16
Mississippi State,34,11,23,32.4,2346.0,69.0,48.7,95.7,819,2001,40.9,378,560,67.5,229,722,31.7,46.7,49.5,28.0,52.6,16.8,30.6,0.96,2245,66.0,44.6,1101,32.4,29.6,378,11.1,59.5,723,21.3,84,2.5,55.3,453,13.3,0.99,11.4,267,7.9,19.6,459,13.5,5.6,109,3.2,643,18.9,16
Mississippi Valley State,28,15,13,53.6,1913.0,68.3,49.9,96.4,628,1561,40.2,393,601,65.4,196,571,34.3,46.5,50.0,38.5,46.8,21.3,31.9,0.96,1845,65.9,50.2,1081,38.6,35.8,376,13.4,64.7,705,25.2,119,4.2,60.7,381,13.6,0.84,8.2,157,5.6,23.6,451,16.1,3.9,66,2.4,435,15.5,2
Missouri,33,17,16,51.5,2162.0,65.5,50.9,101.1,770,1765,43.6,459,646,71.1,187,515,36.3,48.9,52.8,36.6,53.3,21.0,25.7,1.01,2186,66.2,48.9,1115,33.8,32.2,355,10.8,65.5,760,23.0,102,3.1,55.8,430,13.0,0.97,10.5,226,6.8,20.6,445,13.5,5.6,99,3.0,628,19.0,17
Missouri State,32,13,19,40.6,2207.0,69.0,47.5,98.2,725,1710,42.4,484,676,71.6,233,620,37.6,49.2,53.3,39.5,45.4,22.3,32.3,0.98,2167,67.7,45.5,1012,31.6,30.3,331,10.3,60.7,681,21.3,109,3.4,55.4,402,12.6,0.79,10.6,234,7.3,23.2,512,16.0,6.7,120,3.8,681,21.3,22
Missouri-Kansas City,28,12,16,42.9,1905.0,68.0,54.9,106.2,748,1636,45.7,326,508,64.2,201,530,37.9,51.9,53.9,31.1,54.1,16.1,29.8,1.06,2023,72.2,51.3,992,35.4,37.3,361,12.9,65.3,631,22.5,86,3.1,55.7,417,14.9,1.08,10.4,199,7.1,20.2,385,13.8,4.6,74,2.6,518,18.5,13
Monmouth,29,13,16,44.8,1852.0,63.9,50.4,98.9,643,1568,41.0,336,475,70.7,210,634,33.1,47.7,51.1,30.3,47.3,18.3,34.4,0.99,1832,63.2,55.1,997,34.4,34.7,350,12.1,75.5,647,22.3,105,3.6,61.3,394,13.6,0.98,10.7,199,6.9,21.8,403,13.9,4.6,65,2.2,525,18.1,12
Montana,31,13,18,41.9,2169.0,70.0,49.1,98.3,772,1819,42.4,381,548,69.5,207,628,33.0,48.1,51.3,30.1,53.0,17.9,29.1,0.98,2132,68.8,48.7,1008,32.5,29.6,334,10.8,67.7,674,21.7,87,2.8,56.0,432,13.9,1.0,12.1,263,8.5,19.9,432,13.9,6.5,104,3.4,642,20.7,24
Montana State,28,14,14,50.0,1969.0,70.3,48.7,95.9,668,1602,41.7,358,546,65.6,194,581,33.4,47.8,50.7,34.1,50.2,19.0,30.8,0.96,1888,67.4,53.0,1046,37.4,31.5,323,11.5,74.5,723,25.8,107,3.8,59.9,400,14.3,0.93,10.4,205,7.3,21.9,431,15.4,4.0,63,2.2,477,17.0,7
Morehead State,27,16,11,59.3,1779.0,65.9,53.4,106.0,678,1563,43.4,307,444,69.1,222,633,35.1,50.5,53.1,28.4,48.4,16.3,35.3,1.06,1885,69.8,53.9,908,33.6,35.8,343,12.7,72.0,565,20.9,91,3.4,60.9,413,15.3,1.19,11.4,203,7.5,19.6,348,12.9,7.0,92,3.4,491,18.2,14
Morgan State,30,16,14,53.3,2109.0,70.3,48.1,96.2,687,1511,45.5,486,742,65.5,169,469,36.0,51.1,54.4,49.1,51.1,24.0,25.0,0.96,2029,67.6,50.1,1042,34.7,31.8,304,10.1,68.3,738,24.6,86,2.9,49.5,340,11.3,0.62,10.7,225,7.5,26.0,548,18.3,5.5,93,3.1,537,17.9,9
Mount St. Mary's,27,20,7,74.1,1841.0,68.2,52.8,105.2,685,1420,48.2,421,627,67.1,145,416,34.9,53.3,56.4,44.2,55.8,21.7,22.5,1.05,1936,71.7,51.2,951,35.2,33.1,278,10.3,69.3,673,24.9,70,2.6,54.5,373,13.8,0.93,10.4,192,7.1,21.9,403,14.9,5.5,84,3.1,479,17.7,10
Murray State,28,11,17,39.3,1830.0,65.4,49.4,100.6,634,1363,46.5,413,590,70.0,160,422,37.9,52.4,56.0,43.3,51.5,22.4,26.1,1.01,1841,65.8,46.0,861,30.8,30.5,253,9.0,61.5,608,21.7,94,3.4,62.1,394,14.1,0.91,9.3,170,6.1,23.7,434,15.5,5.7,92,3.3,486,17.4,11
Navy,28,19,9,67.9,2101.0,75.0,49.1,99.2,702,1588,44.2,505,738,68.4,175,529,33.1,49.7,53.8,46.5,50.6,24.2,25.2,0.99,2084,74.4,45.8,1007,36.0,31.0,314,11.2,60.6,693,24.8,109,3.9,55.1,387,13.8,0.8,12.9,272,9.7,22.9,482,17.2,6.7,111,4.0,633,22.6,18
NC State,35,14,21,40.0,2328.0,66.5,50.8,99.4,804,1860,43.2,508,729,69.7,198,571,34.7,48.5,52.4,39.2,52.4,22.0,25.7,0.99,2314,66.1,51.7,1200,34.3,35.6,412,11.8,67.8,788,22.5,102,2.9,50.2,404,11.5,0.76,9.4,219,6.3,23.0,535,15.3,5.7,110,3.1,686,19.6,18
Nebraska,28,14,14,50.0,1880.0,67.1,47.1,95.2,618,1494,41.4,385,567,67.9,169,520,32.5,47.0,50.8,38.0,50.2,21.5,28.3,0.95,1790,63.9,45.8,925,33.0,27.5,268,9.6,64.1,657,23.5,93,3.3,52.3,323,11.5,0.83,10.0,188,6.7,20.6,387,13.8,6.7,104,3.7,557,19.9,18
Nebraska-Omaha,1,1,0,100.0,74.0,74.0,52.9,118.9,27,48,56.2,26,34,76.5,8,14,57.1,64.6,68.6,70.8,43.2,29.5,27.3,1.19,88,88.0,55.8,38,38.0,33.3,9,9.0,78.4,29,29.0,7,7.0,66.7,18,18.0,0.9,4.1,3,3.0,27.0,20,20.0,10.4,5,5.0,24,24.0,1
Nevada,32,7,25,21.9,2177.0,68.0,47.1,90.7,727,1872,38.8,349,500,69.8,171,560,30.5,43.4,46.8,26.7,56.3,17.7,26.0,0.91,1974,61.7,45.9,1026,32.1,28.9,356,11.1,62.9,670,20.9,134,4.2,53.9,392,12.2,0.92,11.1,241,7.5,19.7,428,13.4,5.8,100,3.1,628,19.6,17
New Hampshire,28,19,9,67.9,1898.0,67.8,52.5,102.6,705,1663,42.4,330,460,71.7,207,616,33.6,48.6,51.7,27.7,51.2,16.9,31.9,1.03,1947,69.5,53.0,1014,36.2,36.7,377,13.5,69.3,637,22.8,72,2.6,54.9,387,13.8,0.98,12.5,238,8.5,20.9,396,14.1,5.3,79,2.8,487,17.4,13
New Mexico,33,7,26,21.2,2216.0,67.2,48.9,95.7,774,1860,41.6,355,513,69.2,218,692,31.5,47.5,50.4,27.6,52.4,16.7,30.8,0.96,2121,64.3,49.7,1059,32.1,31.6,370,11.2,67.8,689,20.9,104,3.2,57.1,442,13.4,0.92,10.6,234,7.1,21.7,480,14.5,6.2,108,3.3,665,20.2,17
New Mexico State,30,24,6,80.0,2110.0,70.3,54.7,107.5,813,1798,45.2,447,608,73.5,195,551,35.4,50.6,54.3,33.8,54.5,19.7,25.8,1.07,2268,75.6,53.8,1164,38.8,36.9,403,13.4,70.7,761,25.4,86,2.9,49.6,403,13.4,0.95,8.8,186,6.2,20.1,425,14.2,5.1,86,2.9,557,18.6,7
New Orleans,30,17,13,56.7,1984.0,66.1,53.4,104.7,730,1657,44.1,425,612,69.4,193,522,37.0,49.9,53.3,36.9,51.7,20.5,27.9,1.05,2078,69.3,49.8,1082,36.1,35.6,371,12.4,64.1,711,23.7,85,2.8,53.2,388,12.9,0.96,10.0,199,6.6,20.5,406,13.5,7.2,123,4.1,544,18.1,6
Niagara,30,10,20,33.3,2201.0,73.4,52.6,106.8,849,1825,46.5,467,636,73.4,186,523,35.6,51.6,55.3,34.8,56.4,19.9,23.7,1.07,2351,78.4,44.6,1014,33.8,29.4,312,10.4,59.8,702,23.4,79,2.6,58.2,494,16.5,1.29,8.3,183,6.1,17.4,382,12.7,6.2,119,4.0,622,20.7,20
Nicholls State,27,21,6,77.8,1996.0,73.9,53.1,106.2,765,1612,47.5,397,587,67.6,192,529,36.3,53.4,56.0,36.4,54.1,18.7,27.2,1.06,2119,78.5,51.3,1063,39.4,32.6,312,11.6,70.1,751,27.8,93,3.4,51.2,392,14.5,0.94,10.1,201,7.4,20.8,416,15.4,7.3,120,4.4,552,20.4,5
Norfolk State,27,14,13,51.9,1810.0,67.0,48.7,92.0,584,1496,39.0,355,530,67.0,142,562,25.3,43.8,47.6,35.4,53.1,21.3,25.6,0.92,1665,61.7,48.6,928,34.4,33.9,341,12.6,63.2,587,21.7,122,4.5,50.5,295,10.9,0.73,12.7,229,8.5,22.4,405,15.0,5.8,82,3.0,505,18.7,9
North Carolina,37,4,33,10.8,2816.0,76.1,46.6,92.3,913,2274,40.1,490,689,71.1,284,834,34.1,46.4,50.0,30.3,48.4,18.8,32.8,0.92,2600,70.3,45.9,1222,33.0,31.2,452,12.2,60.5,770,20.8,127,3.4,54.8,500,13.5,0.76,11.6,328,8.9,23.4,658,17.8,7.7,173,4.7,807,21.8,32
North Carolina A&T,30,24,6,80.0,2308.0,76.9,50.2,96.1,763,1687,45.2,512,787,65.1,181,497,36.4,50.6,53.8,46.7,52.5,23.1,24.5,0.96,2219,74.0,54.0,1260,42.0,38.0,405,13.5,70.1,855,28.5,122,4.1,54.1,413,13.8,0.64,12.1,280,9.3,27.8,642,21.4,5.8,103,3.4,602,20.1,14
North Carolina-Asheville,28,17,11,60.7,1993.0,71.2,54.6,106.3,760,1668,45.6,414,609,68.0,184,518,35.5,51.1,54.1,36.5,54.4,19.5,26.1,1.06,2118,75.6,50.8,1046,37.4,37.0,375,13.4,64.5,671,24.0,75,2.7,61.7,469,16.8,1.15,12.9,257,9.2,20.5,409,14.6,5.8,96,3.4,501,17.9,9
North Carolina-Greensboro,30,12,18,40.0,2207.0,73.6,53.1,99.0,815,1934,42.1,333,495,67.3,223,612,36.4,47.9,50.4,25.6,54.2,15.2,30.6,0.99,2186,72.9,52.9,1189,39.6,40.6,487,16.2,65.2,702,23.4,77,2.6,54.5,444,14.8,0.86,12.7,281,9.4,23.5,518,17.3,7.2,124,4.1,568,18.9,9
North Carolina-Wilmington,29,10,19,34.5,1879.0,64.8,47.8,97.9,628,1450,43.3,397,594,66.8,187,545,34.3,49.8,53.1,41.0,47.9,21.6,30.5,0.98,1840,63.4,48.3,971,33.5,27.7,261,9.0,68.9,710,24.5,56,1.9,57.3,360,12.4,0.88,8.7,163,5.6,21.9,411,14.2,4.5,72,2.5,546,18.8,12
North Dakota State,8,8,0,100.0,561.0,70.1,55.7,111.4,234,481,48.6,106,147,72.1,51,133,38.3,54.0,56.7,30.6,58.6,17.0,24.5,1.11,625,78.1,52.2,288,36.0,33.8,90,11.2,70.7,198,24.8,21,2.6,64.1,150,18.8,1.49,15.0,84,10.5,18.0,101,12.6,6.8,31,3.9,116,14.5,2
North Florida,1,1,0,100.0,65.0,65.0,59.4,120.0,27,48,56.2,18,26,69.2,6,13,46.2,62.5,64.6,54.2,53.8,23.1,23.1,1.2,78,78.0,48.6,28,28.0,42.3,11,11.0,54.8,17,17.0,4,4.0,44.4,12,12.0,0.75,15.4,10,10.0,24.6,16,16.0,10.2,5,5.0,20,20.0,1
North Texas,28,14,14,50.0,2066.0,73.8,50.8,99.9,706,1637,43.1,464,696,66.7,188,512,36.7,48.9,52.4,42.5,50.2,22.5,27.3,1.0,2064,73.7,49.0,1049,37.5,33.6,355,12.7,64.3,694,24.8,103,3.7,47.0,332,11.9,0.74,11.1,230,8.2,21.8,450,16.1,5.2,89,3.2,555,19.8,25
Northeastern,31,10,21,32.3,2210.0,71.3,53.3,98.1,832,1965,42.3,334,487,68.6,171,528,32.4,46.7,49.4,24.8,60.9,15.4,23.7,0.98,2169,70.0,54.7,1269,40.9,38.4,467,15.1,71.0,802,25.9,113,3.6,53.1,442,14.3,0.94,9.6,213,6.9,21.3,471,15.2,4.9,91,2.9,542,17.5,19
Northern Arizona,28,17,11,60.7,2058.0,73.5,49.4,102.7,744,1608,46.3,416,577,72.1,210,568,37.0,52.8,56.2,35.9,50.5,19.7,29.8,1.03,2114,75.5,49.1,953,34.0,28.3,268,9.6,69.9,685,24.5,83,3.0,57.9,431,15.4,0.98,8.9,184,6.6,21.5,442,15.8,7.1,116,4.1,600,21.4,16
Northern Colorado,29,21,8,72.4,2022.0,69.7,53.0,107.1,764,1650,46.3,445,622,71.5,193,529,36.5,52.2,55.7,37.7,52.7,20.5,26.7,1.07,2166,74.7,50.7,989,34.1,33.8,329,11.3,67.6,660,22.8,75,2.6,59.9,458,15.8,1.11,12.5,253,8.7,20.4,412,14.2,6.5,102,3.5,498,17.2,10
Northern Illinois,28,17,11,60.7,1821.0,65.0,53.7,106.4,690,1544,44.7,376,523,71.9,182,525,34.7,50.6,54.1,33.9,52.4,19.4,28.2,1.06,1938,69.2,51.0,921,32.9,35.6,333,11.9,66.4,588,21.0,95,3.4,54.6,377,13.5,1.05,10.3,187,6.7,19.8,360,12.9,5.5,82,2.9,499,17.8,7
Northern Iowa,32,11,21,34.4,2125.0,66.4,49.2,100.9,766,1774,43.2,397,548,72.4,216,555,38.9,49.3,52.7,30.9,51.3,18.5,30.2,1.01,2145,67.0,50.0,1034,32.3,28.0,307,9.6,72.0,727,22.7,95,3.0,52.5,402,12.6,0.99,8.8,188,5.9,19.1,405,12.7,4.5,80,2.5,574,17.9,5
Northwestern,31,16,15,51.6,1901.0,61.3,50.9,101.0,692,1546,44.8,340,502,67.7,196,560,35.0,51.1,53.8,32.5,51.7,17.7,30.6,1.01,1920,61.9,54.5,1006,32.5,34.0,319,10.3,75.1,687,22.2,93,3.0,58.4,404,13.0,0.92,11.6,220,7.1,23.2,441,14.2,7.6,113,3.6,499,16.1,4
Northwestern State,33,12,21,36.4,2355.0,71.4,49.4,98.4,793,1812,43.8,522,745,70.1,209,561,37.3,49.5,53.5,41.1,50.4,22.5,27.1,0.98,2317,70.2,46.1,1088,33.0,32.9,381,11.5,59.3,707,21.4,115,3.5,60.4,479,14.5,0.85,11.2,263,8.0,24.0,566,17.2,6.6,126,3.8,690,20.9,24
Notre Dame,29,12,17,41.4,1856.0,64.0,52.4,100.1,688,1622,42.4,314,478,65.7,168,474,35.4,47.6,50.2,29.5,56.0,16.9,27.1,1.0,1858,64.1,50.1,1031,35.6,34.0,345,11.9,66.2,686,23.7,105,3.6,57.1,393,13.6,1.13,9.9,183,6.3,18.8,348,12.0,7.3,119,4.1,466,16.1,3
Oakland,32,19,13,59.4,2134.0,66.7,53.8,110.2,830,1755,47.3,433,615,70.4,259,693,37.4,54.7,57.4,35.0,48.6,18.4,33.0,1.1,2352,73.5,50.4,1091,34.1,35.1,357,11.2,65.7,734,22.9,92,2.9,66.4,551,17.2,1.22,8.8,187,5.8,21.1,450,14.1,4.7,85,2.7,594,18.6,15
Ohio,32,11,21,34.4,2135.0,66.7,50.6,101.8,766,1765,43.4,396,540,73.3,246,676,36.4,50.4,53.8,30.6,47.8,18.2,33.9,1.02,2174,67.9,50.8,1069,33.4,35.1,379,11.8,66.5,690,21.6,110,3.4,54.4,417,13.0,0.84,9.6,206,6.4,23.3,497,15.5,6.6,111,3.5,669,20.9,21
Ohio State,32,12,20,37.5,2156.0,67.4,47.9,95.1,745,1775,42.0,383,522,73.4,178,550,32.4,47.0,50.7,29.4,55.3,18.7,26.0,0.95,2051,64.1,51.4,1108,34.6,30.1,328,10.2,72.8,780,24.4,83,2.6,55.4,413,12.9,0.89,8.1,174,5.4,21.6,465,14.5,4.3,80,2.5,490,15.3,9
Oklahoma,33,8,25,24.2,2233.0,67.7,48.6,93.5,750,1744,43.0,463,661,70.0,125,428,29.2,46.6,50.7,37.9,59.9,22.2,18.0,0.94,2088,63.3,46.9,1040,31.5,32.2,354,10.7,61.6,686,20.8,104,3.2,53.2,399,12.1,0.76,10.2,228,6.9,23.6,526,15.9,4.5,85,2.6,594,18.0,18
Oklahoma State,33,7,26,21.2,2222.0,67.3,49.3,96.8,788,1770,44.5,398,574,69.3,177,508,34.8,49.5,52.7,32.4,56.8,18.5,24.7,0.97,2151,65.2,46.7,957,29.0,30.7,332,10.1,62.7,625,18.9,93,2.8,57.5,453,13.7,0.9,8.8,195,5.9,22.6,503,15.2,4.4,81,2.5,638,19.3,16
Old Dominion,34,6,28,17.6,2309.0,67.9,46.4,90.0,753,1849,40.7,375,573,65.4,198,606,32.7,46.1,49.0,31.0,53.4,18.0,28.6,0.9,2079,61.1,48.6,1172,34.5,30.9,372,10.9,66.2,800,23.5,114,3.4,53.4,402,11.8,0.7,7.6,175,5.1,25.0,577,17.0,4.6,90,2.6,651,19.1,12
Ole Miss,31,17,14,54.8,1992.0,64.3,48.8,99.8,667,1459,45.7,472,690,68.4,182,480,37.9,52.0,55.6,47.3,48.8,23.7,27.5,1.0,1988,64.1,49.8,960,31.0,32.1,286,9.2,67.5,674,21.7,88,2.8,56.2,375,12.1,0.76,11.0,219,7.1,24.8,494,15.9,8.1,133,4.3,526,17.0,5
Oral Roberts,33,8,25,24.2,2324.0,70.4,49.5,96.0,812,1927,42.1,430,636,67.6,176,535,32.9,46.7,50.0,33.0,57.0,19.3,23.7,0.96,2230,67.6,47.6,1064,32.2,31.0,374,11.3,64.1,690,20.9,99,3.0,45.1,366,11.1,0.78,9.8,228,6.9,20.3,471,14.3,5.6,105,3.2,666,20.2,17
Oregon,27,13,14,48.1,1872.0,69.3,50.7,102.6,677,1550,43.7,399,557,71.6,168,511,32.9,49.1,52.9,35.9,53.0,20.8,26.2,1.03,1921,71.1,48.7,859,31.8,31.0,287,10.6,66.4,572,21.2,71,2.6,57.6,390,14.4,1.11,9.5,178,6.6,18.8,351,13.0,5.5,80,3.0,514,19.0,14
Oregon State,32,15,17,46.9,2280.0,71.2,54.4,103.6,879,1964,44.8,418,624,67.0,187,590,31.7,49.5,52.3,31.8,58.6,17.7,23.7,1.04,2363,73.8,52.7,1196,37.4,38.1,451,14.1,67.3,745,23.3,144,4.5,49.6,436,13.6,0.91,9.6,219,6.8,21.0,479,15.0,4.6,84,2.6,639,20.0,18
Pacific,31,4,27,12.9,2018.0,65.1,50.6,99.7,754,1823,41.4,284,423,67.1,219,655,33.4,47.4,49.7,23.2,53.2,14.1,32.7,1.0,2011,64.9,47.6,919,29.6,30.1,342,11.0,65.1,577,18.6,76,2.5,51.6,389,12.5,1.13,11.2,226,7.3,17.0,344,11.1,4.5,72,2.3,565,18.2,12
Penn State,30,23,7,76.7,1984.0,66.1,53.4,106.9,796,1756,45.3,293,430,68.1,236,634,37.2,52.1,54.1,24.5,52.8,13.8,33.4,1.07,2121,70.7,48.4,990,33.0,33.1,337,11.2,63.7,653,21.8,65,2.2,62.6,498,16.6,1.36,12.6,249,8.3,18.4,366,12.2,7.0,110,3.7,548,18.3,8
Pennsylvania,29,9,20,31.0,1976.0,68.1,46.0,90.5,619,1534,40.4,373,585,63.8,177,531,33.3,46.1,49.3,38.1,49.4,20.9,29.7,0.9,1788,61.7,46.9,952,32.8,29.4,301,10.4,64.3,651,22.4,109,3.8,53.5,331,11.4,0.71,10.9,216,7.4,23.5,465,16.0,6.2,98,3.4,582,20.1,15
Pepperdine,31,14,17,45.2,2222.0,71.7,51.8,103.5,802,1828,43.9,457,641,71.3,239,644,37.1,50.4,53.9,35.1,49.0,19.9,31.2,1.04,2300,74.2,50.2,1148,37.0,35.3,396,12.8,65.1,752,24.3,104,3.4,52.5,421,13.6,0.87,9.0,201,6.5,21.9,486,15.7,4.1,76,2.5,624,20.1,24
Pittsburgh,29,9,20,31.0,1892.0,65.2,49.1,97.4,647,1601,40.4,354,502,70.5,194,572,33.9,46.5,50.1,31.4,49.2,19.2,31.6,0.97,1842,63.5,44.1,855,29.5,31.9,323,11.1,56.2,532,18.3,114,3.9,61.8,400,13.8,1.07,8.1,154,5.3,19.8,374,12.9,6.1,95,3.3,569,19.6,17
Portland,30,15,15,50.0,2032.0,67.7,51.5,100.5,703,1657,42.4,448,645,69.5,188,572,32.9,48.1,52.0,38.9,50.4,21.9,27.6,1.0,2042,68.1,52.2,1044,34.8,37.4,389,13.0,66.9,655,21.8,109,3.6,56.3,396,13.2,0.85,8.6,175,5.8,22.8,464,15.5,6.7,107,3.6,593,19.8,13
Portland State,28,9,19,32.1,2001.0,71.5,47.7,96.0,651,1528,42.6,473,649,72.9,146,440,33.2,47.4,52.3,42.5,52.6,24.6,22.8,0.96,1921,68.6,49.9,903,32.2,30.5,295,10.5,69.3,608,21.7,100,3.6,52.2,340,12.1,0.75,10.7,215,7.7,22.8,456,16.3,4.2,61,2.2,607,21.7,22
Prairie View A&M,28,23,5,82.1,2017.0,72.0,53.7,99.7,723,1595,45.3,433,712,60.8,131,430,30.5,49.4,52.0,44.6,58.9,21.5,19.6,1.0,2010,71.8,55.3,1210,43.2,37.1,382,13.6,73.5,828,29.6,103,3.7,60.9,440,15.7,0.95,11.3,228,8.1,22.9,462,16.5,8.2,130,4.6,506,18.1,15
Princeton,28,13,15,46.4,1557.0,55.6,48.6,97.7,470,1147,41.0,460,654,70.3,121,388,31.2,46.3,52.2,57.0,45.9,30.2,23.9,0.98,1521,54.3,54.8,773,27.6,34.6,268,9.6,75.1,505,18.0,76,2.7,55.7,262,9.4,0.7,11.5,179,6.4,24.0,373,13.3,5.1,57,2.0,482,17.2,14
Providence,31,17,14,54.8,2179.0,70.3,53.9,102.9,782,1850,42.3,492,704,69.9,186,578,32.2,47.3,51.3,38.1,53.2,21.9,24.9,1.03,2242,72.3,50.8,1118,36.1,39.4,456,14.7,62.3,662,21.4,118,3.8,55.4,433,14.0,0.97,12.1,264,8.5,20.5,446,14.4,5.9,110,3.5,519,16.7,11
Purdue,28,21,7,75.0,1817.0,64.9,52.8,104.9,665,1485,44.8,366,551,66.4,210,519,40.5,51.9,54.6,37.1,47.7,19.2,33.1,1.05,1906,68.1,49.6,918,32.8,35.4,319,11.4,63.8,599,21.4,107,3.8,63.3,421,15.0,1.12,10.7,194,6.9,20.7,377,13.5,7.0,106,3.8,487,17.4,9
Quinnipiac,27,17,10,63.0,1988.0,73.6,53.6,107.2,727,1618,44.9,514,725,70.9,163,499,32.7,50.0,54.3,44.8,52.9,24.1,22.9,1.07,2131,78.9,51.6,1010,37.4,34.4,348,12.9,68.7,662,24.5,80,3.0,53.9,392,14.5,1.01,9.1,181,6.7,19.5,388,14.4,7.0,111,4.1,527,19.5,9
Radford,28,16,12,57.1,1933.0,69.0,53.3,104.0,721,1596,45.2,396,578,68.5,173,546,31.7,50.6,53.8,36.2,54.5,19.7,25.8,1.04,2011,71.8,51.4,1031,36.8,35.5,345,12.3,67.3,686,24.5,130,4.6,51.7,373,13.3,0.92,9.5,184,6.6,20.9,404,14.4,4.4,72,2.6,485,17.3,11
Rhode Island,28,22,6,78.6,1743.0,62.2,50.8,102.9,603,1431,42.1,390,572,68.2,198,543,36.5,49.1,52.7,40.0,45.2,21.7,33.1,1.03,1794,64.1,45.9,916,32.7,33.3,300,10.7,58.4,616,22.0,83,3.0,63.5,383,13.7,1.11,11.6,203,7.2,19.8,345,12.3,8.5,130,4.6,489,17.5,6
Rice,31,12,19,38.7,2161.0,69.7,53.0,100.4,799,1910,41.8,378,559,67.6,194,576,33.7,46.9,49.9,29.3,55.8,17.4,26.8,1.0,2170,70.0,50.5,1097,35.4,35.2,429,13.8,65.8,668,21.5,102,3.3,60.2,481,15.5,1.18,10.8,234,7.5,18.9,408,13.2,5.7,100,3.2,548,17.7,11
Richmond,29,15,14,51.7,1936.0,66.8,52.4,103.8,675,1568,43.0,450,665,67.7,209,574,36.4,49.7,53.3,42.4,46.4,22.4,31.2,1.04,2009,69.3,52.8,1045,36.0,37.3,372,12.8,68.2,673,23.2,77,2.7,58.5,395,13.6,0.92,10.2,198,6.8,22.3,431,14.9,6.3,99,3.4,566,19.5,10
Rider,30,11,19,36.7,2079.0,69.3,52.9,103.8,794,1792,44.3,380,542,70.1,189,618,30.6,49.6,52.6,30.2,56.1,17.6,26.3,1.04,2157,71.9,50.4,1098,36.6,33.4,367,12.2,67.4,731,24.4,105,3.5,57.4,456,15.2,1.13,9.6,200,6.7,19.4,404,13.5,6.5,117,3.9,530,17.7,14
Robert Morris,29,15,14,51.7,1935.0,66.7,52.9,105.2,751,1570,47.8,336,493,68.2,197,551,35.8,54.1,56.4,31.4,54.4,16.5,29.0,1.05,2035,70.2,52.2,988,34.1,33.8,305,10.5,70.6,683,23.6,81,2.8,56.9,427,14.7,1.0,8.9,173,6.0,22.1,428,14.8,3.9,61,2.1,527,18.2,8
Rutgers,29,19,10,65.5,1876.0,64.7,55.2,108.0,748,1607,46.5,325,483,67.3,205,574,35.7,52.9,55.2,30.1,53.6,16.0,30.4,1.08,2026,69.9,52.2,1065,36.7,36.6,346,11.9,67.8,719,24.8,82,2.8,57.9,433,14.9,1.15,8.6,161,5.6,20.0,375,12.9,7.7,127,4.4,480,16.6,6
Sacramento State,28,16,12,57.1,2015.0,72.0,50.5,101.2,678,1486,45.6,523,741,70.6,161,477,33.8,51.0,55.5,49.9,50.7,25.6,23.7,1.01,2040,72.9,50.3,1081,38.6,35.9,331,11.8,64.7,750,26.8,118,4.2,59.4,403,14.4,0.79,9.3,188,6.7,25.5,513,18.3,5.7,97,3.5,547,19.5,18
Sacred Heart,27,23,4,85.2,1913.0,70.9,51.4,105.0,683,1499,45.6,444,629,70.6,199,524,38.0,52.2,55.9,42.0,48.2,22.1,29.7,1.05,2009,74.4,49.7,932,34.5,32.7,297,11.0,66.6,635,23.5,85,3.1,56.5,386,14.3,0.95,10.7,204,7.6,21.3,408,15.1,5.3,79,2.9,509,18.9,14
Saint Louis,30,21,9,70.0,1873.0,62.4,48.8,97.4,650,1623,40.0,308,447,68.9,216,607,35.6,46.7,49.7,27.5,47.6,16.9,35.5,0.97,1824,60.8,51.4,1026,34.2,30.3,315,10.5,72.5,711,23.7,99,3.3,55.5,361,12.0,1.01,10.0,188,6.3,19.0,356,11.9,5.9,88,2.9,507,16.9,13
Saint Mary's,34,9,25,26.5,2290.0,67.4,50.5,95.1,814,1921,42.4,406,609,66.7,144,443,32.5,46.1,49.3,31.7,61.5,18.6,19.8,0.95,2178,64.1,47.6,1103,32.4,32.6,396,11.6,62.5,707,20.8,149,4.4,43.6,355,10.4,0.74,9.7,222,6.5,20.8,477,14.0,6.1,110,3.2,691,20.3,20
Sam Houston State,30,12,18,40.0,2217.0,76.4,46.9,91.0,676,1738,38.9,516,743,69.4,150,514,29.2,43.2,48.3,42.8,52.1,25.6,22.3,0.91,2018,67.3,48.7,1088,36.3,31.8,376,12.5,65.6,712,23.7,97,3.2,59.2,400,13.3,0.79,11.7,259,8.6,22.8,505,16.8,5.2,90,3.0,662,22.1,19
Samford,28,13,15,46.4,1640.0,58.6,52.7,106.1,650,1348,48.2,276,382,72.3,164,425,38.6,54.3,56.9,28.3,55.9,15.9,28.3,1.06,1740,62.1,56.4,790,28.2,34.0,260,9.3,78.8,530,18.9,54,1.9,50.8,330,11.8,0.87,10.2,168,6.0,23.0,378,13.5,5.5,67,2.4,455,16.2,7
San Diego,29,13,16,44.8,2106.0,72.6,50.3,101.1,754,1660,45.4,437,610,71.6,185,512,36.1,51.0,54.6,36.7,53.4,20.5,26.1,1.01,2130,73.4,49.2,946,32.6,31.7,320,11.0,66.7,626,21.6,76,2.6,55.8,421,14.5,0.88,11.0,232,8.0,22.6,477,16.4,6.4,104,3.6,574,19.8,13
San Diego State,29,18,11,62.1,1962.0,67.7,53.3,105.1,738,1599,46.2,385,532,72.4,201,561,35.8,52.4,55.7,33.3,52.1,18.7,29.2,1.05,2062,71.1,51.2,1003,34.6,37.5,348,12.0,64.8,655,22.6,97,3.3,58.5,432,14.9,0.98,10.0,197,6.8,22.4,440,15.2,5.8,94,3.2,520,17.9,9
San Francisco,31,14,17,45.2,2172.0,70.1,50.0,98.3,738,1723,42.8,477,682,69.9,183,539,34.0,48.1,52.2,39.6,52.0,22.3,25.7,0.98,2136,68.9,51.4,1205,38.9,33.7,370,11.9,69.1,835,26.9,104,3.4,52.8,390,12.6,0.79,7.8,169,5.5,22.7,494,15.9,3.6,67,2.2,542,17.5,16
San Jose State,29,23,6,79.3,1924.0,66.3,53.4,107.2,745,1631,45.7,379,517,73.3,193,565,34.2,51.6,54.9,31.7,53.5,18.4,28.1,1.07,2062,71.1,53.9,1058,36.5,34.5,325,11.2,73.4,733,25.3,85,2.9,60.9,454,15.7,1.22,9.7,186,6.4,19.3,372,12.8,5.0,81,2.8,427,14.7,5
Santa Clara,31,16,15,51.6,2235.0,72.1,49.3,102.1,758,1742,43.5,542,738,73.4,225,581,38.7,50.0,54.6,42.4,46.7,23.7,29.6,1.02,2283,73.6,48.5,1125,36.3,30.7,333,10.7,66.2,792,25.5,81,2.6,60.2,456,14.7,0.96,9.1,203,6.5,21.2,473,15.3,5.0,95,3.1,631,20.4,23
Savannah State,28,28,0,100.0,2071.0,74.0,56.8,109.8,810,1751,46.3,461,686,67.2,193,563,34.3,51.8,54.7,39.2,54.3,20.3,25.5,1.1,2274,81.2,53.1,1225,43.8,40.8,435,15.5,65.4,790,28.2,121,4.3,59.3,480,17.1,1.09,13.9,288,10.3,21.3,442,15.8,7.9,130,4.6,528,18.9,11
Seattle,1,1,0,100.0,65.0,65.0,57.6,112.3,26,57,45.6,11,21,52.4,10,29,34.5,54.4,54.5,36.8,43.8,15.1,41.1,1.12,73,73.0,52.3,42,42.0,33.3,12,12.0,71.4,30,30.0,3,3.0,65.4,17,17.0,1.89,6.2,4,4.0,13.8,9,9.0,5.3,3,3.0,15,15.0,0
Seton Hall,28,16,12,57.1,1820.0,65.0,49.4,98.1,597,1458,40.9,433,623,69.5,158,462,34.2,46.4,50.9,42.7,49.2,24.3,26.6,0.98,1785,63.8,47.4,947,33.8,31.9,306,10.9,62.9,641,22.9,98,3.5,58.0,346,12.4,0.94,11.8,214,7.6,20.3,369,13.2,6.8,108,3.9,503,18.0,18
Siena,30,24,6,80.0,2089.0,69.6,51.7,104.8,718,1626,44.2,523,785,66.6,231,613,37.7,51.3,54.8,48.3,44.5,23.9,31.6,1.05,2190,73.0,49.4,1137,37.9,32.9,346,11.5,65.8,791,26.4,110,3.7,63.4,455,15.2,1.06,10.9,227,7.6,20.6,431,14.4,8.5,150,5.0,569,19.0,14
SIU Edwardsville,1,1,0,100.0,71.0,71.0,56.2,105.6,24,58,41.4,22,33,66.7,5,14,35.7,45.7,50.9,56.9,50.7,29.3,20.0,1.06,75,75.0,57.9,39,39.0,42.5,17,17.0,73.3,22,22.0,5,5.0,58.3,14,14.0,0.93,12.7,9,9.0,21.1,15,15.0,4.4,2,2.0,19,19.0,0
South Alabama,28,18,10,64.3,1838.0,65.6,51.6,100.6,647,1506,43.0,403,581,69.4,152,433,35.1,48.0,51.9,38.6,53.5,21.8,24.7,1.01,1849,66.0,52.4,984,35.1,35.1,331,11.8,69.7,653,23.3,74,2.6,53.9,349,12.5,0.9,9.8,181,6.5,21.2,389,13.9,5.1,71,2.5,525,18.8,8
South Carolina,33,13,20,39.4,2156.0,65.3,51.2,98.9,753,1810,41.6,397,600,66.2,229,679,33.7,47.9,50.9,33.1,49.2,18.6,32.2,0.99,2132,64.6,50.2,1143,34.6,36.6,420,12.7,63.8,723,21.9,109,3.3,55.8,420,12.7,0.87,10.4,225,6.8,22.4,483,14.6,5.4,99,3.0,619,18.8,16
South Carolina State,31,12,19,38.7,2081.0,67.1,47.1,91.4,654,1635,40.0,425,629,67.6,170,557,30.5,45.2,49.2,38.5,50.9,22.3,26.8,0.91,1903,61.4,46.7,954,30.8,31.3,343,11.1,62.0,611,19.7,96,3.1,44.8,293,9.5,0.61,10.3,214,6.9,23.1,481,15.5,5.9,95,3.1,609,19.6,19
South Dakota State,14,12,2,85.7,970.0,69.3,54.1,111.5,382,829,46.1,185,267,69.3,133,328,40.5,54.1,56.6,32.2,46.0,17.1,36.9,1.12,1082,77.3,47.5,474,33.9,34.6,167,11.9,60.4,307,21.9,44,3.1,62.6,239,17.1,1.28,13.8,134,9.6,19.2,186,13.3,9.5,76,5.4,241,17.2,9
South Florida,30,16,14,53.3,2022.0,67.4,50.4,98.7,672,1628,41.3,485,683,71.0,167,510,32.7,46.4,51.1,42.0,50.6,24.3,25.1,0.99,1996,66.5,50.6,1029,34.3,35.0,372,12.4,66.3,657,21.9,94,3.1,53.6,360,12.0,0.81,10.8,218,7.3,22.0,444,14.8,6.5,103,3.4,576,19.2,12
Southeast Missouri State,29,14,15,48.3,1952.0,67.3,51.1,101.0,733,1591,46.1,367,510,72.0,139,399,34.8,50.4,53.8,32.1,60.2,18.6,21.1,1.01,1972,68.0,51.5,947,32.7,31.8,292,10.1,71.2,655,22.6,69,2.4,52.4,384,13.2,0.93,10.3,201,6.9,21.2,414,14.3,5.6,89,3.1,500,17.2,8
Southeastern Louisiana,33,9,24,27.3,2078.0,63.0,45.5,88.6,642,1541,41.7,395,570,69.3,163,480,34.0,47.0,50.8,37.0,52.0,21.4,26.5,0.89,1842,55.8,49.4,1008,30.5,32.7,324,9.8,66.1,684,20.7,94,2.8,53.6,344,10.4,0.59,8.0,166,5.0,28.0,582,17.6,4.0,67,2.0,591,17.9,9
Southern Illinois,35,8,27,22.9,2264.0,64.7,48.1,93.8,735,1732,42.4,484,696,69.5,169,496,34.1,47.3,51.5,40.2,53.3,22.8,23.9,0.94,2123,60.7,49.6,1131,32.3,33.7,380,10.9,65.5,751,21.5,117,3.3,53.7,395,11.3,0.68,9.2,208,5.9,25.8,584,16.7,4.8,93,2.7,562,16.1,10
Southern Methodist,28,14,14,50.0,1905.0,68.0,51.2,99.3,686,1550,44.3,371,525,70.7,148,445,33.3,49.0,52.5,33.9,56.9,19.6,23.5,0.99,1891,67.5,49.1,940,33.6,35.3,336,12.0,63.0,604,21.6,84,3.0,60.5,415,14.8,0.93,10.7,204,7.3,23.5,448,16.0,6.8,108,3.9,528,18.9,9
Southern Miss,28,17,11,60.7,1879.0,67.1,52.0,105.4,703,1529,46.0,399,570,70.0,176,502,35.1,51.7,55.0,37.3,53.2,20.1,26.7,1.05,1981,70.8,49.4,920,32.9,30.7,283,10.1,68.0,637,22.8,70,2.5,53.8,378,13.5,1.03,11.2,210,7.5,19.6,368,13.1,5.1,77,2.8,497,17.8,5
Southern University,29,15,14,51.7,2077.0,71.6,48.5,91.9,679,1607,42.3,407,641,63.5,144,495,29.1,46.7,49.9,39.9,56.1,21.3,22.6,0.92,1909,65.8,48.3,1047,36.1,32.4,342,11.8,64.1,705,24.3,102,3.5,52.3,355,12.2,0.72,11.5,239,8.2,23.9,496,17.1,5.2,87,3.0,570,19.7,13
Southern Utah,28,15,13,53.6,1913.0,68.3,52.9,107.0,712,1523,46.7,422,590,71.5,201,554,36.3,53.3,56.8,38.7,49.9,20.6,29.5,1.07,2047,73.1,53.5,1006,35.9,36.2,326,11.6,70.8,680,24.3,91,3.2,57.0,406,14.5,0.92,9.1,174,6.2,22.9,439,15.7,5.1,81,2.9,454,16.2,6
St. Bonaventure,28,26,2,92.9,1917.0,68.5,56.2,113.1,767,1564,49.0,458,640,71.6,176,487,36.1,54.7,58.0,40.9,54.5,21.1,24.4,1.13,2168,77.4,51.9,1039,37.1,35.8,318,11.4,68.0,721,25.8,69,2.5,63.5,487,17.4,1.33,11.3,217,7.8,19.1,366,13.1,7.8,124,4.4,461,16.5,4
St. Francis (NY),28,15,13,53.6,1976.0,70.6,51.4,99.4,700,1514,46.2,434,632,68.7,130,412,31.6,50.5,54.1,41.7,58.0,22.1,19.9,0.99,1964,70.1,54.2,1029,36.8,36.2,337,12.0,72.2,692,24.7,108,3.9,53.3,373,13.3,0.74,10.3,204,7.3,25.5,503,18.0,5.6,87,3.1,530,18.9,13
St. Francis (PA),28,13,15,46.4,1846.0,65.9,54.5,107.0,753,1560,48.3,303,434,69.8,166,442,37.6,53.6,55.9,27.8,59.4,15.3,25.2,1.07,1975,70.5,50.7,881,31.5,34.2,303,10.8,67.1,578,20.6,84,3.0,54.6,411,14.7,1.08,11.5,213,7.6,20.5,379,13.5,5.5,83,3.0,503,18.0,9
St. John's,27,18,9,66.7,1817.0,67.3,51.2,99.3,628,1472,42.7,384,567,67.7,164,472,34.7,48.2,51.8,38.5,51.4,21.3,27.3,0.99,1804,66.8,48.7,919,34.0,36.2,341,12.6,61.2,578,21.4,104,3.9,57.3,360,13.3,0.86,13.5,246,9.1,23.1,419,15.5,8.1,122,4.5,461,17.1,10
St. Joseph's (PA),36,12,24,33.3,2240.0,62.2,49.4,94.2,765,1916,39.9,384,599,64.1,196,570,34.4,45.0,47.9,31.3,53.9,18.2,27.9,0.94,2110,58.6,48.6,1146,31.8,31.9,398,11.1,65.3,748,20.8,123,3.4,56.2,430,11.9,0.98,10.4,233,6.5,19.6,439,12.2,6.2,109,3.0,677,18.8,18
St. Peter's,28,13,15,46.4,2085.0,74.5,53.1,103.7,767,1670,45.9,463,659,70.3,166,486,34.2,50.9,54.5,39.5,55.6,21.4,23.0,1.04,2163,77.2,50.8,1104,39.4,37.3,373,13.3,64.2,731,26.1,84,3.0,56.6,434,15.5,0.91,8.2,171,6.1,22.8,476,17.0,8.2,148,5.3,564,20.1,16
Stanford,31,13,18,41.9,2146.0,69.2,50.8,99.4,761,1790,42.5,420,589,71.3,192,508,37.8,47.9,51.6,32.9,53.3,19.7,27.0,0.99,2134,68.8,49.8,1096,35.4,34.4,382,12.3,65.3,714,23.0,109,3.5,51.6,393,12.7,0.86,10.0,214,6.9,21.3,458,14.8,6.6,117,3.8,600,19.4,9
Stephen F. Austin,27,15,12,55.6,1745.0,64.6,48.5,96.0,602,1321,45.6,348,521,66.8,124,373,33.2,50.3,53.4,39.4,57.0,20.8,22.2,0.96,1676,62.1,45.8,794,29.4,30.4,245,9.1,61.2,549,20.3,81,3.0,48.2,290,10.7,0.68,9.8,171,6.3,24.4,425,15.7,7.0,101,3.7,507,18.8,9
Stetson,27,17,10,63.0,1850.0,68.5,51.8,105.6,681,1511,45.1,365,531,68.7,227,676,33.6,52.6,55.4,35.1,46.5,18.7,34.9,1.06,1954,72.4,49.2,920,34.1,34.8,318,11.8,63.7,602,22.3,94,3.5,65.6,447,16.6,1.07,10.2,188,7.0,22.5,416,15.4,6.6,98,3.6,511,18.9,10
Stony Brook,29,17,12,58.6,1904.0,65.7,50.8,100.2,689,1592,43.3,375,537,69.8,154,470,32.8,48.1,51.6,33.7,56.1,19.7,24.2,1.0,1907,65.8,50.0,1008,34.8,31.0,309,10.7,69.1,699,24.1,90,3.1,46.2,318,11.0,0.86,11.0,209,7.2,19.5,371,12.8,6.7,104,3.6,497,17.1,9
Syracuse,34,7,27,20.6,2294.0,67.5,50.2,95.8,760,1950,39.0,426,629,67.7,251,770,32.6,45.4,48.8,32.3,46.3,19.4,34.3,0.96,2197,64.6,47.8,1153,33.9,36.4,470,13.8,59.2,683,20.1,154,4.5,65.3,496,14.6,0.99,10.5,241,7.1,21.9,502,14.8,5.6,109,3.2,628,18.5,22
TCU,35,14,21,40.0,2475.0,70.7,49.1,96.4,834,1953,42.7,478,724,66.0,239,696,34.3,48.8,51.9,37.1,49.9,20.0,30.1,0.96,2385,68.1,50.2,1335,38.1,32.9,411,11.7,67.4,924,26.4,133,3.8,61.3,511,14.6,0.88,8.8,218,6.2,23.6,584,16.7,7.8,158,4.5,729,20.8,24
Temple,30,14,16,46.7,1828.0,60.9,51.7,100.8,630,1570,40.1,348,516,67.4,235,728,32.3,47.6,50.8,32.9,42.9,18.9,38.3,1.01,1843,61.4,49.3,1082,36.1,37.5,384,12.8,61.2,698,23.3,106,3.5,64.8,408,13.6,1.04,6.7,122,4.1,21.5,393,13.1,6.7,114,3.8,502,16.7,9
Tennessee,31,17,14,54.8,2061.0,66.5,52.3,103.6,774,1696,45.6,371,576,64.4,216,591,36.5,52.0,54.2,34.0,52.3,17.4,30.4,1.04,2135,68.9,50.7,1029,33.2,33.0,342,11.0,68.3,687,22.2,69,2.2,59.6,461,14.9,1.05,10.6,218,7.0,21.2,437,14.1,4.5,76,2.5,538,17.4,7
Tennessee State,31,17,14,54.8,2256.0,72.8,53.9,107.3,848,1826,46.4,504,731,68.9,220,596,36.9,52.5,55.7,40.0,51.9,20.8,27.3,1.07,2420,78.1,49.8,1112,35.9,36.1,397,12.8,63.5,715,23.1,113,3.6,57.0,483,15.6,1.0,11.2,252,8.1,21.4,482,15.5,5.8,109,3.5,601,19.4,18
Tennessee Tech,29,11,18,37.9,2056.0,70.9,47.8,97.1,666,1570,42.4,467,671,69.6,197,549,35.9,48.7,52.8,42.7,47.0,23.4,29.6,0.97,1996,68.8,46.5,915,31.6,31.4,315,10.9,61.6,600,20.7,131,4.5,57.4,382,13.2,0.79,12.6,260,9.0,23.5,484,16.7,5.2,85,2.9,545,18.8,16
Tennessee-Martin,27,21,6,77.8,1879.0,69.6,55.9,110.0,753,1577,47.7,364,516,70.5,196,545,36.0,54.0,56.7,32.7,53.9,17.6,28.5,1.1,2066,76.5,51.2,1002,37.1,38.2,352,13.0,64.2,650,24.1,105,3.9,57.5,433,16.0,1.09,13.0,244,9.0,21.2,399,14.8,6.4,98,3.6,530,19.6,9
Texas,31,11,20,35.5,2159.0,69.6,50.1,98.4,743,1887,39.4,414,602,68.8,224,701,32.0,45.3,48.9,31.9,48.9,19.5,31.6,0.98,2124,68.5,47.4,1071,34.5,33.1,401,12.9,61.6,670,21.6,109,3.5,53.2,395,12.7,1.0,10.1,218,7.0,18.3,396,12.8,5.1,92,3.0,671,21.6,25
Texas A&M,31,10,21,32.3,2071.0,66.8,47.5,95.1,632,1604,39.4,509,745,68.3,197,579,34.0,45.5,50.3,46.4,44.2,25.8,30.0,0.95,1970,63.5,48.4,979,31.6,31.9,354,11.4,64.8,625,20.2,102,3.3,61.1,386,12.5,0.82,8.1,168,5.4,22.7,471,15.2,5.3,85,2.7,648,20.9,25
Texas A&M-Corpus Christi,28,8,20,28.6,1930.0,68.9,47.9,94.2,635,1576,40.3,358,514,69.6,190,603,31.5,46.3,49.9,32.6,49.0,19.7,31.4,0.94,1818,64.9,47.2,866,30.9,32.2,329,11.8,62.2,537,19.2,122,4.4,55.6,353,12.6,0.81,11.1,215,7.7,22.5,435,15.5,3.4,53,1.9,507,18.1,4
Texas Southern,26,15,11,57.7,1808.0,69.5,51.2,98.7,623,1571,39.7,360,544,66.2,179,542,33.0,45.4,48.8,34.6,49.7,20.2,30.1,0.99,1785,68.7,48.2,962,37.0,33.4,351,13.5,63.0,611,23.5,68,2.6,58.6,365,14.0,1.1,11.5,208,8.0,18.4,333,12.8,7.1,101,3.9,522,20.1,8
Texas State,28,14,14,50.0,1880.0,67.1,51.9,103.0,684,1559,43.9,375,548,68.4,193,554,34.8,50.1,53.2,35.2,50.7,19.4,29.9,1.03,1936,69.1,50.8,957,34.2,34.8,337,12.0,66.8,620,22.1,105,3.8,60.1,411,14.7,1.01,10.4,195,7.0,21.6,407,14.5,7.6,113,4.0,530,18.9,10
Texas Tech,33,11,22,33.3,2344.0,71.0,50.5,97.6,843,1949,43.3,362,544,66.5,239,642,37.2,49.4,51.8,27.9,52.8,15.8,31.4,0.98,2287,69.3,51.2,1173,35.5,35.4,426,12.9,67.0,747,22.6,106,3.2,54.7,461,14.0,0.82,9.0,211,6.4,24.1,565,17.1,5.7,111,3.4,623,18.9,16
Texas-Arlington,28,15,13,53.6,2024.0,72.3,51.4,101.4,734,1665,44.1,414,611,67.8,171,522,32.8,49.2,52.5,36.7,54.8,20.2,25.0,1.01,2053,73.3,50.8,945,33.8,32.4,333,11.9,69.3,612,21.9,96,3.4,53.5,393,14.0,0.96,10.4,211,7.5,20.3,410,14.6,6.3,91,3.2,590,21.1,11
Texas-El Paso,35,8,27,22.9,2352.0,67.2,49.7,96.9,834,1923,43.4,395,589,67.1,215,651,33.0,49.0,51.7,30.6,54.3,17.3,28.3,0.97,2278,65.1,49.3,1146,32.7,32.2,385,11.0,66.3,761,21.7,98,2.8,58.5,488,13.9,0.92,7.8,183,5.2,22.5,529,15.1,7.4,144,4.1,663,18.9,15
Texas-Pan American,28,16,12,57.1,1951.0,69.7,52.2,103.0,721,1639,44.0,384,586,65.5,183,524,34.9,49.6,52.4,35.8,53.6,19.1,27.3,1.03,2009,71.8,47.8,965,34.5,32.5,333,11.9,63.0,632,22.6,116,4.1,53.0,382,13.6,1.0,10.6,206,7.4,19.6,382,13.6,6.4,97,3.5,530,18.9,12
Texas-San Antonio,28,13,15,46.4,2118.0,75.6,51.0,97.6,744,1769,42.1,403,608,66.3,176,558,31.5,47.0,50.2,34.4,55.0,19.5,25.5,0.98,2067,73.8,47.5,1036,37.0,33.2,380,13.6,61.7,656,23.4,130,4.6,45.6,339,12.1,0.78,11.8,250,8.9,20.5,435,15.5,5.8,99,3.5,581,20.8,11
Toledo,29,13,16,44.8,1984.0,68.4,51.1,100.3,674,1514,44.5,487,706,69.0,155,473,32.8,49.6,53.8,46.6,52.2,24.5,23.4,1.0,1990,68.6,52.6,1021,35.2,37.4,354,12.2,67.7,667,23.0,93,3.2,55.8,376,13.0,0.76,8.3,165,5.7,25.0,496,17.1,5.4,88,3.0,535,18.4,16
Towson,29,24,5,82.8,1918.0,66.1,54.3,106.1,699,1599,43.7,444,683,65.0,193,559,34.5,49.7,52.9,42.7,49.7,21.8,28.5,1.06,2035,70.2,50.8,1062,36.6,35.1,357,12.3,66.6,705,24.3,68,2.3,63.5,444,15.3,1.29,11.7,224,7.7,17.9,344,11.9,7.9,125,4.3,502,17.3,6
Troy,30,18,12,60.0,2148.0,71.6,53.8,108.2,826,1744,47.4,400,567,70.5,272,735,37.0,55.2,57.7,32.5,47.7,17.2,35.1,1.08,2324,77.5,56.6,1229,41.0,40.4,405,13.5,72.8,824,27.5,111,3.7,63.2,522,17.4,0.96,8.9,191,6.4,25.4,545,18.2,4.3,80,2.7,473,15.8,6
Tulane,28,18,10,64.3,1942.0,69.4,54.9,105.0,719,1694,42.4,415,656,63.3,186,547,34.0,47.9,50.8,38.7,52.3,20.4,27.4,1.05,2039,72.8,50.6,1024,36.6,35.3,386,13.8,65.9,638,22.8,73,2.6,55.9,402,14.4,1.26,14.0,271,9.7,16.4,318,11.4,4.9,76,2.7,482,17.2,7
Tulsa,29,20,9,69.0,2101.0,72.4,50.2,99.8,697,1656,42.1,524,751,69.8,178,487,36.6,47.5,52.1,45.4,49.5,25.0,25.5,1.0,2096,72.3,51.9,1105,38.1,32.1,351,12.1,71.7,754,26.0,102,3.5,57.1,398,13.7,0.92,10.8,226,7.8,20.6,433,14.9,5.8,98,3.4,533,18.4,14
UAB,33,11,22,33.3,2418.0,73.3,49.5,98.1,805,1831,44.0,524,731,71.7,237,674,35.2,50.4,54.4,39.9,47.9,22.1,30.0,0.98,2371,71.8,53.0,1249,37.8,38.3,434,13.2,67.6,815,24.7,106,3.2,57.0,459,13.9,0.68,8.2,199,6.0,27.9,674,20.4,5.8,115,3.5,647,19.6,13
UC Davis,28,17,11,60.7,1874.0,66.9,53.9,107.3,707,1401,50.5,449,677,66.3,148,382,38.7,55.7,58.4,48.3,55.6,22.3,22.1,1.07,2011,71.8,53.5,929,33.2,32.6,270,9.6,74.4,659,23.5,76,2.7,55.0,389,13.9,0.95,9.4,177,6.3,21.9,410,14.6,5.9,88,3.1,528,18.9,12
UC Irvine,29,13,16,44.8,1931.0,66.6,50.2,101.6,679,1625,41.8,407,561,72.5,197,537,36.7,47.8,51.9,34.5,49.1,20.7,30.1,1.02,1962,67.7,50.0,955,32.9,30.2,308,10.6,69.8,647,22.3,61,2.1,45.5,309,10.7,0.9,8.5,164,5.7,17.7,342,11.8,4.1,64,2.2,530,18.3,11
UC Riverside,28,19,9,67.9,1858.0,66.4,50.9,101.0,662,1538,43.0,400,557,71.8,152,447,34.0,48.0,52.0,36.2,54.4,21.3,24.3,1.01,1876,67.0,50.7,965,34.5,32.4,309,11.0,69.1,656,23.4,73,2.6,52.6,348,12.4,0.94,10.7,199,7.1,19.9,370,13.2,7.2,106,3.8,501,17.9,9
UC-Santa Barbara,29,18,11,62.1,1802.0,62.1,50.9,101.2,642,1484,43.3,345,505,68.3,194,565,34.3,49.8,52.9,34.0,49.1,18.9,31.9,1.01,1823,62.9,52.9,1015,35.0,35.1,326,11.2,70.7,689,23.8,76,2.6,59.0,379,13.1,0.91,8.2,147,5.1,23.1,416,14.3,4.5,66,2.3,479,16.5,15
UCF,33,9,24,27.3,2104.0,63.8,52.0,102.3,744,1751,42.5,468,696,67.2,196,571,34.3,48.1,51.7,39.7,50.9,21.7,27.3,1.02,2152,65.2,46.5,991,30.0,32.6,372,11.3,60.4,619,18.8,117,3.5,49.6,369,11.2,0.93,12.4,260,7.9,18.9,397,12.0,5.2,89,2.7,602,18.2,9
UCLA,29,11,18,37.9,2076.0,71.6,50.8,100.1,762,1710,44.6,387,565,68.5,167,499,33.5,49.4,52.5,33.0,57.3,18.6,24.1,1.0,2078,71.7,47.7,952,32.8,30.4,316,10.9,65.0,636,21.9,85,2.9,51.2,390,13.4,0.94,8.7,181,6.2,19.9,414,14.3,4.6,76,2.6,553,19.1,12
UIC,29,14,15,48.3,1951.0,67.3,51.0,102.2,704,1581,44.5,383,555,69.0,203,549,37.0,50.9,54.0,35.1,50.3,19.2,30.5,1.02,1994,68.8,48.0,982,33.9,33.1,323,11.1,62.8,659,22.7,113,3.9,57.7,406,14.0,0.94,9.3,181,6.2,22.1,431,14.9,6.2,104,3.6,569,19.6,16
UNLV,31,14,17,45.2,2211.0,71.3,50.9,101.5,779,1804,43.2,476,690,69.0,211,635,33.2,49.0,52.7,38.2,50.6,21.2,28.2,1.02,2245,72.4,50.4,1130,36.5,32.0,367,11.8,68.9,763,24.6,138,4.5,54.0,421,13.6,0.94,8.1,179,5.8,20.2,446,14.4,4.6,83,2.7,576,18.6,10
USC,29,17,12,58.6,2128.0,73.4,52.4,104.9,786,1657,47.4,479,691,69.3,181,512,35.4,52.9,56.2,41.7,54.2,21.5,24.3,1.05,2232,77.0,48.7,1016,35.0,34.1,326,11.2,63.3,690,23.8,80,2.8,56.4,443,15.3,0.95,10.5,223,7.7,21.8,464,16.0,4.1,74,2.6,514,17.7,11
USC Upstate,1,1,0,100.0,72.0,72.0,53.5,116.7,30,51,58.8,13,22,59.1,11,18,61.1,69.6,68.3,43.1,45.2,15.5,39.3,1.17,84,84.0,49.1,32,32.0,29.6,8,8.0,68.6,24,24.0,1,1.0,56.7,17,17.0,0.85,20.8,15,15.0,27.8,20,20.0,5.7,3,3.0,21,21.0,0
Utah,35,6,29,17.1,2121.0,60.6,47.1,94.5,755,1775,42.5,295,430,68.6,200,580,34.5,48.2,50.7,24.2,55.4,14.7,29.9,0.95,2005,57.3,42.4,827,23.6,25.3,277,7.9,59.5,550,15.7,90,2.6,49.4,373,10.7,0.89,12.9,274,7.8,19.7,418,11.9,7.2,118,3.4,698,19.9,21
Utah State,32,8,24,25.0,1992.0,62.2,47.5,92.8,682,1720,39.7,288,402,71.6,196,613,32.0,45.3,48.4,23.4,52.6,15.6,31.8,0.93,1848,57.8,46.8,881,27.5,28.9,321,10.0,64.6,560,17.5,79,2.5,47.7,325,10.2,0.83,10.0,200,6.2,19.6,391,12.2,5.7,92,2.9,544,17.0,14
Utah Valley University,28,12,16,42.9,1822.0,65.1,52.2,101.1,672,1513,44.4,362,506,71.5,136,429,31.7,48.9,52.5,33.4,58.2,19.7,22.1,1.01,1842,65.8,51.2,984,35.1,34.5,318,11.4,67.9,666,23.8,68,2.4,53.7,361,12.9,0.94,8.7,158,5.6,21.1,385,13.8,6.1,96,3.4,475,17.0,7
Valparaiso,31,16,15,51.6,2099.0,67.7,53.5,107.1,800,1759,45.5,445,653,68.1,202,559,36.1,51.2,54.3,37.1,53.2,19.8,27.0,1.07,2247,72.5,49.0,1007,32.5,31.7,343,11.1,66.2,664,21.4,103,3.3,54.1,433,14.0,1.15,10.6,222,7.2,18.0,377,12.2,6.5,108,3.5,565,18.2,10
Vanderbilt,34,14,20,41.2,2281.0,67.1,49.6,96.8,760,1812,41.9,483,751,64.3,205,598,34.3,47.6,50.9,41.4,50.3,21.9,27.9,0.97,2208,64.9,51.0,1130,33.2,32.2,382,11.2,69.8,748,22.0,119,3.5,47.0,357,10.5,0.73,9.5,216,6.4,21.5,490,14.4,5.8,107,3.1,575,16.9,9
Vermont,32,7,25,21.9,2112.0,66.0,47.1,94.1,731,1772,41.3,335,478,70.1,190,590,32.2,46.6,49.7,27.0,54.5,16.9,28.7,0.94,1987,62.1,46.0,1042,32.6,26.8,297,9.3,65.2,745,23.3,95,3.0,53.1,388,12.1,0.94,9.4,198,6.2,19.5,411,12.8,4.9,91,2.8,556,17.4,16
Villanova,32,8,24,25.0,2127.0,66.5,48.1,93.8,672,1702,39.5,471,657,71.7,181,570,31.8,44.8,49.6,38.6,49.2,23.6,27.2,0.94,1996,62.4,47.1,1061,33.2,35.5,401,12.5,58.8,660,20.6,157,4.9,60.4,406,12.7,0.77,8.2,175,5.5,24.8,528,16.5,7.2,132,4.1,603,18.8,21
Virginia,29,15,14,51.7,2082.0,71.8,53.3,105.8,764,1704,44.8,452,676,66.9,223,592,37.7,51.4,54.4,39.7,49.1,20.5,30.4,1.06,2203,76.0,51.3,1094,37.7,34.2,362,12.5,68.3,732,25.2,87,3.0,60.6,463,16.0,1.13,9.0,187,6.4,19.7,410,14.1,7.7,134,4.6,559,19.3,15
Virginia Commonwealth,32,13,19,40.6,2163.0,67.6,50.5,98.3,724,1730,41.8,505,740,68.2,174,509,34.2,46.9,51.1,42.8,51.7,23.7,24.5,0.98,2127,66.5,51.0,1148,35.9,33.8,383,12.0,68.2,765,23.9,119,3.7,52.9,383,12.0,0.83,9.7,209,6.5,21.4,463,14.5,3.2,57,1.8,591,18.5,15
Virginia Military Institute,27,18,9,66.7,1879.0,69.6,53.6,100.7,706,1578,44.7,334,524,63.7,147,470,31.3,49.4,51.8,33.2,59.1,17.6,23.3,1.01,1893,70.1,52.0,971,36.0,36.5,354,13.1,67.4,617,22.9,96,3.6,54.0,381,14.1,0.95,12.9,242,9.0,21.2,399,14.8,8.0,117,4.3,474,17.6,8
Virginia Tech,30,14,16,46.7,2078.0,69.3,50.8,99.2,723,1628,44.4,423,637,66.4,192,551,34.8,50.3,53.4,39.1,51.5,20.5,27.9,0.99,2061,68.7,51.6,1113,37.1,36.7,371,12.4,66.6,742,24.7,99,3.3,50.9,368,12.3,0.7,9.4,195,6.5,25.4,527,17.6,6.2,110,3.7,555,18.5,7
Wagner,30,17,13,56.7,1941.0,64.7,48.4,100.5,686,1610,42.6,342,484,70.7,236,644,36.6,49.9,53.0,30.1,46.2,17.5,36.3,1.0,1950,65.0,45.8,946,31.5,27.5,275,9.2,64.1,671,22.4,102,3.4,64.7,444,14.8,1.19,10.7,207,6.9,19.3,374,12.5,4.9,80,2.7,526,17.5,7
Wake Forest,33,6,27,18.2,2407.0,72.9,50.8,101.4,870,1996,43.6,447,647,69.1,254,687,37.0,49.9,53.0,32.4,50.5,18.3,31.2,1.01,2441,74.0,45.7,1081,32.8,31.6,391,11.8,59.7,690,20.9,98,3.0,52.6,458,13.9,0.94,10.3,247,7.5,20.3,488,14.8,6.1,119,3.6,759,23.0,31
Washington,35,6,29,17.1,2606.0,74.5,50.8,99.6,920,2026,45.4,547,784,69.8,209,618,33.8,50.6,54.1,38.7,54.8,21.1,24.2,1.0,2596,74.2,46.9,1166,33.3,35.3,427,12.2,58.6,739,21.1,117,3.3,55.9,514,14.7,0.82,9.2,239,6.8,24.1,628,17.9,4.1,94,2.7,673,19.2,18
Washington State,28,16,12,57.1,1758.0,62.8,47.2,90.7,557,1369,40.7,349,533,65.5,131,436,30.0,45.5,49.1,38.9,53.5,21.9,24.7,0.91,1594,56.9,52.5,980,35.0,32.0,288,10.3,73.0,692,24.7,85,3.0,53.7,299,10.7,0.71,8.1,143,5.1,23.9,420,15.0,5.1,74,2.6,440,15.7,5
Weber State,30,16,14,53.3,1937.0,64.6,51.0,103.3,755,1638,46.1,307,451,68.1,183,518,35.3,51.7,54.0,27.5,57.2,15.3,27.5,1.03,2000,66.7,46.5,906,30.2,26.3,256,8.5,66.7,650,21.7,61,2.0,56.2,424,14.1,1.24,10.2,197,6.6,17.7,343,11.4,6.5,103,3.4,514,17.1,9
West Virginia,35,11,24,31.4,2293.0,65.5,51.8,102.7,851,1885,45.1,437,601,72.7,217,601,36.1,50.9,54.3,31.9,53.8,18.5,27.6,1.03,2356,67.3,52.8,1202,34.3,35.4,397,11.3,70.3,805,23.0,108,3.1,56.4,480,13.7,0.91,9.9,227,6.5,22.9,526,15.0,5.2,101,2.9,594,17.0,17
Western Carolina,30,22,8,73.3,2232.0,74.4,52.7,101.2,807,1858,43.4,438,659,66.5,207,584,35.4,49.0,52.0,35.5,53.1,19.4,27.5,1.01,2259,75.3,51.0,1197,39.9,36.9,430,14.3,65.1,767,25.6,103,3.4,45.8,370,12.3,0.76,12.7,283,9.4,21.9,489,16.3,5.4,98,3.3,591,19.7,19
Western Illinois,28,17,11,60.7,1866.0,66.6,50.9,102.9,691,1536,45.0,335,462,72.5,204,555,36.8,51.6,54.7,30.1,50.7,17.4,31.9,1.03,1921,68.6,49.9,896,32.0,33.3,306,10.9,66.5,590,21.1,92,3.3,62.5,432,15.4,1.03,10.9,204,7.3,22.6,421,15.0,4.6,66,2.4,530,18.9,16
Western Kentucky,31,9,22,29.0,2149.0,69.3,53.4,102.7,816,1744,46.8,399,601,66.4,176,513,34.3,51.8,54.4,34.5,58.0,18.1,23.9,1.03,2207,71.2,49.5,1075,34.7,37.6,394,12.7,61.5,681,22.0,105,3.4,52.5,428,13.8,0.82,6.7,145,4.7,24.2,520,16.8,5.4,102,3.3,565,18.2,14
Western Michigan,33,13,20,39.4,2218.0,67.2,50.9,99.8,812,1887,43.0,346,547,63.3,243,703,34.6,49.5,51.5,29.0,51.4,15.6,32.9,1.0,2213,67.1,46.3,1118,33.9,31.9,382,11.6,60.6,736,22.3,127,3.8,53.0,430,13.0,0.94,8.9,198,6.0,20.6,457,13.8,5.0,95,2.9,682,20.7,20
Wichita State,32,10,22,31.2,2091.0,65.3,49.6,102.0,730,1731,42.2,460,653,70.4,212,626,33.9,48.3,52.2,37.7,48.6,21.6,29.8,1.02,2132,66.6,46.0,946,29.6,27.8,309,9.7,64.2,637,19.9,102,3.2,45.8,334,10.4,0.92,11.0,231,7.2,17.5,365,11.4,5.4,88,2.8,650,20.3,15
William & Mary,29,21,8,72.4,1999.0,68.9,53.5,106.5,766,1703,45.0,375,563,66.6,222,607,36.6,51.5,54.0,33.1,51.1,17.6,31.3,1.07,2129,73.4,49.9,994,34.3,33.1,341,11.8,66.6,653,22.5,84,2.9,58.1,445,15.3,1.22,12.1,241,8.3,18.3,366,12.6,7.5,113,3.9,559,19.3,12
Winthrop,33,6,27,18.2,2147.0,65.1,46.1,91.3,660,1656,39.9,428,649,65.9,213,640,33.3,46.3,49.9,39.2,45.6,21.8,32.6,0.91,1961,59.4,47.9,1045,31.7,30.1,336,10.2,65.6,709,21.5,144,4.4,54.7,361,10.9,0.71,9.8,210,6.4,23.5,505,15.3,4.1,71,2.2,606,18.4,11
Wisconsin,34,9,25,26.5,2163.0,63.6,47.5,94.6,767,1805,42.5,341,504,67.7,172,575,29.9,47.3,50.1,27.9,58.1,16.7,25.2,0.95,2047,60.2,47.3,1054,31.0,25.3,282,8.3,69.3,772,22.7,82,2.4,51.8,397,11.7,0.98,8.8,190,5.6,18.7,404,11.9,5.5,99,2.9,657,19.3,16
Wofford,28,14,14,50.0,1976.0,70.6,50.6,99.2,715,1594,44.9,355,500,71.0,176,503,35.0,50.4,53.5,31.4,55.0,18.1,26.9,0.99,1961,70.0,51.7,1021,36.5,34.7,336,12.0,68.8,685,24.5,91,3.2,48.8,349,12.5,0.72,10.5,208,7.4,24.5,484,17.3,5.2,83,3.0,537,19.2,14
Wright State,30,15,15,50.0,1868.0,62.3,50.8,103.7,710,1579,45.0,311,430,72.3,207,568,36.4,51.5,54.3,27.2,51.9,16.0,32.0,1.04,1938,64.6,47.3,867,28.9,29.5,278,9.3,65.0,589,19.6,66,2.2,55.6,395,13.2,1.09,8.5,159,5.3,19.5,364,12.1,4.4,65,2.2,549,18.3,11
Wyoming,28,13,15,46.4,1966.0,70.2,50.1,101.0,677,1596,42.4,440,639,68.9,192,533,36.0,48.4,52.3,40.0,48.8,22.2,29.0,1.01,1986,70.9,47.1,948,33.9,30.4,314,11.2,63.7,634,22.6,136,4.9,55.4,375,13.4,0.98,11.6,229,8.2,19.5,384,13.7,6.0,93,3.3,590,21.1,22
Xavier,29,12,17,41.4,1868.0,64.4,51.4,101.0,670,1546,43.3,364,538,67.7,182,484,37.6,49.2,52.3,34.8,51.7,19.3,29.0,1.01,1886,65.0,48.2,886,30.6,33.3,321,11.1,63.1,565,19.5,89,3.1,61.9,415,14.3,1.09,11.9,223,7.7,20.4,381,13.1,6.8,104,3.6,538,18.6,11
Yale,27,16,11,59.3,1874.0,69.4,50.9,101.5,680,1590,42.8,359,497,72.2,183,531,34.5,48.5,52.1,31.3,52.3,18.9,28.9,1.01,1902,70.4,50.7,991,36.7,31.6,312,11.6,69.9,679,25.1,75,2.8,55.7,379,14.0,1.06,9.5,178,6.6,19.2,359,13.3,6.4,95,3.5,519,19.2,11
Youngstown State,28,23,5,82.1,1848.0,66.0,55.5,108.5,718,1552,46.3,411,587,70.0,158,396,39.9,51.4,54.8,37.8,55.9,20.5,23.6,1.08,2005,71.6,53.4,1010,36.1,37.7,347,12.4,69.1,663,23.7,104,3.7,56.0,402,14.4,1.09,12.5,231,8.2,19.9,368,13.1,6.5,94,3.4,519,18.5,7
