Air Force,31,21,10,67.7,1846.0,59.5,51.2,106.0,665,1474,45.1,402,590,68.1,225,648,34.7,52.7,55.8,40.0,45.0,20.5,34.5,1.06,1957,63.1,53.1,966,31.2,30.4,276,8.9,75.8,690,22.3,56,1.8,59.8,398,12.8,1.09,9.8,180,5.8,19.8,365,11.8,6.1,87,2.8,518,16.7,5
Akron,35,11,24,31.4,2357.0,67.3,49.9,97.3,787,1887,41.7,542,764,70.9,177,553,32.0,46.4,51.0,40.5,53.2,23.6,23.2,0.97,2293,65.5,48.1,1188,33.9,33.3,401,11.5,62.8,787,22.5,116,3.3,47.9,377,10.8,0.76,10.1,239,6.8,21.0,496,14.2,4.3,88,2.5,670,19.1,16
Alabama,32,15,17,46.9,2103.0,65.7,51.4,98.6,736,1734,42.4,420,633,66.4,181,570,31.8,47.7,50.9,36.5,53.5,20.3,26.2,0.99,2073,64.8,49.6,1102,34.4,34.2,384,12.0,65.0,718,22.4,100,3.1,48.6,358,11.2,0.8,8.8,186,5.8,21.2,446,13.9,7.3,131,4.1,533,16.7,11
Alabama A&M,27,16,11,59.3,1986.0,73.6,52.1,94.7,675,1570,43.0,415,662,62.7,149,448,33.3,47.7,49.9,42.2,55.9,22.1,23.8,0.95,1881,69.7,52.8,1141,42.3,39.4,408,15.1,66.1,733,27.1,114,4.2,56.0,378,14.0,0.74,11.3,225,8.3,25.7,510,18.9,8.7,136,5.0,561,20.8,13
Alabama State,31,15,16,48.4,2111.0,68.1,48.7,96.8,692,1591,43.5,509,762,66.8,150,430,34.9,48.2,52.3,47.9,53.1,24.9,22.0,0.97,2043,65.9,47.9,1046,33.7,31.3,319,10.3,64.5,727,23.5,107,3.5,49.0,339,10.9,0.7,11.7,247,8.0,23.0,486,15.7,6.6,109,3.5,646,20.8,25
Albany,32,25,7,78.1,2118.0,66.2,52.0,104.4,778,1788,43.5,434,628,69.1,222,609,36.5,49.7,53.0,35.1,50.3,19.6,30.1,1.04,2212,69.1,48.0,1065,33.3,31.9,355,11.1,64.0,710,22.2,97,3.0,55.7,433,13.5,1.1,12.3,260,8.1,18.5,392,12.2,7.4,129,4.0,536,16.8,6
Alcorn State,31,29,2,93.5,2348.0,75.7,56.2,108.3,888,1912,46.4,543,855,63.5,223,582,38.3,52.3,54.8,44.7,52.3,21.4,26.3,1.08,2542,82.0,55.3,1324,42.7,39.4,461,14.9,71.2,863,27.8,94,3.0,62.7,557,18.0,1.14,14.2,334,10.8,20.7,487,15.7,9.8,168,5.4,629,20.3,10
American University,31,20,11,64.5,2027.0,65.4,51.1,102.8,732,1708,42.9,450,664,67.8,169,477,35.4,47.8,51.5,38.9,54.1,21.6,24.3,1.03,2083,67.2,48.4,998,32.2,27.0,294,9.5,69.8,704,22.7,93,3.0,52.9,387,12.5,1.3,12.0,244,7.9,14.7,298,9.6,5.6,90,2.9,534,17.2,11
Appalachian State,37,13,24,35.1,2512.0,67.9,50.3,102.2,908,2164,42.0,463,704,65.8,288,840,34.3,48.6,51.4,32.5,48.3,18.0,33.7,1.02,2567,69.4,45.9,1134,30.6,27.3,382,10.3,64.5,752,20.3,88,2.4,55.8,507,13.7,1.27,10.5,265,7.2,15.9,400,10.8,4.8,96,2.6,707,19.1,16
Arizona,31,15,16,48.4,2172.0,70.1,51.7,102.8,787,1800,43.7,479,689,69.5,180,574,31.4,48.7,52.5,38.3,54.4,21.5,24.2,1.03,2233,72.0,50.9,1067,34.4,31.5,350,11.3,70.4,717,23.1,81,2.6,50.2,395,12.7,0.99,8.3,181,5.8,18.4,399,12.9,6.4,108,3.5,621,20.0,18
Arizona State,33,11,22,33.3,2050.0,62.1,48.4,94.5,678,1687,40.2,401,587,68.3,181,571,31.7,45.6,49.3,34.8,51.3,20.7,28.0,0.95,1938,58.7,51.3,1058,32.1,31.0,345,10.5,71.7,713,21.6,88,2.7,59.7,405,12.3,0.95,9.0,184,5.6,20.8,426,12.9,4.9,81,2.5,581,17.6,11
Arkansas,32,18,14,56.2,2309.0,72.2,51.3,102.5,825,1910,43.2,483,668,72.3,233,626,37.2,49.3,53.1,35.0,50.0,20.4,29.5,1.02,2366,73.9,51.9,1187,37.1,34.5,396,12.4,69.3,791,24.7,94,2.9,50.3,415,13.0,0.88,9.2,212,6.6,20.3,469,14.7,8.0,148,4.6,654,20.4,14
Arkansas State,31,14,17,45.2,2111.0,68.1,50.1,97.8,738,1804,40.9,428,608,70.4,161,550,29.3,45.4,49.3,33.7,55.9,20.7,23.4,0.98,2065,66.6,48.2,1072,34.6,30.1,354,11.4,66.2,718,23.2,130,4.2,52.4,387,12.5,1.03,10.5,222,7.2,17.9,377,12.2,5.8,100,3.2,611,19.7,18
Arkansas-Little Rock,30,22,8,73.3,2031.0,67.7,52.8,108.0,751,1703,44.1,463,663,69.8,229,648,35.3,50.8,54.4,38.9,47.6,21.1,31.3,1.08,2194,73.1,51.4,1061,35.4,31.9,338,11.3,71.0,723,24.1,118,3.9,60.3,453,15.1,1.26,7.7,157,5.2,17.7,359,12.0,6.5,102,3.4,593,19.8,18
Arkansas-Pine Bluff,34,16,18,47.1,2324.0,68.4,46.5,94.1,698,1720,40.6,621,938,66.2,170,528,32.2,45.5,50.5,54.5,48.3,28.4,23.3,0.94,2187,64.3,45.8,1086,31.9,27.1,321,9.4,64.4,765,22.5,95,2.8,56.2,392,11.5,0.83,11.2,261,7.7,20.3,472,13.9,8.4,149,4.4,707,20.8,27
Army,29,15,14,51.7,1891.0,65.2,44.8,93.5,560,1358,41.2,446,636,70.1,202,606,33.3,48.7,53.2,46.8,40.5,25.2,34.3,0.93,1768,61.0,49.8,955,32.9,30.1,270,9.3,69.5,685,23.6,82,2.8,59.1,331,11.4,0.67,8.7,165,5.7,26.2,495,17.1,5.8,89,3.1,501,17.3,8
Auburn,32,17,15,53.1,2290.0,71.6,50.9,103.6,830,1818,45.7,490,687,71.3,223,630,35.4,51.8,55.3,37.8,51.2,20.6,28.2,1.04,2373,74.2,49.6,1137,35.5,31.6,342,10.7,67.5,795,24.8,94,2.9,51.6,428,13.4,0.88,9.3,212,6.6,21.1,484,15.1,6.2,118,3.7,586,18.3,8
Austin Peay,32,15,17,46.9,2206.0,68.9,53.1,105.0,828,1864,44.4,435,620,70.2,226,613,36.9,50.5,53.7,33.3,52.0,18.8,29.3,1.05,2317,72.4,51.2,1129,35.3,34.4,391,12.2,68.0,738,23.1,94,2.9,52.8,437,13.7,1.01,10.6,233,7.3,19.6,432,13.5,7.3,126,3.9,666,20.8,18
Ball State,30,15,15,50.0,1926.0,64.2,50.0,97.1,665,1661,40.0,359,522,68.8,182,583,31.2,45.5,49.0,31.4,51.6,19.2,29.2,0.97,1871,62.4,49.9,1010,33.7,31.7,343,11.4,68.0,667,22.2,101,3.4,59.1,393,13.1,1.11,10.5,202,6.7,18.4,355,11.8,6.7,100,3.3,599,20.0,21
Baylor,36,8,28,22.2,2435.0,67.6,50.1,97.0,816,2136,38.2,481,708,67.9,249,749,33.2,44.0,47.8,33.1,48.0,20.4,31.6,0.97,2362,65.6,47.2,1178,32.7,32.8,471,13.1,61.5,707,19.6,139,3.9,57.7,471,13.1,1.08,8.9,217,6.0,17.9,435,12.1,4.2,85,2.4,660,18.3,17
Belmont,31,12,19,38.7,2190.0,70.6,50.9,97.0,753,1822,41.3,457,677,67.5,161,531,30.3,45.7,49.5,37.2,55.7,21.5,22.7,0.97,2124,68.5,49.6,1096,35.4,34.1,403,13.0,65.1,693,22.4,95,3.1,49.8,375,12.1,0.84,12.0,263,8.5,20.5,449,14.5,8.1,138,4.5,639,20.6,13
Bethune-Cookman,32,16,16,50.0,1990.0,62.2,49.1,97.6,649,1526,42.5,460,704,65.3,185,504,36.7,48.6,52.2,46.1,47.8,23.7,28.6,0.98,1943,60.7,48.5,1019,31.8,31.8,319,10.0,65.1,700,21.9,105,3.3,53.6,348,10.9,0.78,9.7,193,6.0,22.5,447,14.0,6.6,110,3.4,506,15.8,8
Binghamton,31,18,13,58.1,1973.0,63.6,53.8,105.5,740,1725,42.9,383,572,67.0,219,620,35.3,49.2,52.1,33.2,50.0,18.4,31.6,1.06,2082,67.2,50.0,1068,34.5,34.4,379,12.2,65.7,689,22.2,90,2.9,54.5,403,13.0,1.14,9.8,193,6.2,17.9,354,11.4,4.7,77,2.5,520,16.8,9
Boise State,32,17,15,53.1,2299.0,71.8,51.3,101.4,864,1898,45.5,398,587,67.8,205,563,36.4,50.9,53.5,30.9,56.5,17.1,26.4,1.01,2331,72.8,49.2,1112,34.8,31.1,350,10.9,67.3,762,23.8,89,2.8,49.1,424,13.2,0.9,8.6,198,6.2,20.4,469,14.7,4.7,91,2.8,515,16.1,9
Boston College,31,16,15,51.6,2040.0,65.8,52.0,100.4,766,1757,43.6,366,543,67.4,150,497,30.2,47.9,50.8,30.9,60.2,17.9,22.0,1.0,2048,66.1,46.6,977,31.5,31.7,336,10.8,61.5,641,20.7,80,2.6,47.5,364,11.7,1.0,9.2,188,6.1,17.8,363,11.7,8.1,144,4.6,546,17.6,7
Boston University,35,14,21,40.0,2471.0,70.6,48.9,96.9,806,1960,41.1,561,832,67.4,222,689,32.2,46.8,50.8,42.4,48.8,23.4,27.8,0.97,2395,68.4,50.4,1325,37.9,31.0,403,11.5,69.9,922,26.3,134,3.8,54.7,441,12.6,0.86,8.9,220,6.3,20.6,510,14.6,5.8,117,3.3,678,19.4,17
Bowling Green,30,16,14,53.3,1922.0,64.1,50.8,102.8,689,1591,43.3,374,550,68.0,224,613,36.5,50.3,53.3,34.6,47.1,18.9,34.0,1.03,1976,65.9,49.1,963,32.1,31.7,318,10.6,66.4,645,21.5,96,3.2,64.4,444,14.8,1.13,11.1,214,7.1,20.4,392,13.1,6.1,96,3.2,520,17.3,11
Bradley,31,15,16,48.4,2028.0,65.4,51.0,103.0,725,1764,41.1,416,538,77.3,223,724,30.8,47.4,51.7,30.5,48.1,19.9,32.0,1.03,2089,67.4,52.4,1081,34.9,33.2,367,11.8,71.6,714,23.0,75,2.4,56.7,411,13.3,1.09,8.8,179,5.8,18.6,378,12.2,3.8,63,2.0,557,18.0,5
Brigham Young,36,6,30,16.7,2575.0,71.5,46.2,92.9,836,2049,40.8,500,733,68.2,220,661,33.3,46.2,49.9,35.8,51.5,20.9,27.6,0.93,2392,66.4,48.3,1181,32.8,27.8,372,10.3,68.8,809,22.5,132,3.7,53.2,445,12.4,0.79,8.4,217,6.0,21.9,565,15.7,5.0,105,2.9,668,18.6,10
Brown,31,20,11,64.5,2077.0,67.0,55.1,107.4,856,1932,44.3,312,460,67.8,207,587,35.3,49.7,51.9,23.8,58.2,14.0,27.8,1.07,2231,72.0,55.4,1157,37.3,33.3,382,12.3,77.5,775,25.0,84,2.7,49.9,427,13.8,1.36,10.3,214,6.9,15.1,313,10.1,6.8,110,3.5,575,18.5,15
Bryant,30,29,1,96.7,1942.0,64.7,54.6,107.4,714,1605,44.5,456,691,66.0,201,546,36.8,50.7,53.9,43.1,49.2,21.9,28.9,1.07,2085,69.5,56.2,1154,38.5,36.0,366,12.2,76.4,788,26.3,134,4.5,58.0,414,13.8,1.11,12.8,248,8.3,19.2,372,12.4,7.2,109,3.6,448,14.9,2
Bucknell,31,17,14,54.8,2059.0,66.4,50.1,102.3,722,1675,43.1,455,633,71.9,208,535,38.9,49.3,53.3,37.8,48.8,21.6,29.6,1.02,2107,68.0,50.1,1074,34.6,30.9,319,10.3,69.3,755,24.4,100,3.2,52.9,382,12.3,0.95,8.3,170,5.5,19.5,401,12.9,5.4,94,3.0,560,18.1,10
Buffalo,30,12,18,40.0,2086.0,69.5,50.6,102.3,745,1646,45.3,448,638,70.2,197,516,38.2,51.2,54.8,38.8,51.3,21.0,27.7,1.02,2135,71.2,48.4,1024,34.1,31.6,318,10.6,65.1,706,23.5,131,4.4,47.8,356,11.9,0.78,10.0,208,6.9,21.9,456,15.2,5.3,93,3.1,560,18.7,13
Butler,38,5,33,13.2,2443.0,64.3,46.2,92.4,805,1936,41.6,454,669,67.9,194,612,31.7,46.6,50.1,34.6,54.1,20.1,25.8,0.92,2258,59.4,48.5,1142,30.1,27.4,335,8.8,69.6,807,21.2,94,2.5,50.6,407,10.7,0.77,8.2,200,5.3,21.7,529,13.9,6.3,120,3.2,779,20.5,24
Cal Poly,31,19,12,61.3,2126.0,68.6,52.4,109.8,746,1637,45.6,636,886,71.8,207,562,36.8,51.9,56.7,54.1,46.2,27.2,26.6,1.1,2335,75.3,48.2,1054,34.0,30.4,312,10.1,65.9,742,23.9,111,3.6,58.6,437,14.1,1.14,8.3,177,5.7,18.0,383,12.4,6.1,108,3.5,551,17.8,12
Cal State Bakersfield,29,22,7,75.9,2001.0,69.0,55.5,108.1,777,1698,45.8,444,621,71.5,165,499,33.1,50.6,54.3,36.6,56.6,20.5,22.9,1.08,2163,74.6,50.4,1096,37.8,36.9,375,12.9,63.9,721,24.9,87,3.0,53.3,414,14.3,1.1,9.1,182,6.3,18.9,378,13.0,6.2,102,3.5,542,18.7,5
Cal State Fullerton,31,15,16,48.4,2226.0,69.6,51.4,101.7,791,1850,42.8,486,714,68.1,195,556,35.1,48.0,51.7,38.6,52.7,21.5,25.9,1.02,2263,73.0,50.6,1134,36.6,31.0,368,11.9,70.3,766,24.7,84,2.7,48.8,386,12.5,0.95,8.2,182,5.9,18.3,407,13.1,4.7,82,2.6,587,18.9,17
Cal State Northridge,32,21,11,65.6,2349.0,73.4,50.9,102.7,773,1825,42.4,626,873,71.7,240,695,34.5,48.9,53.8,47.8,44.2,26.0,29.9,1.03,2412,75.4,49.5,1189,37.2,34.9,421,13.2,64.1,768,24.0,120,3.8,61.7,477,14.9,0.92,10.8,254,7.9,22.2,521,16.3,6.1,109,3.4,730,22.8,33
California,35,11,24,31.4,2384.0,68.1,51.1,100.1,866,1993,43.5,460,663,69.4,195,618,31.6,48.3,51.7,33.3,56.2,19.3,24.5,1.0,2387,68.2,48.2,1123,32.1,31.1,381,10.9,65.3,742,21.2,85,2.4,50.2,435,12.4,0.97,8.1,193,5.5,18.8,447,12.8,6.5,132,3.8,608,17.4,6
Campbell,30,11,19,36.7,1999.0,66.6,47.2,95.0,644,1474,43.7,420,610,68.9,192,578,33.2,50.2,53.9,41.4,47.6,22.1,30.3,0.95,1900,63.3,49.0,955,31.8,33.3,312,10.4,64.6,643,21.4,87,2.9,66.0,425,14.2,0.77,9.8,196,6.5,27.6,552,18.4,9.9,156,5.2,596,19.9,10
Canisius,32,17,15,53.1,2159.0,67.5,51.9,100.0,783,1857,42.2,384,586,65.5,210,644,32.6,47.8,50.6,31.6,53.1,17.8,29.2,1.0,2160,67.5,49.3,1151,36.0,33.5,400,12.5,65.0,751,23.5,117,3.7,55.2,432,13.5,1.03,10.6,228,7.1,19.5,421,13.2,6.3,113,3.5,584,18.2,9
Central Arkansas,30,21,9,70.0,1983.0,66.1,51.2,101.3,727,1632,44.5,381,552,69.0,174,495,35.2,49.9,53.0,33.8,55.1,19.0,26.0,1.01,2009,67.0,50.1,1039,34.6,32.3,322,10.7,67.9,717,23.9,67,2.2,51.3,373,12.4,0.9,10.1,201,6.7,21.0,416,13.9,8.8,138,4.6,584,19.5,13
Central Connecticut State,30,18,12,60.0,1934.0,64.5,51.7,100.1,732,1615,45.3,309,461,67.0,162,465,34.8,50.3,52.8,28.5,58.9,16.0,25.1,1.0,1935,64.5,50.8,1024,34.1,33.6,326,10.9,67.9,698,23.3,98,3.3,47.8,350,11.7,0.81,10.6,205,6.8,22.2,430,14.3,7.1,114,3.8,525,17.5,12
Central Michigan,30,15,15,50.0,1933.0,66.7,48.3,99.5,600,1410,42.6,563,772,72.9,159,453,35.1,48.2,54.1,54.8,45.8,29.3,24.8,1.0,1924,64.1,48.4,973,32.4,32.3,302,10.1,64.4,671,22.4,104,3.5,50.2,301,10.0,0.66,9.1,175,5.8,23.7,459,15.3,6.2,99,3.3,562,18.7,17
Charleston Southern,30,17,13,56.7,2061.0,68.7,50.8,98.5,730,1656,44.1,392,595,65.9,178,524,34.0,49.5,52.4,35.9,54.4,19.3,26.3,0.98,2030,67.7,48.8,1073,35.8,33.6,351,11.7,64.0,722,24.1,118,3.9,54.1,395,13.2,0.84,10.6,218,7.3,22.9,472,15.7,5.3,94,3.1,484,16.1,7
Charlotte,31,12,19,38.7,2167.0,69.9,52.1,101.8,785,1891,41.5,423,606,69.8,212,690,30.7,47.1,50.6,32.0,52.0,19.2,28.8,1.02,2205,71.1,48.7,1148,37.0,32.9,399,12.9,64.5,749,24.2,100,3.2,54.0,424,13.7,1.11,8.4,183,5.9,17.7,383,12.4,6.5,117,3.8,644,20.8,18
Chattanooga,33,18,15,54.5,2339.0,70.9,49.5,101.7,818,1938,42.2,412,616,66.9,331,945,35.0,50.7,53.3,31.8,40.9,17.3,41.7,1.02,2379,72.1,49.5,1201,36.4,30.8,381,11.5,68.2,820,24.8,124,3.8,58.4,478,14.5,0.99,11.5,268,8.1,20.7,485,14.7,6.0,113,3.4,621,18.8,7
Chicago State,32,23,9,71.9,2213.0,69.2,50.7,103.3,762,1661,45.9,519,773,67.1,244,647,37.7,53.2,56.4,46.5,45.3,22.7,32.0,1.03,2287,71.5,47.8,1141,35.7,32.0,337,10.5,63.6,804,25.1,131,4.1,61.0,465,14.5,0.92,10.5,233,7.3,23.0,508,15.9,6.3,115,3.6,622,19.4,23
Cincinnati,35,16,19,45.7,2356.0,67.3,49.4,98.8,807,1954,41.3,483,703,68.7,230,676,34.0,47.2,50.9,36.0,49.6,20.8,29.7,0.99,2327,66.5,45.6,1157,33.1,29.4,368,10.5,61.7,789,22.5,91,2.6,54.4,439,12.5,1.04,9.6,227,6.5,18.0,423,12.1,5.1,106,3.0,590,16.9,11
Citadel,33,16,17,48.5,1992.0,60.4,49.2,98.4,699,1664,42.0,366,537,68.2,197,614,32.1,47.9,51.1,32.3,51.2,18.7,30.1,0.98,1961,59.4,49.9,1078,32.7,29.9,315,9.5,69.9,763,23.1,96,2.9,44.5,311,9.4,0.79,8.3,166,5.0,19.9,396,12.0,6.2,106,3.2,517,15.7,4
Clemson,32,11,21,34.4,2242.0,70.1,48.6,92.1,746,1768,42.2,425,626,67.9,148,503,29.4,46.4,50.0,35.4,57.9,20.6,21.5,0.92,2065,64.5,48.5,1112,34.8,33.5,381,11.9,63.5,731,22.8,115,3.6,51.5,384,12.0,0.7,11.7,263,8.2,24.6,551,17.2,5.3,100,3.1,587,18.3,7
Cleveland State,33,17,16,51.5,2186.0,66.2,51.5,103.1,750,1617,46.4,561,833,67.3,193,489,39.5,52.4,56.0,51.5,49.4,24.9,25.7,1.03,2254,68.3,52.8,1119,33.9,35.0,352,10.7,70.6,767,23.2,92,2.8,56.7,425,12.9,0.81,8.4,184,5.6,23.9,523,15.8,5.3,96,2.9,589,17.8,5
Coastal Carolina,35,7,28,20.0,2358.0,67.4,47.6,89.2,767,2008,38.2,385,576,66.8,184,670,27.5,42.8,46.1,28.7,55.4,18.3,26.2,0.89,2103,60.1,46.9,1179,33.7,32.1,431,12.3,61.7,748,21.4,135,3.9,42.1,323,9.2,0.64,9.3,220,6.3,21.5,507,14.5,4.4,89,2.5,660,18.9,9
Colgate,29,19,10,65.5,1971.0,68.0,50.6,105.0,718,1602,44.8,429,589,72.8,204,571,35.7,51.2,55.0,36.8,49.7,20.7,29.6,1.05,2069,71.3,48.6,957,33.0,29.3,280,9.7,67.9,677,23.3,92,3.2,59.1,424,14.6,1.15,10.2,202,7.0,18.7,369,12.7,5.8,92,3.2,532,18.3,13
College of Charleston,34,12,22,35.3,2356.0,69.3,56.7,105.8,939,2096,44.8,423,656,64.5,192,566,33.9,49.4,51.8,31.3,59.9,17.0,23.1,1.06,2493,73.3,56.9,1379,40.6,39.4,505,14.9,74.4,874,25.7,122,3.6,47.0,441,13.0,0.98,8.7,204,6.0,19.1,449,13.2,4.2,87,2.6,486,14.3,2
Colorado,31,16,15,51.6,2161.0,69.7,53.7,106.4,786,1702,46.2,543,780,69.6,184,531,34.7,51.6,55.5,45.8,52.4,23.6,24.0,1.06,2299,74.2,56.5,1115,36.0,36.7,380,12.3,76.3,735,23.7,67,2.2,52.5,413,13.3,0.88,9.6,208,6.7,21.7,468,15.1,6.9,112,3.6,644,20.8,11
Colorado State,32,16,16,50.0,2143.0,67.0,48.2,99.6,703,1627,43.2,523,770,67.9,205,582,35.2,49.5,53.5,47.3,46.7,24.5,28.8,1.0,2134,66.7,48.1,1028,32.1,28.9,305,9.5,67.2,723,22.6,95,3.0,54.9,386,12.1,0.83,10.3,220,6.9,21.7,465,14.5,7.4,120,3.8,666,20.8,20
Columbia,28,17,11,60.7,1816.0,64.9,48.7,100.7,618,1384,44.7,413,595,69.4,179,504,35.5,51.1,54.8,43.0,48.0,22.6,29.4,1.01,1828,65.3,48.8,915,32.7,29.0,255,9.1,68.6,660,23.6,83,3.0,53.6,331,11.8,0.81,10.3,187,6.7,22.4,407,14.5,6.5,95,3.4,498,17.8,8
Connecticut,34,16,18,47.1,2322.0,68.3,51.7,97.6,834,2114,39.5,396,563,70.3,202,638,31.7,44.2,47.6,26.6,55.8,17.5,26.7,0.98,2266,66.6,48.2,1204,35.4,35.0,475,14.0,61.4,729,21.4,137,4.0,51.0,425,12.5,1.02,11.4,265,7.8,18.0,418,12.3,7.4,139,4.1,688,20.2,30
Coppin State,30,22,8,73.3,2002.0,66.7,52.8,101.3,694,1638,42.4,456,684,66.7,185,643,28.8,48.0,51.7,41.8,50.2,22.5,27.4,1.01,2029,67.6,53.5,1163,38.8,37.8,404,13.5,69.3,759,25.3,109,3.6,56.6,393,13.1,0.89,10.3,206,6.9,22.0,441,14.7,6.8,115,3.8,487,16.2,4
Cornell,34,5,29,14.7,2217.0,65.2,48.1,97.2,745,1777,41.9,467,658,71.0,197,579,34.0,47.5,51.5,37.0,50.9,21.7,27.4,0.97,2154,63.4,48.3,1040,30.6,29.5,333,9.8,67.0,707,20.8,98,2.9,52.5,391,11.5,0.84,9.8,217,6.4,20.9,463,13.6,5.1,97,2.9,561,16.5,5
Creighton,34,16,18,47.1,2257.0,66.4,50.7,102.8,795,1897,41.9,506,702,72.1,224,664,33.7,47.8,52.0,37.0,49.2,21.8,29.0,1.03,2320,68.2,49.9,1171,34.4,30.7,370,10.9,69.2,801,23.6,98,2.9,55.1,438,12.9,1.1,8.8,199,5.9,17.7,399,11.7,5.4,101,3.0,646,19.0,15
Dartmouth,28,23,5,82.1,1786.0,63.8,52.2,102.7,648,1452,44.6,396,553,71.6,143,433,33.0,49.6,53.5,38.1,55.0,21.6,23.4,1.03,1835,65.5,53.0,1020,36.4,34.7,306,10.9,71.4,714,25.5,71,2.5,52.0,337,12.0,0.89,9.9,176,6.3,21.1,377,13.5,6.8,102,3.6,423,15.1,1
Davidson,31,15,16,48.4,2109.0,68.0,49.4,101.9,748,1714,43.6,449,632,71.0,204,551,37.0,49.6,53.3,36.9,50.6,20.9,28.5,1.02,2149,69.3,47.1,1040,33.5,27.2,289,9.3,66.9,751,24.2,136,4.4,45.9,343,11.1,0.89,8.9,187,6.0,18.3,385,12.4,5.0,88,2.8,600,19.4,9
Dayton,37,12,25,32.4,2562.0,69.2,46.0,90.0,778,1985,39.2,532,810,65.7,217,704,30.8,44.7,48.6,40.8,48.7,23.1,28.2,0.9,2305,62.3,46.6,1216,32.9,27.3,375,10.1,65.8,841,22.7,117,3.2,53.0,412,11.1,0.79,9.0,230,6.2,20.3,519,14.0,5.4,116,3.1,701,18.9,16
Delaware,31,24,7,77.4,2050.0,66.1,54.0,109.8,756,1679,45.0,532,754,70.6,207,565,36.6,51.2,55.2,44.9,48.8,23.6,27.6,1.1,2251,72.6,49.7,1105,35.6,33.8,346,11.2,65.5,759,24.5,91,2.9,53.8,407,13.1,1.12,9.7,199,6.4,17.7,362,11.7,5.9,103,3.3,578,18.6,13
Delaware State,29,12,17,41.4,1724.0,59.4,50.8,98.1,621,1300,47.8,300,465,64.5,149,390,38.2,53.5,55.6,35.8,55.8,17.7,26.4,0.98,1691,58.3,51.6,912,31.4,37.8,292,10.1,65.4,620,21.4,106,3.7,52.8,328,11.3,0.66,8.2,141,4.9,28.8,496,17.1,5.8,86,3.0,488,16.8,4
Denver,32,13,19,40.6,1929.0,62.2,51.0,104.3,645,1403,46.0,590,838,70.4,132,348,37.9,50.7,55.9,59.7,51.0,29.3,19.7,1.04,2012,62.9,56.2,953,29.8,31.3,279,8.7,81.2,674,21.1,67,2.1,39.8,257,8.0,0.63,8.7,167,5.2,21.3,410,12.8,6.0,84,2.6,612,19.1,28
DePaul,31,23,8,74.2,1985.0,64.0,54.3,104.4,724,1667,43.4,445,661,67.3,180,520,34.6,48.8,52.3,39.7,52.5,21.5,26.0,1.04,2073,66.9,53.0,1205,38.9,37.5,398,12.8,68.4,807,26.0,88,2.8,59.4,430,13.9,1.07,8.3,164,5.3,20.2,400,12.9,6.2,109,3.5,492,15.9,6
Detroit,34,14,20,41.2,2343.0,68.9,47.5,95.3,775,1874,41.4,477,668,71.4,207,654,31.7,46.9,51.0,35.6,50.9,21.4,27.8,0.95,2234,65.7,47.5,1090,32.1,30.5,361,10.6,64.5,729,21.4,94,2.8,50.1,388,11.4,0.75,10.3,241,7.1,22.2,520,15.3,4.5,82,2.4,681,20.0,23
Drake,33,19,14,57.6,2092.0,63.4,52.8,108.0,813,1769,46.0,387,561,69.0,246,674,36.5,52.9,55.5,31.7,50.2,17.1,32.7,1.08,2259,68.5,55.4,1158,35.1,32.0,338,10.2,78.8,820,24.8,87,2.6,55.7,453,13.7,1.11,7.9,165,5.0,19.6,409,12.4,5.1,87,2.6,601,18.2,15
Drexel,32,16,16,50.0,2090.0,65.3,50.4,98.1,686,1676,40.9,543,775,70.1,136,420,32.4,45.0,50.2,46.2,53.6,26.5,19.9,0.98,2051,64.1,49.4,1151,36.0,33.0,367,11.5,65.8,784,24.5,129,4.0,51.3,352,11.0,0.85,9.0,188,5.9,19.8,414,12.9,8.9,161,5.0,581,18.2,9
Duke,40,5,35,12.5,2658.0,66.5,48.8,91.8,883,2204,40.1,515,750,68.7,158,560,28.2,43.6,47.6,34.0,59.5,21.1,19.4,0.92,2439,61.0,46.0,1315,32.9,32.5,470,11.8,59.4,845,21.1,149,3.7,48.7,430,10.8,0.76,7.9,210,5.2,21.4,569,14.2,6.6,156,3.9,780,19.5,17
Duquesne,32,16,16,50.0,2303.0,69.8,51.7,99.2,800,1920,41.7,450,674,66.8,234,673,34.8,47.8,51.0,35.1,49.6,19.7,30.7,0.99,2284,71.4,52.4,1321,41.3,37.5,466,14.6,67.2,855,26.7,129,4.0,57.4,459,14.3,0.87,9.1,209,6.5,22.9,527,16.5,7.3,140,4.4,637,19.9,22
East Carolina,31,21,10,67.7,2136.0,68.9,54.1,108.8,816,1853,44.0,459,652,70.4,232,622,37.3,50.3,53.7,35.2,50.3,19.8,30.0,1.09,2323,74.9,49.7,1058,34.1,33.6,382,12.3,65.7,676,21.8,85,2.7,59.2,483,15.6,1.34,13.2,281,9.1,16.9,361,11.6,7.4,121,3.9,587,18.9,9
East Tennessee State,35,15,20,42.9,2436.0,69.6,49.1,97.0,801,1917,41.8,500,756,66.1,260,782,33.2,48.6,51.9,39.4,45.8,21.2,33.0,0.97,2362,67.5,49.4,1250,35.7,33.8,425,12.1,65.0,825,23.6,115,3.3,57.8,463,13.2,0.8,10.6,257,7.3,23.9,582,16.6,6.6,131,3.7,672,19.2,15
Eastern Illinois,31,12,19,38.7,2033.0,65.6,49.7,99.5,690,1707,40.4,406,577,70.4,237,673,35.2,47.4,51.1,33.8,44.8,20.1,35.1,1.0,2023,65.3,48.9,1005,32.4,33.0,362,11.7,64.7,643,20.7,114,3.7,59.7,412,13.3,1.01,10.4,211,6.8,20.1,408,13.2,7.7,130,4.2,526,17.0,12
Eastern Kentucky,33,13,20,39.4,2078.0,63.0,52.4,106.3,786,1689,46.5,399,566,70.5,237,596,39.8,53.6,56.4,33.5,49.7,18.1,32.2,1.06,2208,66.9,55.1,1099,33.3,34.3,335,10.2,75.9,764,23.2,81,2.5,61.7,485,14.7,1.08,7.6,157,4.8,21.7,450,13.6,5.5,98,3.0,492,14.9,6
Eastern Michigan,32,15,17,46.9,2139.0,66.8,49.3,98.0,743,1706,43.6,424,641,66.1,186,537,34.6,49.0,52.1,37.6,53.1,20.2,26.6,0.98,2096,65.5,48.6,1080,33.8,29.9,322,10.1,67.2,758,23.7,100,3.1,55.2,410,12.8,0.9,9.6,206,6.4,21.3,456,14.2,6.4,109,3.4,675,21.1,26
Eastern Washington,30,21,9,70.0,2161.0,72.0,50.7,105.9,776,1654,46.9,541,759,71.3,195,492,39.6,52.8,56.8,45.9,50.8,23.6,25.6,1.06,2288,76.3,50.3,1084,36.1,27.9,278,9.3,72.7,806,26.9,87,2.9,49.4,383,12.8,0.91,10.6,228,7.6,19.6,423,14.1,7.9,137,4.6,557,18.6,10
Elon,32,23,9,71.9,2221.0,69.4,53.3,105.1,846,1842,45.9,432,649,66.6,211,596,35.4,51.7,54.3,35.2,54.4,18.5,27.1,1.05,2335,73.0,53.1,1233,38.5,34.1,378,11.8,72.2,855,26.7,97,3.0,52.1,441,13.8,0.97,8.7,193,6.0,20.4,453,14.2,7.1,131,4.1,614,19.2,17
Evansville,30,21,9,70.0,2006.0,66.9,49.4,103.1,687,1567,43.8,497,690,72.0,197,572,34.4,50.1,54.6,44.0,47.4,24.0,28.6,1.03,2068,68.9,49.6,976,32.5,28.4,283,9.4,70.8,693,23.1,55,1.8,55.2,379,12.6,0.96,10.1,202,6.7,19.7,396,13.2,8.6,133,4.4,603,20.1,15
Fairfield,34,11,23,32.4,2312.0,68.0,50.9,98.9,808,1900,42.5,451,652,69.2,220,595,37.0,48.3,51.7,34.3,51.4,19.7,28.9,0.99,2287,67.3,49.0,1209,35.6,34.6,416,12.2,63.5,793,23.3,131,3.9,48.4,391,11.5,0.77,9.7,225,6.6,21.9,506,14.9,6.3,126,3.7,603,17.7,14
Fairleigh Dickinson,32,21,11,65.6,2199.0,68.7,52.8,103.6,798,1871,42.7,443,683,64.9,240,650,36.9,49.1,51.9,36.5,49.0,19.4,31.6,1.04,2279,71.2,52.0,1182,36.9,32.9,396,12.4,71.1,786,24.6,118,3.7,59.0,471,14.7,1.2,10.2,225,7.0,17.8,391,12.2,5.8,98,3.1,637,19.9,18
Florida,34,13,21,38.2,2284.0,67.2,51.2,98.9,841,1952,43.1,367,540,68.0,209,643,32.5,48.4,51.1,27.7,56.0,16.3,27.8,0.99,2258,66.4,47.9,1170,34.4,32.8,396,11.6,63.0,774,22.8,132,3.9,52.2,439,12.9,0.95,9.9,227,6.7,20.3,464,13.6,6.7,135,4.0,584,17.2,7
Florida A&M,31,22,9,71.0,2122.0,68.5,55.2,107.0,807,1791,45.1,465,673,69.1,191,571,33.5,50.4,53.8,37.6,54.3,20.5,25.2,1.07,2270,73.2,53.0,1182,38.1,37.9,418,13.5,68.1,764,24.6,132,4.3,52.8,426,13.7,1.0,11.0,234,7.5,20.1,427,13.8,4.8,81,2.6,565,18.2,9
Florida Atlantic,30,16,14,53.3,2120.0,70.7,53.3,104.0,766,1685,45.5,508,759,66.9,165,406,40.6,50.4,53.9,45.0,54.5,23.0,22.4,1.04,2205,73.5,51.3,1153,38.4,34.2,362,12.1,68.4,791,26.4,101,3.4,49.6,380,12.7,0.88,7.4,156,5.2,20.4,433,14.4,6.9,125,4.2,592,19.7,16
Florida Gulf Coast,29,21,8,72.4,1995.0,68.8,52.8,104.4,690,1551,44.5,471,743,63.4,231,642,36.0,51.9,54.7,47.9,44.1,22.6,33.3,1.04,2082,71.8,49.6,1026,35.4,37.1,378,13.0,62.2,648,22.3,117,4.0,65.2,450,15.5,0.96,11.5,230,7.9,23.6,470,16.2,5.7,92,3.2,558,19.2,16
Florida International,32,25,7,78.1,2224.0,69.5,54.3,111.0,868,1785,48.6,478,678,70.5,255,662,38.5,55.8,58.6,38.0,49.7,19.4,31.0,1.11,2469,77.2,51.6,1192,37.2,34.9,358,11.2,68.4,834,26.1,88,2.8,59.0,512,16.0,1.09,10.7,237,7.4,21.2,471,14.7,7.1,133,4.2,586,18.3,13
Florida State,32,10,22,31.2,2171.0,67.8,46.1,89.0,660,1752,37.7,409,609,67.2,203,619,32.8,43.5,47.3,34.8,47.3,21.2,31.5,0.89,1932,60.4,47.2,1044,32.6,32.4,385,12.0,61.9,659,20.6,110,3.4,47.3,312,9.8,0.61,11.7,254,7.9,23.6,513,16.0,4.5,78,2.4,595,18.6,15
Fordham,28,26,2,92.9,2079.0,74.2,53.1,106.8,786,1819,43.2,473,683,69.3,175,515,34.0,48.0,51.8,37.5,55.0,21.3,23.6,1.07,2220,79.3,51.8,1145,40.9,34.8,361,12.9,68.7,784,28.0,92,3.3,55.1,433,15.5,1.26,11.4,238,8.5,16.5,343,12.2,6.4,109,3.9,502,17.9,9
Fresno State,33,18,15,54.5,2206.0,68.9,50.2,100.0,771,1810,42.6,418,618,67.6,247,665,37.1,49.4,52.5,34.1,47.5,18.9,33.6,1.0,2207,66.9,51.2,1156,35.0,32.8,371,11.2,69.6,785,23.8,104,3.2,58.5,451,13.7,0.97,9.9,219,6.6,21.2,467,14.2,6.2,110,3.3,598,18.1,8
Furman,30,17,13,56.7,2058.0,68.6,51.9,100.0,719,1695,42.4,463,709,65.3,155,463,33.5,47.0,50.7,41.8,54.8,22.5,22.6,1.0,2059,68.6,50.4,1066,35.5,32.2,355,11.8,68.6,711,23.7,123,4.1,52.6,378,12.6,1.01,9.7,200,6.7,18.3,376,12.5,5.9,95,3.2,605,20.2,16
Gardner-Webb,29,21,8,72.4,2155.0,74.3,53.9,104.7,806,1737,46.4,456,697,65.4,189,538,35.1,51.8,54.6,40.1,54.7,20.2,25.1,1.05,2257,77.8,51.8,1136,39.2,35.2,376,13.0,68.3,760,26.2,98,3.4,56.6,456,15.7,1.0,12.2,262,9.0,21.2,456,15.7,6.1,106,3.7,487,16.8,9
George Mason,32,15,17,46.9,2137.0,66.8,52.5,101.1,775,1817,42.7,422,617,68.4,189,556,34.0,47.9,51.2,34.0,54.2,19.5,26.2,1.01,2161,67.5,51.0,1143,35.7,34.9,400,12.5,67.1,743,23.2,80,2.5,54.7,424,13.2,1.01,10.3,221,6.9,19.7,421,13.2,6.7,115,3.6,608,19.0,21
George Washington,31,15,16,48.4,2155.0,69.5,48.2,98.1,700,1691,41.4,479,723,66.3,234,668,35.0,48.3,51.9,42.8,44.1,22.7,33.2,0.98,2113,68.2,46.8,1066,34.4,30.8,341,11.0,62.7,725,23.4,87,2.8,61.3,429,13.8,0.91,9.0,195,6.3,21.8,470,15.2,7.4,133,4.3,611,19.7,18
Georgetown,34,11,23,32.4,2264.0,66.6,50.0,99.2,788,1890,41.7,454,632,71.8,216,646,33.4,47.4,51.3,33.4,50.9,20.2,28.9,0.99,2246,66.1,49.5,1053,31.0,32.2,380,11.2,66.8,673,19.8,105,3.1,56.7,447,13.1,1.0,10.9,246,7.2,19.7,445,13.1,7.3,132,3.9,627,18.4,20
Georgia,31,17,14,54.8,2061.0,66.5,52.3,104.3,768,1782,43.1,424,576,73.6,190,568,33.5,48.4,52.3,32.3,53.8,19.7,26.5,1.04,2150,69.4,47.3,980,31.6,32.7,356,11.5,61.9,624,20.1,104,3.4,46.2,355,11.5,0.96,12.4,255,8.2,17.9,368,11.9,8.5,141,4.5,546,17.6,9
Georgia Southern,32,23,9,71.9,2313.0,72.3,55.5,109.3,903,1762,51.2,517,790,65.4,206,520,39.6,57.1,59.2,44.8,55.1,20.4,24.4,1.09,2529,79.0,53.8,1195,37.3,38.9,392,12.2,68.6,803,25.1,129,4.0,53.3,481,15.0,0.84,8.6,199,6.2,24.8,573,17.9,5.8,108,3.4,602,18.8,14
Georgia State,32,20,12,62.5,2038.0,63.7,51.1,100.0,692,1630,42.5,482,681,70.8,173,534,32.4,47.8,52.2,41.8,50.9,23.6,25.5,1.0,2039,63.7,49.2,1070,33.4,36.3,376,11.8,62.1,694,21.7,107,3.3,57.7,399,12.5,0.87,11.2,228,7.1,22.5,458,14.3,6.2,110,3.4,514,16.1,6
Georgia Tech,36,13,23,36.1,2546.0,70.7,48.6,92.9,818,2129,38.4,489,734,66.6,240,762,31.5,44.1,47.7,34.5,48.9,20.7,30.4,0.93,2365,65.7,47.9,1259,35.0,33.7,482,13.4,62.1,777,21.6,146,4.1,57.7,472,13.1,0.86,11.2,284,7.9,21.5,547,15.2,5.5,113,3.1,687,19.1,14
Gonzaga,34,7,27,20.6,2384.0,70.1,48.8,96.1,818,2006,40.8,439,677,64.8,216,655,33.0,46.2,49.2,33.7,52.6,19.2,28.3,0.96,2291,67.4,48.4,1134,33.4,28.9,377,11.1,67.9,757,22.3,136,4.0,50.9,416,12.2,0.94,9.4,224,6.6,18.5,442,13.0,5.3,98,2.9,724,21.3,24
Grambling State,28,21,7,75.0,1980.0,70.7,53.1,103.4,686,1515,45.3,536,832,64.4,140,422,33.2,49.9,53.6,54.9,53.3,26.2,20.5,1.03,2048,73.1,53.5,1091,39.0,35.9,353,12.6,71.2,738,26.4,91,3.2,53.8,369,13.2,0.83,12.1,240,8.6,22.4,443,15.8,6.8,105,3.8,521,18.6,7
Green Bay,35,13,22,37.1,2276.0,65.0,52.3,102.9,833,1885,44.2,468,675,69.3,207,604,34.3,49.7,53.1,35.8,53.5,20.0,26.5,1.03,2341,66.9,50.6,1177,33.6,34.8,402,11.5,66.5,775,22.1,105,3.0,48.9,407,11.6,0.85,9.4,215,6.1,21.0,477,13.6,6.3,120,3.4,673,19.2,20
Hampton,32,18,14,56.2,2173.0,67.9,50.7,94.3,723,1755,41.2,434,689,63.0,170,553,30.7,46.0,49.2,39.3,54.0,21.2,24.9,0.94,2050,64.1,51.6,1156,36.1,36.7,427,13.3,66.5,729,22.8,144,4.5,50.2,363,11.3,0.71,8.8,191,6.0,23.7,514,16.1,4.9,83,2.6,594,18.6,12
Hartford,30,22,8,73.3,1954.0,65.1,52.3,107.5,676,1524,44.4,522,755,69.1,226,585,38.6,51.8,55.8,49.5,42.9,24.9,32.3,1.07,2100,70.0,53.7,1136,37.9,34.4,333,11.1,73.0,803,26.8,96,3.2,54.1,366,12.2,0.9,7.3,142,4.7,20.8,406,13.5,6.1,102,3.4,467,15.6,6
Harvard,29,8,21,27.6,1996.0,68.8,48.3,96.6,656,1565,41.9,450,636,70.8,166,485,34.2,47.2,51.6,40.6,50.8,23.3,25.8,0.97,1928,66.5,49.7,906,31.2,30.6,308,10.6,68.7,598,20.6,95,3.3,54.0,354,12.2,0.82,9.4,187,6.4,21.6,431,14.9,7.2,108,3.7,577,19.9,10
Hawaii,30,20,10,66.7,2008.0,66.9,54.4,108.9,774,1712,45.2,443,635,69.8,196,571,34.3,50.9,54.3,37.1,52.9,20.3,26.9,1.09,2187,72.9,47.3,971,32.4,33.3,336,11.2,61.2,635,21.2,88,2.9,50.9,394,13.1,1.19,9.5,190,6.3,16.4,330,11.0,5.1,84,2.8,616,20.5,20
High Point,30,15,15,50.0,2149.0,71.6,52.1,102.5,744,1643,45.3,553,793,69.7,162,434,37.3,50.2,54.5,48.3,52.8,25.1,22.1,1.03,2203,73.4,49.9,1088,36.3,34.6,356,11.9,65.2,732,24.4,79,2.6,50.3,374,12.5,0.8,10.4,223,7.4,21.9,470,15.7,7.6,135,4.5,553,18.4,13
Hofstra,34,15,19,44.1,2379.0,70.0,49.2,96.3,745,1879,39.6,640,929,68.9,160,550,29.1,43.9,49.3,49.4,51.1,27.9,21.0,0.96,2290,67.4,47.1,1248,36.7,31.6,406,11.9,62.6,842,24.8,149,4.4,55.7,415,12.2,0.9,10.2,243,7.1,19.4,461,13.6,8.5,178,5.2,597,17.6,11
Holy Cross,31,22,9,71.0,2086.0,67.3,53.2,106.6,796,1817,43.8,413,594,69.5,218,617,35.3,49.8,53.0,32.7,52.0,18.6,29.4,1.07,2223,71.7,47.6,1008,32.5,31.8,352,11.4,63.3,656,21.2,93,3.0,60.3,480,15.5,1.42,10.6,222,7.2,16.3,339,10.9,6.9,118,3.8,591,19.1,3
Houston,35,16,19,45.7,2515.0,71.9,53.7,104.3,929,2016,46.1,569,797,71.4,197,594,33.2,51.0,54.8,39.5,55.8,21.7,22.5,1.04,2624,75.0,54.1,1480,42.3,38.7,469,13.4,69.6,1011,28.9,116,3.3,50.6,470,13.4,0.8,6.3,158,4.5,23.3,585,16.7,5.2,119,3.4,644,18.4,16
Houston Baptist,33,21,12,63.6,2479.0,75.1,52.6,105.0,903,2031,44.5,554,812,68.2,244,653,37.4,50.5,53.9,40.0,50.6,21.3,28.1,1.05,2604,78.9,48.7,1228,37.2,33.2,420,12.7,64.2,808,24.5,136,4.1,56.3,508,15.4,1.05,10.9,270,8.2,19.4,482,14.6,5.8,111,3.4,692,21.0,30
Howard,32,25,7,78.1,2115.0,66.1,54.8,106.4,840,1800,46.7,402,597,67.3,169,507,33.3,51.4,54.0,33.2,59.6,17.9,22.5,1.06,2251,70.3,50.9,1180,36.9,33.8,360,11.2,67.9,820,25.6,100,3.1,48.7,409,12.8,1.05,10.7,227,7.1,18.4,389,12.2,7.2,122,3.8,597,18.7,12
Idaho,31,16,15,51.6,2113.0,68.2,51.8,103.5,792,1783,44.4,401,575,69.7,203,577,35.2,50.1,53.2,32.2,53.8,18.3,27.8,1.04,2188,70.6,49.4,1034,33.4,31.3,337,10.9,67.5,697,22.5,75,2.4,46.3,367,11.8,0.92,10.7,227,7.3,18.8,398,12.8,5.9,100,3.2,584,18.8,16
Idaho State,29,22,7,75.9,1875.0,64.7,56.5,116.1,743,1592,46.7,458,648,70.7,232,622,37.3,54.0,57.3,40.7,47.0,21.0,32.0,1.16,2176,75.0,50.2,930,32.1,36.2,337,11.6,64.1,593,20.4,91,3.1,62.0,461,15.9,1.44,10.9,204,7.0,17.1,321,11.1,7.0,109,3.8,489,16.9,15
Illinois,36,15,21,41.7,2442.0,67.8,49.2,98.5,838,2094,40.0,463,665,69.6,267,831,32.1,46.4,49.9,31.8,47.5,19.2,33.3,0.99,2406,66.8,49.0,1241,34.5,30.2,407,11.3,67.8,834,23.2,108,3.0,55.0,461,12.8,1.06,9.0,221,6.1,17.8,434,12.1,2.9,61,1.7,606,16.8,10
Illinois State,33,11,22,33.3,2158.0,65.4,47.7,98.0,742,1753,42.3,406,550,73.8,225,657,34.2,48.7,52.5,31.4,48.9,19.2,31.9,0.98,2115,64.1,46.8,1037,31.4,27.9,306,9.3,65.6,731,22.2,103,3.1,51.1,379,11.5,0.85,9.0,194,5.9,20.7,446,13.5,5.6,99,3.0,617,18.7,15
Indiana,31,21,10,67.7,2113.0,68.2,53.4,104.8,768,1731,44.4,493,712,69.2,186,566,32.9,49.7,53.5,41.1,52.6,22.3,25.2,1.05,2215,71.5,50.2,1104,35.6,35.9,389,12.5,64.4,715,23.1,108,3.5,57.4,441,14.2,1.01,10.4,220,7.1,20.6,435,14.0,9.5,161,5.2,628,20.3,18
Indiana State,32,15,17,46.9,2083.0,65.1,52.3,101.9,741,1786,41.5,438,657,66.7,203,606,33.5,47.2,50.6,36.8,50.7,20.6,28.7,1.02,2123,66.3,52.7,1146,35.8,33.1,385,12.0,72.4,761,23.8,111,3.5,51.4,381,11.9,1.04,9.0,187,5.8,17.6,367,11.5,4.4,74,2.3,567,17.7,7
Iona,31,10,21,32.3,2070.0,66.8,47.2,92.8,629,1575,39.9,500,745,67.1,163,500,32.6,45.1,49.8,47.3,48.5,26.0,25.5,0.93,1921,62.0,51.6,1113,35.9,32.9,352,11.4,70.3,761,24.5,89,2.9,51.5,324,10.5,0.64,10.8,224,7.2,24.3,504,16.3,8.7,145,4.7,558,18.0,12
Iowa,32,22,10,68.8,1990.0,62.2,52.4,106.1,778,1695,45.9,360,505,71.3,196,573,34.2,51.7,54.6,29.8,55.1,17.0,27.8,1.06,2112,66.0,49.4,1019,31.8,29.3,293,9.2,69.6,726,22.7,81,2.5,56.4,439,13.7,1.26,10.8,214,6.7,17.5,348,10.9,6.7,109,3.4,524,16.4,5
Iowa State,32,17,15,53.1,2252.0,70.4,51.1,100.1,830,1978,42.0,384,537,71.5,210,628,33.4,47.3,50.5,27.1,55.0,17.0,28.0,1.0,2254,70.4,49.3,1174,36.7,31.6,387,12.1,67.0,787,24.6,99,3.1,47.7,396,12.4,0.98,10.5,236,7.4,17.9,403,12.6,5.3,100,3.1,586,18.3,11
IPFW,31,15,16,48.4,2129.0,68.7,49.6,99.2,733,1736,42.2,492,665,74.0,154,483,31.9,46.7,51.5,38.3,54.8,23.3,21.9,0.99,2112,68.1,50.2,1135,36.6,29.8,326,10.5,70.7,809,26.1,101,3.3,46.9,344,11.1,0.86,8.8,187,6.0,18.7,398,12.8,7.8,140,4.5,545,17.6,11
IUPUI,36,11,25,30.6,2426.0,67.4,50.4,99.8,875,2033,43.0,413,604,68.4,257,730,35.2,49.4,52.2,29.7,51.1,17.1,31.9,1.0,2420,67.2,49.8,1128,31.3,33.0,414,11.5,66.5,714,19.8,117,3.2,56.2,492,13.7,0.94,9.5,231,6.4,21.6,523,14.5,5.7,107,3.0,666,18.5,12
Jackson State,32,13,19,40.6,2148.0,67.1,49.3,97.3,690,1715,40.2,526,807,65.2,183,570,32.1,45.6,49.8,47.1,48.5,25.2,26.3,0.97,2089,65.3,48.1,1132,35.4,31.3,365,11.4,64.8,767,24.0,131,4.1,49.3,340,10.6,0.8,10.8,232,7.2,19.9,427,13.3,7.1,123,3.8,638,19.9,24
Jacksonville,33,13,20,39.4,2277.0,69.0,48.9,97.8,749,1735,43.2,547,795,68.8,183,538,34.0,48.4,52.7,45.8,50.8,24.6,24.6,0.98,2228,67.5,47.0,1123,34.0,32.6,362,11.0,61.3,761,23.1,96,2.9,51.9,389,11.8,0.72,9.5,216,6.5,23.6,538,16.3,5.7,110,3.3,652,19.8,16
Jacksonville State,30,19,11,63.3,2052.0,68.4,52.7,104.5,746,1690,44.1,460,671,68.6,192,514,37.4,49.8,53.4,39.7,51.7,21.5,26.9,1.04,2144,71.5,51.1,1063,35.4,33.9,358,11.9,68.2,705,23.5,105,3.5,55.9,417,13.9,1.03,10.6,217,7.2,19.6,403,13.4,5.4,90,3.0,549,18.3,4
James Madison,33,20,13,60.6,2237.0,67.8,53.3,103.1,839,1981,42.4,429,617,69.5,200,592,33.8,47.4,50.7,31.1,55.4,18.6,26.0,1.03,2307,69.9,51.7,1189,36.0,35.1,430,13.0,68.3,759,23.0,92,2.8,54.8,460,13.9,1.16,11.4,254,7.7,17.8,398,12.1,4.6,84,2.5,576,17.5,14
Kansas,36,3,33,8.3,2514.0,69.8,48.1,92.0,811,2142,37.9,461,672,68.6,229,691,33.1,43.2,47.0,31.4,50.3,19.9,29.7,0.92,2312,64.2,46.7,1211,33.6,31.7,460,12.8,61.6,751,20.9,119,3.3,55.1,447,12.4,0.89,9.3,234,6.5,20.0,502,13.9,6.3,133,3.7,719,20.0,18
Kansas State,37,8,29,21.6,2668.0,72.1,49.0,96.9,853,2037,41.9,669,955,70.1,209,615,34.0,47.0,51.9,46.9,49.8,25.9,24.3,0.97,2584,69.8,46.8,1277,34.5,34.0,451,12.2,59.6,826,22.3,148,4.0,51.6,440,11.9,0.71,9.6,256,6.9,23.4,624,16.9,5.7,124,3.4,894,24.2,32
Kennesaw State,33,20,13,60.6,2216.0,67.2,54.9,104.4,864,1928,44.8,369,564,65.4,217,622,34.9,50.4,52.7,29.3,55.9,15.9,28.1,1.04,2314,70.1,51.2,1236,37.5,38.8,453,13.7,63.5,783,23.7,117,3.5,58.3,504,15.3,1.07,10.9,242,7.3,21.3,471,14.3,4.7,90,2.7,524,15.9,11
Kent State,34,10,24,29.4,2297.0,67.6,48.2,96.3,771,1799,42.9,474,671,70.6,197,617,31.9,48.3,52.2,37.3,51.9,21.4,26.7,0.96,2213,65.1,48.7,1181,34.7,30.4,348,10.2,67.0,833,24.5,125,3.7,56.4,435,12.8,0.83,8.4,194,5.7,22.8,523,15.4,6.0,117,3.4,651,19.1,19
Kentucky,38,3,35,7.9,2686.0,70.7,47.9,91.9,875,2314,37.8,473,687,68.9,245,783,31.3,43.1,46.7,29.7,51.1,19.2,29.8,0.92,2468,64.9,45.5,1275,33.6,32.0,487,12.8,59.0,788,20.7,132,3.5,47.8,418,11.0,0.79,9.7,261,6.9,19.8,531,14.0,5.3,119,3.1,795,20.9,28
La Salle,30,18,12,60.0,2073.0,69.1,53.9,105.8,787,1803,43.6,411,604,68.0,208,604,34.4,49.4,52.5,33.5,52.8,18.7,28.5,1.06,2193,73.1,47.3,1034,34.5,33.4,374,12.5,61.1,660,22.0,117,3.9,59.7,470,15.7,1.34,11.8,244,8.1,17.0,352,11.7,6.6,114,3.8,540,18.0,8
Lafayette,32,13,19,40.6,2175.0,68.0,53.3,105.1,842,1846,45.6,356,530,67.2,247,639,38.7,52.3,54.5,28.7,52.0,15.6,32.4,1.05,2287,71.5,54.2,1134,35.4,35.3,391,12.2,73.1,743,23.2,113,3.5,51.5,434,13.6,0.93,8.7,189,5.9,21.6,469,14.7,4.3,74,2.3,604,18.9,10
Lamar,32,18,14,56.2,2247.0,70.2,51.5,101.8,822,1853,44.4,450,669,67.3,194,558,34.8,49.6,52.7,36.1,54.9,19.7,25.4,1.02,2288,71.5,46.4,1089,34.0,30.8,360,11.2,61.9,729,22.8,98,3.1,58.3,479,15.0,1.08,11.8,265,8.3,19.7,442,13.8,7.0,125,3.9,695,21.7,11
Lehigh,33,11,22,33.3,2326.0,70.5,49.6,100.2,834,1954,42.7,427,603,70.8,236,681,34.7,48.7,52.0,30.9,51.3,18.3,30.4,1.0,2331,70.6,49.8,1159,35.1,29.5,360,10.9,70.2,799,24.2,110,3.3,57.3,478,14.5,1.06,9.4,219,6.6,19.4,451,13.7,6.1,113,3.4,676,20.5,14
Liberty,31,16,15,51.6,2128.0,68.6,50.9,99.3,766,1806,42.4,367,580,63.3,215,686,31.3,48.4,50.8,32.1,52.1,17.4,30.5,0.99,2114,68.2,49.7,1081,34.9,31.2,367,11.8,68.2,714,23.0,112,3.6,61.2,469,15.1,1.12,10.7,227,7.3,19.6,418,13.5,5.2,86,2.8,610,19.7,8
Lipscomb,30,13,17,43.3,2143.0,71.4,53.1,105.2,836,1791,46.7,347,552,62.9,236,625,37.8,53.3,54.9,30.8,53.2,15.4,31.4,1.05,2255,75.2,47.9,1020,34.0,31.8,336,11.2,64.0,684,22.8,95,3.2,54.1,452,15.1,1.09,9.1,194,6.5,19.4,415,13.8,5.8,103,3.4,584,19.5,13
Long Beach State,33,16,17,48.5,2342.0,71.0,51.6,100.2,858,1939,44.2,434,628,69.1,197,623,31.6,49.3,52.5,32.4,56.3,18.5,25.2,1.0,2347,71.1,51.0,1238,37.5,34.1,404,12.2,67.9,834,25.3,126,3.8,52.0,446,13.5,0.88,8.4,197,6.0,21.7,508,15.4,5.5,105,3.2,624,18.9,12
Long Island,31,17,14,54.8,2157.0,69.6,52.2,103.2,807,1861,43.4,390,586,66.6,221,624,35.4,49.3,52.0,31.5,52.7,17.5,29.8,1.03,2225,71.8,48.4,1152,37.2,32.1,371,12.0,64.7,781,25.2,113,3.6,56.1,453,14.6,1.14,9.6,207,6.7,18.4,396,12.8,7.8,140,4.5,624,20.1,25
Longwood,31,19,12,61.3,2314.0,74.6,53.1,105.3,854,1781,48.0,560,818,68.5,169,461,36.7,52.7,56.2,45.9,56.2,23.0,20.8,1.05,2437,78.6,51.0,1186,38.3,33.9,360,11.6,68.0,826,26.6,103,3.3,49.5,423,13.6,0.84,9.7,224,7.2,21.8,504,16.3,6.9,136,4.4,512,16.5,9
Louisiana,30,17,13,56.7,2009.0,67.0,50.8,100.8,670,1566,42.8,519,739,70.2,166,476,34.9,48.1,52.8,47.2,49.8,25.6,24.6,1.01,2025,67.5,52.0,1042,34.7,35.2,352,11.7,68.9,690,23.0,104,3.5,47.6,319,10.6,0.72,7.1,143,4.8,22.2,445,14.8,3.7,62,2.1,566,18.9,11
Louisiana Tech,35,11,24,31.4,2416.0,69.0,51.2,101.1,900,2062,43.6,407,586,69.5,235,664,35.4,49.3,52.2,28.4,54.5,16.7,28.9,1.01,2442,69.8,48.3,1210,34.6,31.8,398,11.4,64.8,812,23.2,130,3.7,48.6,437,12.5,0.92,9.6,233,6.7,19.6,474,13.5,5.0,101,2.9,664,19.0,19
Louisiana-Monroe,31,19,12,61.3,2107.0,68.0,52.1,105.6,772,1664,46.4,473,676,70.0,207,548,37.8,52.6,56.0,40.6,50.8,21.3,27.9,1.06,2224,71.7,48.5,987,31.8,32.8,326,10.5,64.1,661,21.3,90,2.9,56.9,439,14.2,0.99,10.3,216,7.0,21.0,443,14.3,6.7,108,3.5,644,20.8,24
Louisville,33,13,20,39.4,2265.0,68.6,52.1,101.7,786,1833,42.9,527,751,70.2,205,590,34.7,48.5,52.6,41.0,50.4,22.9,26.7,1.02,2304,69.8,48.5,1156,35.0,36.9,432,13.1,60.2,724,21.9,95,2.9,56.5,444,13.5,0.88,9.6,217,6.6,22.3,505,15.3,3.6,70,2.1,645,19.5,20
Loyola (Chicago),30,16,14,53.3,1931.0,64.4,52.2,104.5,723,1675,43.2,368,522,70.5,203,583,34.8,49.2,52.4,31.2,51.6,18.2,30.2,1.04,2017,67.2,48.2,995,33.2,31.8,330,11.0,64.6,665,22.2,101,3.4,57.0,412,13.7,1.2,10.3,199,6.6,17.7,342,11.4,5.9,94,3.1,559,18.6,2
Loyola (MD),30,17,13,56.7,1996.0,66.5,51.1,99.3,649,1634,39.7,532,748,71.1,153,458,33.4,44.4,49.8,45.8,50.0,26.8,23.1,0.99,1983,66.1,50.4,1052,35.1,35.6,387,12.9,65.3,665,22.2,118,3.9,51.0,331,11.0,0.84,10.7,214,7.1,19.7,394,13.1,7.3,117,3.9,575,19.2,11
Loyola Marymount,34,16,18,47.1,2410.0,70.9,53.2,107.1,878,1995,44.0,595,813,73.2,230,593,38.8,49.8,54.2,40.8,50.2,23.1,26.7,1.07,2581,75.9,50.5,1230,36.2,35.2,431,12.7,65.8,799,23.5,124,3.6,52.5,461,13.6,0.99,8.9,214,6.3,19.3,466,13.7,5.9,117,3.4,671,19.7,17
LSU,31,20,11,64.5,1991.0,64.2,52.5,103.4,722,1675,43.1,411,618,66.5,204,589,34.6,49.2,52.3,36.9,50.3,20.0,29.7,1.03,2059,66.4,49.0,1082,34.9,33.3,359,11.6,64.6,723,23.3,92,3.0,45.2,326,10.5,0.85,10.8,216,7.0,19.3,385,12.4,7.1,123,4.0,534,17.2,11
Maine,30,11,19,36.7,1993.0,66.4,48.0,93.5,665,1680,39.6,338,494,68.4,196,615,31.9,45.4,48.7,29.4,50.3,18.1,31.5,0.94,1864,62.1,49.9,1069,35.6,31.6,348,11.6,68.1,721,24.0,112,3.7,58.3,388,12.9,0.9,10.0,199,6.6,21.6,431,14.4,7.1,114,3.8,560,18.7,19
Manhattan,31,20,11,64.5,2106.0,67.9,50.1,99.0,701,1699,41.3,494,709,69.7,188,563,33.4,46.8,51.2,41.7,49.2,23.7,27.1,0.99,2084,67.2,51.7,1195,38.5,34.2,377,12.2,69.2,818,26.4,102,3.3,54.9,385,12.4,0.85,7.5,159,5.1,21.5,453,14.6,6.6,118,3.8,585,18.9,13
Marist,30,29,1,96.7,1920.0,64.0,54.6,110.2,743,1620,45.9,424,607,69.9,205,579,35.4,52.2,55.4,37.5,50.9,20.0,29.1,1.1,2115,70.5,54.2,1097,36.6,34.6,337,11.2,73.9,760,25.3,80,2.7,52.0,386,12.9,1.08,11.8,226,7.5,18.7,359,12.0,8.0,124,4.1,467,15.6,5
Marquette,34,12,22,35.3,2220.0,65.3,50.9,99.0,828,1841,45.0,369,542,68.1,173,532,32.5,49.7,52.4,29.4,59.6,16.8,23.6,0.99,2198,64.6,50.9,1116,32.8,33.0,358,10.5,68.8,758,22.3,77,2.3,56.4,467,13.7,0.96,8.6,191,5.6,22.0,488,14.4,6.7,126,3.7,584,17.2,7
Marshall,34,10,24,29.4,2426.0,71.4,50.4,96.7,829,2096,39.6,498,711,70.0,191,598,31.9,44.1,48.2,33.9,54.4,21.2,24.4,0.97,2347,69.0,49.4,1238,36.4,33.4,458,13.5,65.4,780,22.9,115,3.4,49.1,407,12.0,0.89,8.8,214,6.3,18.8,457,13.4,4.5,90,2.6,695,20.4,22
Maryland,33,9,24,27.3,2344.0,71.0,50.9,96.2,808,2052,39.4,417,602,69.3,221,651,33.9,44.8,48.2,29.3,52.1,18.5,29.4,0.96,2254,68.3,50.5,1252,37.9,36.6,490,14.8,64.4,762,23.1,137,4.2,47.5,384,11.6,0.77,7.9,185,5.6,21.3,499,15.1,5.7,116,3.5,613,18.6,10
Maryland-Baltimore County,30,26,4,86.7,2010.0,67.0,55.3,110.2,758,1713,44.2,480,683,70.3,219,597,36.7,50.6,54.4,39.9,48.7,21.7,29.7,1.1,2215,73.8,56.9,1205,40.2,37.5,400,13.3,76.2,805,26.8,102,3.4,55.3,419,14.0,1.1,8.2,164,5.5,19.0,381,12.7,8.6,143,4.8,492,16.4,6
Maryland-Eastern Shore,32,21,11,65.6,2117.0,66.2,53.8,104.7,801,1811,44.2,433,663,65.3,181,607,29.8,49.2,52.1,36.6,56.0,19.5,24.5,1.05,2216,69.2,49.6,1147,35.8,33.4,381,11.9,65.8,766,23.9,143,4.5,53.8,431,13.5,1.12,9.6,203,6.3,18.2,386,12.1,5.5,94,2.9,561,17.5,6
Massachusetts,32,20,12,62.5,2267.0,70.8,53.5,105.7,843,1920,43.9,484,724,66.9,226,613,36.9,49.8,52.9,37.7,51.5,20.2,28.3,1.06,2396,74.9,47.9,1196,37.4,32.6,396,12.4,63.1,800,25.0,129,4.0,60.9,513,16.0,1.3,9.6,218,6.8,17.4,395,12.3,7.5,149,4.7,591,18.5,13
McNeese State,30,20,10,66.7,2004.0,66.8,52.3,105.1,676,1543,43.8,561,794,70.7,191,532,35.9,50.0,54.8,51.5,46.1,26.6,27.2,1.05,2106,70.2,48.9,1027,34.2,35.6,354,11.8,62.3,673,22.4,108,3.6,55.5,375,12.5,0.88,11.0,221,7.4,21.3,427,14.2,6.0,104,3.5,489,16.3,2
Memphis,34,10,24,29.4,2280.0,67.1,50.9,97.9,768,1832,41.9,529,755,70.1,168,511,32.9,46.5,51.0,41.2,53.7,23.7,22.6,0.98,2233,65.7,52.1,1182,34.8,36.3,424,12.5,67.9,758,22.3,124,3.6,52.5,403,11.9,0.79,7.5,172,5.1,22.5,512,15.1,6.3,117,3.4,656,19.3,18
Mercer,33,17,16,51.5,2342.0,71.0,53.5,105.8,887,2004,44.3,493,710,69.4,211,642,32.9,49.5,52.9,35.4,54.6,19.9,25.5,1.06,2478,75.1,48.9,1149,34.8,32.9,405,12.3,64.9,744,22.5,107,3.2,49.5,439,13.3,1.07,10.2,238,7.2,17.6,412,12.5,6.2,116,3.5,678,20.5,12
Miami (FL),33,13,20,39.4,2208.0,66.9,49.0,96.7,737,1813,40.7,452,645,70.1,210,635,33.1,46.4,50.4,35.6,49.3,21.2,29.5,0.97,2136,64.7,48.3,1082,32.8,31.7,371,11.2,64.9,711,21.5,140,4.2,56.6,417,12.6,0.93,10.8,239,7.2,20.3,448,13.6,5.8,105,3.2,584,17.7,14
Miami (OH),32,18,14,56.2,1975.0,61.7,52.2,102.5,708,1691,41.9,427,621,68.8,181,531,34.1,47.2,51.0,36.7,52.1,21.1,26.8,1.02,2024,63.2,51.8,1053,32.9,32.1,350,10.9,71.6,703,22.0,90,2.8,54.7,387,12.1,1.15,11.0,218,6.8,17.1,337,10.5,7.0,110,3.4,539,16.8,2
Michigan,32,17,15,53.1,2004.0,62.6,51.2,98.3,752,1698,44.3,289,428,67.5,177,553,32.0,49.5,51.8,25.2,58.4,14.7,27.0,0.98,1970,61.6,52.3,1113,34.8,34.2,349,10.9,70.5,764,23.9,85,2.7,57.2,430,13.4,0.95,8.2,165,5.2,22.6,452,14.1,5.5,97,3.0,513,16.0,6
Michigan State,37,9,28,24.3,2446.0,66.1,48.0,96.5,829,2044,40.6,455,642,70.9,248,756,32.8,46.6,50.3,31.4,49.2,19.3,31.5,0.97,2361,63.8,44.3,1109,30.0,28.4,373,10.1,60.2,736,19.9,147,4.0,55.7,462,12.5,1.01,9.9,243,6.6,18.8,459,12.4,4.5,94,2.5,651,17.6,13
Middle Tennessee State,33,14,19,42.4,2194.0,66.5,47.2,97.3,709,1595,44.5,537,798,67.3,180,536,33.6,50.1,54.1,50.0,49.6,25.2,25.3,0.97,2135,64.7,47.9,1032,31.3,26.5,275,8.3,69.3,757,22.9,95,2.9,50.4,357,10.8,0.73,8.2,179,5.4,22.3,490,14.8,5.6,99,3.0,627,19.0,11
Milwaukee,34,14,20,41.2,2287.0,67.3,49.9,101.2,832,1898,43.8,440,628,70.1,210,641,32.8,49.4,52.7,33.1,53.8,19.0,27.2,1.01,2314,68.1,47.4,1120,32.9,26.6,312,9.2,68.1,808,23.8,96,2.8,49.3,410,12.1,1.04,9.7,222,6.5,17.3,395,11.6,4.5,82,2.4,713,21.0,23
Minnesota,35,14,21,40.0,2327.0,66.5,48.8,96.3,779,1946,40.0,434,638,68.0,250,734,34.1,46.5,49.8,32.8,47.2,19.4,33.5,0.96,2242,64.1,49.6,1177,33.6,32.6,413,11.8,66.6,764,21.8,160,4.6,58.9,459,13.1,0.93,9.9,230,6.6,21.3,496,14.2,4.7,92,2.6,614,17.5,11
Mississippi State,36,12,24,33.3,2466.0,68.5,49.7,94.7,868,2233,38.9,369,554,66.6,231,710,32.5,44.0,46.8,24.8,54.5,15.8,29.7,0.95,2336,64.9,49.9,1335,37.1,30.7,447,12.4,69.2,888,24.7,144,4.0,48.2,418,11.6,1.02,9.7,238,6.6,16.7,411,11.4,5.3,110,3.1,633,17.6,13
Mississippi Valley State,32,23,9,71.9,2253.0,70.4,51.8,102.8,806,1779,45.3,487,736,66.2,216,629,34.3,51.4,54.4,41.4,51.0,21.0,28.0,1.03,2315,72.3,50.9,1178,36.8,33.0,370,11.6,68.9,807,25.2,127,4.0,57.7,465,14.5,0.95,11.0,248,7.8,21.7,490,15.3,6.2,109,3.4,601,18.8,11
Missouri,34,11,23,32.4,2432.0,71.5,48.8,92.6,775,1890,41.0,517,736,70.2,185,584,31.7,45.9,50.3,38.9,52.4,23.0,24.6,0.93,2252,66.2,51.7,1298,38.2,38.1,468,13.8,65.3,830,24.4,108,3.2,49.3,382,11.2,0.58,8.4,204,6.0,27.1,659,19.4,5.0,105,3.1,641,18.9,15
Missouri State,36,12,24,33.3,2346.0,65.2,48.7,100.2,815,1882,43.3,490,692,70.8,227,603,37.6,49.3,53.2,36.8,50.0,20.9,29.0,1.0,2350,65.3,47.3,1124,31.2,27.9,329,9.1,66.6,795,22.1,97,2.7,50.1,408,11.3,0.88,9.1,213,5.9,19.8,465,12.9,6.3,126,3.5,666,18.5,15
Missouri-Kansas City,30,18,12,60.0,2012.0,67.1,50.4,104.7,713,1486,48.0,521,725,71.9,159,436,36.5,53.3,57.5,48.8,52.6,24.7,22.6,1.05,2106,70.2,49.6,984,32.8,28.9,254,8.5,70.4,730,24.3,83,2.8,52.3,373,12.4,0.86,8.7,175,5.8,21.5,432,14.4,8.0,130,4.3,579,19.3,14
Monmouth,31,19,12,61.3,2075.0,66.9,50.2,99.5,721,1628,44.3,431,643,67.0,192,585,32.8,50.2,53.4,39.5,51.2,20.9,27.9,1.0,2065,66.6,50.9,1113,35.9,32.1,329,10.6,69.7,784,25.3,107,3.5,60.5,436,14.1,0.94,11.4,236,7.6,22.3,463,14.9,7.3,123,4.0,544,17.5,9
Montana,32,10,22,31.2,2029.0,63.4,49.0,96.6,690,1654,41.7,399,609,65.5,181,503,36.0,47.2,50.4,36.8,51.9,20.4,27.7,0.97,1960,61.2,49.4,961,30.0,29.4,318,9.9,69.4,643,20.1,68,2.1,46.2,319,10.0,0.79,8.9,180,5.6,19.9,404,12.6,5.0,82,2.6,564,17.6,11
Montana State,29,14,15,48.3,1888.0,65.1,51.8,103.9,672,1564,43.0,430,583,73.8,188,542,34.7,49.0,53.3,37.3,49.3,21.9,28.7,1.04,1962,67.7,53.2,1026,35.4,34.3,337,11.6,72.1,689,23.8,122,4.2,51.0,343,11.8,0.9,8.5,161,5.6,20.3,383,13.2,5.7,89,3.1,524,18.1,15
Morehead State,35,11,24,31.4,2332.0,66.6,45.7,95.0,734,1711,42.9,526,774,68.0,222,615,36.1,49.4,53.3,45.2,46.2,23.7,30.1,0.95,2216,63.3,43.4,1029,29.4,27.2,303,8.7,59.7,726,20.7,99,2.8,59.3,435,12.4,0.78,10.5,244,7.0,24.0,560,16.0,6.2,121,3.5,657,18.8,18
Morgan State,37,10,27,27.0,2624.0,70.9,52.2,99.3,902,2134,42.3,622,920,67.6,180,553,32.5,46.5,50.7,43.1,55.4,23.9,20.7,0.99,2606,70.4,47.5,1351,36.5,34.7,489,13.2,60.3,862,23.3,182,4.9,47.7,430,11.6,0.81,8.3,218,5.9,20.2,529,14.3,6.9,154,4.2,757,20.5,20
Mount St. Mary's,31,15,16,48.4,2096.0,67.6,49.4,93.5,715,1749,40.9,380,554,68.6,149,487,30.6,45.1,48.7,31.7,57.8,19.4,22.8,0.93,1959,63.2,51.7,1151,37.1,34.3,386,12.5,69.2,765,24.7,127,4.1,50.6,362,11.7,0.76,8.8,184,5.9,22.8,478,15.4,5.2,88,2.8,623,20.1,15
Murray State,36,5,31,13.9,2449.0,68.0,46.1,88.8,761,1967,38.7,458,660,69.4,195,586,33.3,43.6,47.7,33.6,52.0,21.1,26.9,0.89,2175,60.4,46.4,1091,30.3,32.5,424,11.8,60.3,667,18.5,143,4.0,52.6,400,11.1,0.66,9.6,234,6.5,24.6,603,16.8,5.0,98,2.7,670,18.6,10
Navy,30,17,13,56.7,2188.0,72.9,51.7,103.3,764,1694,45.1,545,774,70.4,188,539,34.9,50.6,54.8,45.7,51.0,24.1,24.9,1.03,2261,75.4,53.8,1188,39.6,35.1,369,12.3,72.5,819,27.3,128,4.3,59.4,454,15.1,0.92,8.5,185,6.2,22.7,496,16.5,6.0,105,3.5,631,21.0,16
NC State,36,16,20,44.4,2372.0,65.9,52.2,97.9,841,1990,42.3,478,728,65.7,162,524,30.9,46.3,49.7,36.6,58.5,20.6,20.9,0.98,2322,64.5,50.7,1278,35.5,34.4,444,12.3,67.0,834,23.2,109,3.0,48.8,410,11.4,0.86,11.0,260,7.2,20.0,474,13.2,6.8,134,3.7,654,18.2,13
Nebraska,33,18,15,54.5,2157.0,65.4,48.4,100.6,724,1681,43.1,486,700,69.4,233,625,37.3,50.0,53.9,41.6,45.3,22.4,32.2,1.01,2169,65.7,50.0,1080,32.7,29.5,314,9.5,70.5,766,23.2,95,2.9,54.4,394,11.9,0.85,8.7,187,5.7,21.5,463,14.0,7.0,122,3.7,600,18.2,9
Nevada,34,13,21,38.2,2409.0,70.9,53.8,105.9,935,2133,43.8,479,672,71.3,202,586,34.5,48.6,52.0,31.5,57.5,18.8,23.8,1.06,2551,75.0,49.8,1201,35.3,31.8,415,12.2,67.7,786,23.1,119,3.5,54.7,511,15.0,1.35,8.3,201,5.9,15.7,378,11.1,4.3,88,2.6,605,17.8,12
New Hampshire,30,17,13,56.7,1957.0,65.2,47.9,95.7,639,1538,41.5,462,659,70.1,133,430,30.9,45.9,50.6,42.8,54.0,24.7,21.3,0.96,1873,62.4,48.1,1056,35.2,29.5,293,9.8,66.6,763,25.4,113,3.8,46.0,294,9.8,0.72,8.6,169,5.6,20.8,407,13.6,6.2,101,3.4,620,20.7,18
New Jersey Tech,31,21,10,67.7,2142.0,69.1,48.0,96.6,691,1645,42.0,505,697,72.5,183,544,33.6,47.6,52.4,42.4,49.1,24.4,26.5,0.97,2070,66.8,51.3,1172,37.8,31.8,335,10.8,70.9,837,27.0,90,2.9,55.0,380,12.3,0.77,10.9,234,7.5,23.0,493,15.9,8.0,141,4.5,539,17.4,5
New Mexico,35,5,30,14.3,2383.0,68.1,48.1,98.7,823,1922,42.8,451,673,67.0,255,765,33.3,49.5,52.5,35.0,48.3,19.2,32.5,0.99,2352,67.2,45.9,1165,33.3,27.2,331,9.5,64.5,834,23.8,117,3.3,56.7,467,13.3,0.98,8.2,196,5.6,19.9,475,13.6,4.8,97,2.8,788,22.5,21
New Mexico State,34,12,22,35.3,2450.0,72.1,54.1,107.7,954,2127,44.9,469,680,69.0,262,735,35.6,51.0,53.9,32.0,52.4,17.8,29.8,1.08,2639,77.6,52.1,1282,37.7,34.1,441,13.0,70.1,841,24.7,81,2.4,57.8,551,16.2,1.22,7.8,192,5.6,18.4,452,13.3,4.4,87,2.6,640,18.8,16
New Orleans,30,22,8,73.3,1969.0,65.6,49.5,100.9,683,1526,44.8,448,654,68.5,172,482,35.7,50.4,54.1,42.9,51.5,22.6,26.0,1.01,1986,66.2,50.4,983,32.8,29.3,279,9.3,71.6,704,23.5,120,4.0,57.2,391,13.0,0.94,10.5,207,6.9,21.2,417,13.9,6.5,96,3.2,564,18.8,13
Niagara,33,15,18,45.5,2319.0,70.3,52.5,98.7,832,1983,42.0,448,660,67.9,177,590,30.0,46.4,49.8,33.3,57.2,19.6,23.2,0.99,2289,69.4,51.8,1330,40.3,36.8,465,14.1,66.8,865,26.2,140,4.2,49.4,411,12.5,0.84,8.6,200,6.1,21.0,488,14.8,5.8,115,3.5,639,19.4,21
Nicholls State,30,19,11,63.3,1966.0,65.5,51.5,107.5,709,1378,51.5,512,752,68.1,184,436,42.2,58.1,60.9,54.6,49.7,24.2,26.1,1.08,2114,70.5,52.0,949,31.6,31.9,257,8.6,72.2,692,23.1,74,2.5,52.0,369,12.3,0.74,9.3,183,6.1,25.2,496,16.5,4.8,74,2.5,562,18.7,18
Norfolk State,30,19,11,63.3,2214.0,73.8,53.0,102.1,766,1788,42.8,547,844,64.8,181,588,30.8,47.9,51.6,47.2,51.8,24.2,24.0,1.02,2260,75.3,50.8,1113,37.1,35.2,419,14.0,66.5,694,23.1,109,3.6,52.9,405,13.5,0.9,10.1,223,7.4,20.3,449,15.0,6.7,113,3.8,570,19.0,14
North Carolina,37,17,20,45.9,2697.0,72.9,50.7,98.7,984,2389,41.2,409,585,69.9,284,829,34.3,47.1,49.9,24.5,52.6,15.4,32.0,0.99,2661,71.9,46.8,1354,36.6,32.7,484,13.1,60.9,870,23.5,147,4.0,54.5,536,14.5,1.06,11.8,318,8.6,18.8,508,13.7,7.3,168,4.5,713,19.3,21
North Carolina A&T,32,22,10,68.8,2286.0,71.4,51.4,101.5,807,1931,41.8,463,650,71.2,244,716,34.1,48.1,51.8,33.7,48.5,19.9,31.5,1.02,2321,72.5,52.1,1305,40.8,35.3,433,13.5,69.0,872,27.2,134,4.2,54.2,437,13.7,0.91,10.7,245,7.7,21.1,482,15.1,5.8,109,3.4,581,18.2,8
North Carolina Central,29,22,7,75.9,1994.0,68.8,52.7,102.5,741,1550,47.8,409,603,67.8,152,473,32.1,52.7,55.6,38.9,57.7,20.0,22.3,1.02,2043,70.4,52.6,1063,36.7,37.8,343,11.8,67.4,720,24.8,85,2.9,64.2,476,16.4,0.94,11.4,228,7.9,25.5,508,17.5,6.7,109,3.8,460,15.9,4
North Carolina-Asheville,31,16,15,51.6,2318.0,74.8,53.1,103.6,861,1992,43.2,461,683,67.5,218,641,34.0,48.7,51.8,34.3,53.6,19.2,27.2,1.04,2401,77.5,49.7,1189,38.4,34.4,433,14.0,65.1,756,24.4,91,2.9,58.9,507,16.4,1.14,11.5,266,8.6,19.2,445,14.4,7.3,135,4.4,642,20.7,21
North Carolina-Greensboro,31,23,8,74.2,2098.0,67.7,52.8,106.1,791,1707,46.3,424,632,67.1,220,622,35.4,52.8,55.5,37.0,51.3,19.0,29.6,1.06,2226,71.8,48.2,1090,35.2,33.3,339,10.9,63.1,751,24.2,91,2.9,53.5,423,13.6,0.98,11.5,242,7.8,20.6,433,14.0,8.3,150,4.8,537,17.3,7
North Carolina-Wilmington,31,22,9,71.0,2135.0,71.2,55.0,103.7,788,1809,43.6,502,754,66.6,137,452,30.3,47.3,51.1,41.7,58.8,22.7,18.6,1.04,2215,71.5,51.0,1176,37.9,36.1,421,13.6,65.9,755,24.4,110,3.5,45.4,358,11.5,0.92,12.2,261,8.4,18.2,388,12.5,7.6,133,4.3,578,18.6,8
North Dakota,31,23,8,74.2,2062.0,66.5,50.1,107.9,700,1609,43.5,558,772,72.3,267,721,37.0,51.8,56.3,48.0,38.9,25.1,36.0,1.08,2225,71.8,51.6,1025,33.1,30.1,306,9.9,73.1,719,23.2,107,3.5,64.6,452,14.6,1.13,12.4,256,8.3,19.4,400,12.9,5.6,84,2.7,627,20.2,13
North Dakota State,29,18,11,62.1,2049.0,70.7,50.7,101.9,733,1697,43.2,455,636,71.5,166,479,34.7,48.1,52.2,37.5,54.3,21.8,23.9,1.02,2087,72.0,49.1,1031,35.6,29.0,307,10.6,69.3,724,25.0,70,2.4,48.4,355,12.2,1.0,9.2,189,6.5,17.3,355,12.2,8.8,150,5.2,540,18.6,11
North Florida,31,18,13,58.1,2002.0,64.6,52.2,100.8,690,1633,42.3,474,700,67.7,165,470,35.1,47.3,51.4,42.9,52.0,23.5,24.5,1.01,2019,65.1,53.5,1114,35.9,36.3,386,12.5,70.8,728,23.5,106,3.4,52.5,362,11.7,0.84,11.8,236,7.6,21.4,429,13.8,6.9,106,3.4,570,18.4,8
North Texas,33,9,24,27.3,2305.0,69.8,51.1,99.9,846,1953,43.3,442,627,70.5,169,522,32.4,47.6,51.2,32.1,58.8,19.2,22.0,1.0,2303,69.8,48.4,1094,33.2,30.0,366,11.1,66.7,728,22.1,134,4.1,44.1,373,11.3,0.89,10.3,238,7.2,18.2,420,12.7,7.6,133,4.0,744,22.5,21
Northeastern,33,13,20,39.4,2050.0,62.1,50.9,96.7,721,1749,41.2,367,506,72.5,174,506,34.4,46.2,49.8,28.9,55.2,18.5,26.3,0.97,1983,60.1,53.0,1107,33.5,36.7,403,12.2,69.3,704,21.3,101,3.1,50.2,362,11.0,0.79,9.5,195,5.9,22.5,461,14.0,6.0,102,3.1,609,18.5,9
Northern Arizona,28,14,14,50.0,1935.0,69.1,51.5,103.5,712,1564,45.5,404,601,67.2,175,504,34.7,51.1,54.2,38.4,53.6,20.2,26.2,1.04,2003,71.5,50.0,917,32.8,29.1,282,10.1,71.0,635,22.7,88,3.1,53.7,382,13.6,1.04,10.9,211,7.5,19.0,367,13.1,5.6,83,3.0,487,17.4,6
Northern Colorado,33,8,25,24.2,2236.0,67.8,47.7,98.5,744,1716,43.4,496,700,70.9,218,609,35.8,49.7,53.7,40.8,47.8,22.5,29.7,0.98,2202,66.7,49.5,1070,32.4,29.6,321,9.7,69.4,749,22.7,90,2.7,49.7,370,11.2,0.71,8.5,191,5.8,23.2,518,15.7,5.9,104,3.2,691,20.9,14
Northern Illinois,30,20,10,66.7,2096.0,69.9,51.0,103.0,723,1642,44.0,525,770,68.2,187,524,35.7,49.7,53.7,46.9,49.7,24.3,26.0,1.03,2158,71.9,47.5,1081,36.0,30.8,322,10.7,64.1,759,25.3,111,3.7,51.3,371,12.4,0.91,10.3,216,7.2,19.4,406,13.5,5.8,101,3.4,611,20.4,16
Northern Iowa,35,5,30,14.3,2079.0,59.4,46.2,92.8,693,1706,40.6,339,491,69.0,204,613,33.3,46.6,49.7,28.8,50.7,17.6,31.7,0.93,1929,55.1,48.0,1042,29.8,26.8,292,8.3,69.3,750,21.4,97,2.8,45.2,313,8.9,0.74,7.8,163,4.7,20.4,425,12.1,4.0,69,2.0,646,18.5,14
Northwestern,34,14,20,41.2,2160.0,63.5,51.2,103.6,746,1767,42.2,531,736,72.1,215,678,31.7,48.3,52.9,41.7,47.5,23.7,28.8,1.04,2238,65.8,51.6,1170,34.4,34.1,383,11.3,69.2,787,23.1,143,4.2,66.5,496,14.6,1.13,8.9,192,5.6,20.3,439,12.9,6.3,114,3.4,643,18.9,17
Northwestern State,29,19,10,65.5,2214.0,76.3,54.1,105.4,780,1749,44.6,586,854,68.6,187,538,34.8,49.9,54.1,48.8,50.8,25.1,24.0,1.05,2333,80.4,52.2,1204,41.5,37.5,425,14.7,66.9,779,26.9,93,3.2,54.5,425,14.7,0.89,11.5,254,8.8,21.6,479,16.5,5.2,89,3.1,670,23.1,28
Notre Dame,35,12,23,34.3,2264.0,64.7,52.6,105.7,873,2008,43.5,414,558,74.2,233,668,34.9,49.3,52.6,27.8,53.5,17.3,29.2,1.06,2393,68.4,47.9,1128,32.2,30.5,372,10.6,65.3,756,21.6,92,2.6,55.8,487,13.9,1.35,9.2,209,6.0,15.9,361,10.3,6.0,117,3.3,633,18.1,17
Oakland,35,9,26,25.7,2468.0,70.5,52.1,101.5,935,2065,45.3,444,661,67.2,190,556,34.2,49.9,52.6,32.0,59.5,17.7,22.8,1.01,2504,71.5,46.5,1174,33.5,30.5,381,10.9,62.4,793,22.7,136,3.9,48.2,451,12.9,0.98,9.8,241,6.9,18.7,461,13.2,5.7,117,3.3,718,20.5,16
Ohio,37,15,22,40.5,2610.0,70.5,50.4,98.4,902,2162,41.7,536,765,70.1,222,711,31.2,46.9,50.9,35.4,52.9,20.9,25.9,0.98,2569,69.4,50.7,1397,37.8,33.7,472,12.8,67.6,925,25.0,110,3.0,57.1,515,13.9,0.91,8.2,214,5.8,21.7,566,15.3,6.0,129,3.5,746,20.2,22
Ohio State,37,8,29,21.6,2424.0,65.5,47.1,93.8,826,2015,41.0,377,531,71.0,245,727,33.7,47.1,50.1,26.4,51.1,16.6,32.3,0.94,2274,61.5,49.9,1174,31.7,29.4,373,10.1,70.4,801,21.6,100,2.7,55.8,461,12.5,0.87,8.2,199,5.4,21.8,529,14.3,3.8,75,2.0,674,18.2,14
Oklahoma,31,18,13,58.1,2123.0,68.5,52.8,107.5,829,1815,45.7,390,541,72.1,235,604,38.9,52.1,55.1,29.8,52.0,17.1,30.9,1.08,2283,73.6,50.5,1101,35.5,30.5,325,10.5,70.5,776,25.0,86,2.8,52.2,433,14.0,1.16,9.6,204,6.6,17.5,372,12.0,6.5,115,3.7,560,18.1,12
Oklahoma State,33,11,22,33.3,2273.0,68.9,48.2,98.7,770,1835,42.0,476,682,69.8,227,628,36.1,48.1,51.9,37.2,48.4,21.2,30.4,0.99,2243,68.0,49.4,1121,34.0,27.9,326,9.9,70.9,795,24.1,72,2.2,49.4,380,11.5,0.86,8.3,189,5.7,19.4,440,13.3,5.2,97,2.9,617,18.7,13
Old Dominion,36,9,27,25.0,2272.0,63.1,47.2,91.1,752,1867,40.3,369,555,66.5,196,653,30.0,45.5,48.6,29.7,53.7,17.8,28.4,0.91,2069,57.5,43.9,1102,30.6,30.2,369,10.2,57.6,733,20.4,103,2.9,53.5,402,11.2,0.79,10.2,231,6.4,22.4,509,14.1,6.3,129,3.6,615,17.1,13
Ole Miss,35,11,24,31.4,2497.0,71.3,50.7,99.1,852,2081,40.9,543,794,68.4,227,680,33.4,46.4,50.3,38.2,50.5,21.9,27.5,0.99,2474,70.7,49.2,1317,37.6,33.1,453,12.9,65.3,864,24.7,148,4.2,56.5,481,13.7,0.97,8.2,206,5.9,19.8,494,14.1,6.1,133,3.8,633,18.1,16
Oral Roberts,33,13,20,39.4,2257.0,68.4,49.5,96.7,801,1901,42.1,386,587,65.8,194,538,36.1,47.2,50.0,30.9,55.6,17.7,26.7,0.97,2182,66.1,46.8,1103,33.4,28.5,346,10.5,65.1,757,22.9,119,3.6,50.9,408,12.4,0.98,9.3,209,6.3,18.5,418,12.7,6.0,112,3.4,644,19.5,18
Oregon,32,16,16,50.0,2179.0,68.1,50.4,103.1,771,1720,44.8,476,684,69.6,229,644,35.6,51.5,54.9,39.8,48.2,21.2,30.6,1.03,2247,70.2,48.3,1051,32.8,32.0,329,10.3,64.6,722,22.6,101,3.2,55.0,424,13.2,0.91,8.6,187,5.8,21.3,464,14.5,4.5,84,2.6,548,17.1,10
Oregon State,32,18,14,56.2,2033.0,63.5,49.1,97.8,707,1638,43.2,388,556,69.8,187,601,31.1,48.9,52.3,33.9,52.3,19.5,28.2,0.98,1989,62.2,49.8,1004,31.4,31.5,321,10.0,68.0,683,21.3,95,3.0,53.7,380,11.9,0.83,10.8,220,6.9,22.5,457,14.3,5.5,86,2.7,577,18.0,9
Pacific,35,12,23,34.3,2185.0,62.4,48.8,97.6,733,1797,40.8,458,681,67.3,209,599,34.9,46.6,50.3,37.9,49.1,21.5,29.4,0.98,2133,60.9,48.2,1128,32.2,29.0,341,9.7,67.4,787,22.5,86,2.5,49.9,366,10.5,0.91,9.3,203,5.8,18.4,403,11.5,5.3,99,2.8,613,17.5,14
Penn State,31,20,11,64.5,1944.0,62.7,49.7,103.1,721,1655,43.6,333,482,69.1,230,634,36.3,50.5,53.2,29.1,49.0,16.6,34.4,1.03,2005,64.7,47.7,957,30.9,25.5,258,8.3,70.0,699,22.5,94,3.0,57.6,415,13.4,1.32,9.3,180,5.8,16.2,314,10.1,6.4,105,3.4,527,17.0,12
Pennsylvania,28,22,6,78.6,1832.0,65.4,53.6,110.9,705,1481,47.6,421,580,72.6,200,519,38.5,54.4,57.8,39.2,49.7,20.7,29.5,1.11,2031,72.5,51.4,917,32.8,31.9,276,9.9,70.9,641,22.9,65,2.3,56.7,400,14.3,1.15,10.9,199,7.1,19.1,349,12.5,6.4,92,3.3,481,17.2,13
Pepperdine,31,24,7,77.4,2094.0,67.5,54.1,110.6,790,1723,45.9,498,726,68.6,238,675,35.3,52.8,56.0,42.1,47.7,21.5,30.8,1.11,2316,74.7,48.9,1109,35.8,31.3,331,10.7,66.4,778,25.1,102,3.3,56.3,445,14.4,1.27,9.5,198,6.4,16.8,351,11.3,6.9,121,3.9,578,18.6,12
Pittsburgh,34,9,25,26.5,2174.0,63.9,50.6,96.6,754,1883,40.0,421,637,66.1,172,548,31.4,44.6,48.1,33.8,55.4,20.0,24.6,0.97,2101,61.8,47.1,1099,32.3,31.1,385,11.3,63.0,714,21.0,94,2.8,50.3,379,11.1,1.03,8.6,186,5.5,16.9,367,10.8,7.3,132,3.9,663,19.5,16
Portland,32,11,21,34.4,2103.0,65.7,49.8,100.7,746,1702,43.8,400,607,65.9,225,639,35.2,50.4,53.2,35.7,49.2,18.9,31.9,1.01,2117,66.2,48.4,983,30.7,30.7,322,10.1,66.0,661,20.7,83,2.6,52.1,389,12.2,0.88,10.6,223,7.0,21.1,444,13.9,5.2,90,2.8,603,18.8,15
Portland State,32,19,13,59.4,2236.0,69.9,56.5,113.4,908,1874,48.5,493,677,72.8,227,574,39.5,54.5,57.8,36.1,53.7,19.4,26.9,1.13,2536,79.2,52.0,1110,34.7,37.1,391,12.2,66.9,719,22.5,138,4.3,56.5,513,16.0,1.2,9.5,213,6.7,19.1,426,13.3,4.1,77,2.4,578,18.1,16
Prairie View A&M,30,14,16,46.7,2073.0,69.1,47.0,90.0,649,1656,39.2,369,577,64.0,198,669,29.6,45.2,48.3,34.8,48.4,19.8,31.8,0.9,1865,62.2,50.3,1156,38.5,31.9,359,12.0,68.7,797,26.6,123,4.1,56.1,364,12.1,0.74,9.3,193,6.4,23.6,490,16.3,6.1,105,3.5,544,18.1,14
Presbyterian,31,26,5,83.9,2088.0,67.4,54.8,108.6,828,1825,45.4,388,547,70.9,223,605,36.9,51.5,54.4,30.0,53.4,17.1,29.5,1.09,2267,73.1,56.4,1169,37.7,36.2,390,12.6,76.5,779,25.1,72,2.3,53.1,440,14.2,1.11,11.6,243,7.8,19.0,397,12.8,7.7,126,4.1,498,16.1,6
Princeton,31,9,22,29.0,1863.0,60.1,44.6,88.7,573,1439,39.8,381,530,71.9,125,380,32.9,44.2,48.9,36.8,54.2,23.1,22.7,0.89,1652,53.3,49.2,913,29.5,28.4,268,8.6,70.0,645,20.8,108,3.5,47.3,271,8.7,0.61,9.8,183,5.9,23.9,446,14.4,6.1,92,3.0,490,15.8,13
Providence,31,19,12,61.3,2301.0,74.2,56.8,110.7,920,1954,47.1,516,746,69.2,191,557,34.3,52.0,55.2,38.2,57.2,20.3,22.5,1.11,2547,82.2,47.9,1180,38.1,37.3,427,13.8,58.5,753,24.3,103,3.3,55.2,508,16.4,1.21,8.0,185,6.0,18.2,419,13.5,5.9,124,4.0,574,18.5,9
Purdue,35,6,29,17.1,2342.0,66.9,46.6,91.5,737,1849,39.9,486,680,71.5,184,520,35.4,44.8,49.4,36.8,51.6,22.7,25.7,0.92,2144,61.3,51.2,1225,35.0,31.8,381,10.9,70.6,844,24.1,154,4.4,51.3,378,10.8,0.69,7.8,182,5.2,23.4,549,15.7,4.6,91,2.6,661,18.9,15
Quinnipiac,33,10,23,30.3,2272.0,68.8,48.4,96.6,760,1831,41.5,469,709,66.1,205,582,35.2,47.1,50.6,38.7,50.6,21.4,28.0,0.97,2194,66.5,44.3,1052,31.9,29.3,352,10.7,59.2,700,21.2,122,3.7,50.9,387,11.7,0.83,9.1,206,6.2,20.5,466,14.1,5.3,103,3.1,666,20.2,20
Radford,31,12,19,38.7,2226.0,71.8,48.4,95.6,766,1928,39.7,375,562,66.7,220,672,32.7,45.4,48.5,29.1,51.3,17.6,31.0,0.96,2127,68.6,45.8,1112,35.9,28.4,357,11.5,63.1,755,24.4,120,3.9,55.6,426,13.7,1.09,12.2,272,8.8,17.5,390,12.6,6.2,114,3.7,650,21.0,17
Rhode Island,36,10,26,27.8,2494.0,69.3,53.2,101.4,963,2076,46.4,416,623,66.8,186,544,34.2,50.9,53.3,30.0,61.5,16.5,22.1,1.01,2528,70.2,50.4,1313,36.5,36.0,439,12.2,64.7,874,24.3,140,3.9,49.1,473,13.1,0.85,7.2,179,5.0,22.4,559,15.5,4.2,94,2.6,673,18.7,15
Rice,31,23,8,74.2,2097.0,67.6,49.9,103.1,726,1640,44.3,488,690,70.7,221,633,34.9,51.0,54.9,42.1,46.7,22.6,30.7,1.03,2161,69.7,48.9,1096,35.4,30.7,317,10.2,67.1,779,25.1,110,3.5,59.4,431,13.9,0.96,11.3,236,7.6,21.4,449,14.5,7.5,130,4.2,569,18.4,13
Richmond,35,9,26,25.7,2324.0,66.4,49.8,94.5,761,1927,39.5,493,698,70.6,181,602,30.1,44.2,48.6,36.2,52.8,22.4,24.7,0.94,2196,62.7,54.7,1327,37.9,35.8,462,13.2,73.6,865,24.7,117,3.3,45.6,347,9.9,0.66,8.2,190,5.4,22.7,528,15.1,6.0,117,3.3,625,17.9,12
Rider,33,16,17,48.5,2305.0,69.8,51.1,102.5,835,1900,43.9,462,659,70.1,230,650,35.4,50.0,53.4,34.7,51.2,19.6,29.2,1.02,2362,71.6,51.7,1252,37.9,31.7,373,11.3,71.8,879,26.6,97,2.9,56.9,475,14.4,1.03,8.8,203,6.2,20.1,463,14.0,6.0,115,3.5,599,18.2,19
Robert Morris,35,12,23,34.3,2373.0,67.8,48.0,97.2,733,1800,40.7,619,861,71.9,221,688,32.1,46.9,52.2,47.8,44.4,26.8,28.8,0.97,2306,65.9,49.1,1177,33.6,32.6,395,11.3,65.5,782,22.3,147,4.2,57.0,418,11.9,0.76,10.4,246,7.0,23.1,549,15.7,6.3,118,3.4,701,20.0,16
Rutgers,32,17,15,53.1,2188.0,68.4,55.7,104.9,853,1990,42.9,396,588,67.3,193,574,33.6,47.7,50.6,29.5,57.5,17.3,25.2,1.05,2295,71.7,52.5,1241,38.8,38.2,473,14.8,66.8,768,24.0,111,3.5,50.9,434,13.6,1.11,11.8,259,8.1,17.8,390,12.2,5.6,102,3.2,556,17.4,11
Sacramento State,30,21,9,70.0,2057.0,68.6,50.8,104.0,732,1645,44.5,479,647,74.0,197,563,35.0,50.5,54.8,39.3,50.0,22.4,27.6,1.04,2140,71.3,52.7,1099,36.6,31.6,320,10.7,73.8,779,26.0,101,3.4,56.6,414,13.8,0.97,10.0,206,6.9,20.8,427,14.2,6.1,100,3.3,529,17.6,9
Sacred Heart,29,15,14,51.7,2046.0,70.6,51.1,103.8,747,1639,45.6,468,641,73.0,161,442,36.4,50.5,54.6,39.1,55.2,22.0,22.8,1.04,2123,73.2,47.1,984,33.9,30.3,299,10.3,63.8,685,23.6,97,3.3,49.8,372,12.8,0.92,11.2,229,7.9,19.8,406,14.0,4.5,78,2.7,483,16.7,4
Saint Louis,36,13,23,36.1,2345.0,63.4,49.5,92.5,792,1962,40.4,446,659,67.7,138,480,28.7,43.9,47.6,33.6,60.3,20.6,19.1,0.92,2168,60.2,52.3,1281,35.6,32.7,425,11.8,72.0,856,23.8,137,3.8,44.9,356,9.9,0.72,9.7,227,6.3,21.1,495,13.8,5.7,107,3.0,656,18.2,21
Saint Mary's,34,6,28,17.6,2286.0,67.2,52.1,98.8,856,2023,42.3,402,606,66.3,144,478,30.1,45.9,48.9,30.0,63.1,17.8,19.1,0.99,2258,66.4,48.3,1096,32.2,30.9,390,11.5,65.6,706,20.8,115,3.4,38.8,332,9.8,0.9,8.4,192,5.6,16.1,369,10.9,4.1,79,2.3,599,17.6,11
Sam Houston State,33,8,25,24.2,2346.0,71.1,48.3,97.5,790,1835,43.1,502,737,68.1,205,621,33.0,48.6,52.3,40.2,51.2,22.0,26.9,0.97,2287,69.3,47.1,1107,33.5,29.0,342,10.4,65.1,765,23.2,82,2.5,68.9,544,16.5,1.07,9.0,210,6.4,21.7,510,15.5,4.8,94,2.8,676,20.5,24
Samford,31,20,11,64.5,1790.0,57.7,52.4,105.1,670,1601,41.8,280,427,65.6,261,723,36.1,50.0,52.1,26.7,43.5,14.9,41.6,1.05,1881,60.7,55.3,982,31.7,33.8,345,11.1,76.8,637,20.5,73,2.4,54.5,365,11.8,1.09,12.1,216,7.0,18.7,335,10.8,5.4,74,2.4,490,15.8,7
San Diego,32,21,11,65.6,2057.0,64.3,50.8,103.0,724,1593,45.4,481,702,68.5,190,507,37.5,51.4,55.0,44.1,50.4,22.7,26.9,1.03,2119,66.2,51.4,1060,33.1,31.1,304,9.5,71.7,756,23.6,89,2.8,52.2,378,11.8,0.88,10.8,222,6.9,21.0,432,13.5,6.9,114,3.6,560,17.5,6
San Diego State,34,9,25,26.5,2196.0,64.6,48.8,95.7,745,1843,40.4,386,557,69.3,225,642,35.0,46.5,49.8,30.2,49.5,18.4,32.1,0.96,2101,61.8,45.7,1035,30.4,31.6,375,11.0,59.8,660,19.4,120,3.5,56.4,420,12.4,0.93,9.2,202,5.9,20.6,453,13.3,5.7,106,3.1,618,18.2,19
San Francisco,30,18,12,60.0,2079.0,69.3,50.4,105.1,773,1715,45.1,431,579,74.4,209,579,36.1,51.2,54.9,33.8,51.6,19.7,28.7,1.05,2186,72.9,47.4,967,32.2,27.1,278,9.3,67.7,689,23.0,80,2.7,55.4,428,14.3,1.15,10.0,208,6.9,17.9,372,12.4,5.9,95,3.2,582,19.4,13
San Jose State,31,17,14,54.8,2108.0,68.0,57.0,111.1,862,1901,45.3,395,625,63.2,223,606,36.8,51.2,53.3,32.9,54.6,16.9,28.6,1.11,2342,75.5,50.4,1077,34.7,35.3,399,12.9,65.4,678,21.9,94,3.0,58.6,505,16.3,1.61,9.4,198,6.4,14.8,313,10.1,4.1,72,2.3,560,18.1,8
Santa Clara,32,21,11,65.6,2160.0,67.5,51.4,103.0,756,1699,44.5,496,739,67.1,217,544,39.9,50.9,54.3,43.5,48.4,22.3,29.3,1.03,2225,69.5,49.7,1090,34.1,33.3,357,11.2,66.1,733,22.9,61,1.9,57.9,438,13.7,0.94,10.8,234,7.3,21.6,466,14.6,7.7,130,4.1,611,19.1,13
Savannah State,26,15,11,57.7,1677.0,64.5,48.5,95.6,572,1301,44.0,338,514,65.8,122,364,33.5,48.7,51.9,39.5,56.1,21.1,22.8,0.96,1604,61.7,48.3,807,31.0,30.9,251,9.7,65.6,556,21.4,74,2.8,54.9,314,12.1,0.79,11.3,189,7.3,23.6,395,15.2,8.4,112,4.3,432,16.6,10
Seattle,31,14,17,45.2,2487.0,80.2,48.2,100.0,829,1777,46.7,663,917,72.3,167,507,32.9,51.4,56.2,51.6,53.2,26.6,20.1,1.0,2488,80.3,45.9,1115,36.0,28.4,309,10.0,63.4,806,26.0,125,4.0,53.8,446,14.4,0.76,10.6,264,8.5,23.6,586,18.9,6.0,119,3.8,717,23.1,30
Seton Hall,32,13,19,40.6,2326.0,72.7,53.9,103.8,855,2011,42.5,509,716,71.1,195,603,32.3,47.4,51.3,35.6,54.7,21.1,24.2,1.04,2414,75.4,50.7,1277,39.9,37.4,468,14.6,64.0,809,25.3,122,3.8,47.1,403,12.6,0.91,7.2,167,5.2,19.1,444,13.9,7.0,147,4.6,584,18.2,17
Siena,34,7,27,20.6,2395.0,70.4,48.4,92.9,870,2032,42.8,277,434,63.8,209,637,32.8,48.0,49.7,21.4,59.4,12.4,28.2,0.93,2226,65.5,47.0,1181,34.7,29.5,364,10.7,64.5,804,23.6,98,2.9,53.9,469,13.8,0.91,8.7,208,6.1,21.6,517,15.2,5.5,113,3.3,630,18.5,10
SIU Edwardsville,28,23,5,82.1,1955.0,69.8,54.9,108.5,757,1615,46.9,434,642,67.6,174,471,36.9,52.3,55.3,39.8,54.9,20.5,24.6,1.09,2122,75.8,54.3,1108,39.6,33.8,335,12.0,74.9,773,27.6,84,3.0,58.7,444,15.9,1.19,8.5,166,5.9,19.1,374,13.4,6.4,100,3.6,497,17.8,10
South Alabama,32,15,17,46.9,2168.0,67.8,50.6,100.4,740,1812,40.8,480,658,72.9,217,642,33.8,46.8,51.2,36.3,48.0,22.0,29.9,1.0,2177,68.0,50.0,1153,36.0,34.7,408,12.8,65.4,745,23.3,111,3.5,50.8,376,11.8,0.82,10.1,219,6.8,21.1,458,14.3,6.8,121,3.8,638,19.9,16
South Carolina,31,16,15,51.6,2192.0,70.7,52.7,100.2,785,1755,44.7,468,687,68.1,159,460,34.6,49.3,52.8,39.1,57.0,21.3,21.7,1.0,2197,70.9,52.4,1236,39.9,37.9,407,13.1,66.9,829,26.7,118,3.8,50.2,394,12.7,0.78,9.1,200,6.5,23.2,508,16.4,5.8,114,3.7,506,16.3,10
South Carolina State,32,14,18,43.8,2218.0,69.3,51.6,100.3,790,1812,43.6,446,676,66.0,199,615,32.4,49.1,52.2,37.3,53.1,20.0,26.8,1.0,2225,69.5,50.1,1093,34.2,34.6,393,12.3,65.6,700,21.9,117,3.7,51.5,407,12.7,0.85,10.1,223,7.0,21.7,481,15.0,5.8,102,3.2,625,19.5,19
South Dakota,32,10,22,31.2,2413.0,75.4,50.0,97.2,892,2158,41.3,341,486,70.2,221,621,35.6,46.5,49.1,22.5,57.2,14.5,28.3,0.97,2346,73.3,52.3,1242,38.8,30.8,407,12.7,73.8,835,26.1,106,3.3,51.2,457,14.3,1.04,9.9,238,7.4,18.2,438,13.7,4.8,90,2.8,642,20.1,15
South Dakota State,30,16,14,53.3,2081.0,69.4,52.9,105.6,795,1716,46.3,430,613,70.1,177,480,36.9,51.5,54.7,35.7,56.3,19.6,24.2,1.06,2197,73.2,49.3,1056,35.2,31.8,326,10.9,66.8,730,24.3,101,3.4,46.3,368,12.3,0.91,9.7,202,6.7,19.5,405,13.5,6.7,115,3.8,632,21.1,26
South Florida,33,13,20,39.4,2159.0,65.4,53.3,100.8,802,1876,42.8,396,617,64.2,176,551,31.9,47.4,50.2,32.9,57.5,18.2,24.3,1.01,2176,65.9,49.9,1142,34.6,34.1,407,12.3,65.7,735,22.3,104,3.2,45.3,363,11.0,0.93,8.8,190,5.8,18.1,391,11.8,6.4,113,3.4,614,18.6,12
Southeast Missouri State,30,23,7,76.7,2074.0,69.1,52.2,104.7,738,1611,45.8,509,769,66.2,187,516,36.2,51.6,55.0,47.7,50.7,23.4,25.8,1.05,2172,72.4,51.0,1096,36.5,32.6,334,11.1,69.5,762,25.4,120,4.0,57.5,424,14.1,0.95,11.2,233,7.8,21.4,444,14.8,7.2,116,3.9,590,19.7,11
Southeastern Louisiana,31,12,19,38.7,2140.0,69.0,50.8,96.9,719,1815,39.6,459,644,71.3,177,536,33.0,44.5,48.9,35.5,52.3,22.1,25.6,0.97,2074,66.9,53.1,1103,35.6,36.1,426,13.7,70.2,677,21.8,97,3.1,49.0,352,11.4,0.8,9.0,192,6.2,20.6,441,14.2,4.4,73,2.4,574,18.5,12
Southern Illinois,30,15,15,50.0,2004.0,66.8,48.9,101.1,678,1529,44.3,500,690,72.5,170,494,34.4,49.9,54.6,45.1,50.1,24.7,25.2,1.01,2026,67.5,49.2,962,32.1,28.9,275,9.2,69.6,687,22.9,89,3.0,52.2,354,11.8,0.84,9.8,197,6.6,21.0,420,14.0,5.0,81,2.7,561,18.7,15
Southern Methodist,31,17,14,54.8,1958.0,63.2,49.5,102.0,700,1640,42.7,368,498,73.9,230,643,35.8,49.7,53.2,30.4,47.0,18.4,34.5,1.02,1998,64.5,47.7,917,29.6,28.9,291,9.4,66.5,626,20.2,76,2.5,55.7,390,12.6,1.07,10.0,196,6.3,18.5,363,11.7,4.3,67,2.2,570,18.4,15
Southern Miss,34,14,20,41.2,2161.0,63.6,47.0,94.1,699,1727,40.5,439,673,65.2,197,656,30.0,46.2,49.7,39.0,49.4,21.6,29.1,0.94,2034,59.8,44.9,1056,31.1,27.6,321,9.4,62.1,731,21.5,139,4.1,51.6,361,10.6,0.81,8.9,193,5.7,20.5,443,13.0,5.2,94,2.8,672,19.8,22
Southern University,30,25,5,83.3,2124.0,70.8,54.4,102.3,797,1803,44.2,393,617,63.7,186,556,33.5,49.4,51.8,34.2,56.2,18.1,25.7,1.02,2173,72.4,54.7,1256,41.9,37.8,426,14.2,71.7,830,27.7,122,4.1,55.5,442,14.7,0.99,12.8,272,9.1,21.0,447,14.9,6.8,114,3.8,551,18.4,16
Southern Utah,29,22,7,75.9,2005.0,69.1,53.2,106.0,717,1671,42.9,500,735,68.0,191,563,33.9,48.6,52.6,44.0,49.5,23.5,27.0,1.06,2125,73.3,50.5,979,33.8,33.1,356,12.3,67.9,623,21.5,89,3.1,53.8,386,13.3,1.11,12.7,254,8.8,17.3,347,12.0,6.9,104,3.6,544,18.8,10
St. Bonaventure,31,16,15,51.6,2128.0,70.9,52.3,102.5,782,1747,44.8,432,672,64.3,186,559,33.3,50.1,52.8,38.5,54.6,19.8,25.6,1.03,2182,70.4,49.3,1047,33.8,31.8,349,11.3,66.7,698,22.5,103,3.3,51.7,404,13.0,0.97,10.6,226,7.3,19.6,417,13.5,6.2,108,3.5,563,18.2,9
St. Francis (NY),29,18,11,62.1,1921.0,66.2,48.7,98.1,648,1493,43.4,396,560,70.7,192,555,34.6,49.8,53.6,37.5,48.4,21.0,30.6,0.98,1884,65.0,51.2,1022,35.2,33.7,315,10.9,68.6,707,24.4,118,4.1,65.4,424,14.6,0.87,10.6,204,7.0,25.2,485,16.7,6.7,102,3.5,552,19.0,16
St. Francis (PA),30,19,11,63.3,1963.0,65.4,53.0,107.2,718,1579,45.5,470,656,71.6,198,561,35.3,51.7,55.6,41.5,49.4,22.3,28.2,1.07,2104,70.1,52.3,1020,34.0,35.0,335,11.2,69.6,685,22.8,60,2.0,57.9,416,13.9,1.02,11.4,223,7.4,20.7,407,13.6,6.8,104,3.5,544,18.1,15
St. John's,33,16,17,48.5,2191.0,66.4,49.9,99.0,769,1795,42.8,442,627,70.5,188,524,35.9,48.1,51.8,34.9,53.6,20.4,26.0,0.99,2168,65.7,47.7,1137,34.5,30.8,350,10.6,64.5,787,23.8,113,3.4,55.5,427,12.9,0.95,10.2,223,6.8,20.4,448,13.6,7.9,152,4.6,544,16.5,7
St. Joseph's (PA),31,20,11,64.5,2209.0,71.3,54.0,105.5,844,1894,44.6,430,606,71.0,212,635,33.4,50.2,53.4,32.0,54.2,18.5,27.3,1.05,2330,75.2,55.5,1249,40.3,37.5,421,13.6,73.5,828,26.7,113,3.6,57.0,481,15.5,1.07,10.0,222,7.2,20.3,448,14.5,7.0,124,4.0,557,18.0,14
St. Peter's,30,14,16,46.7,2001.0,66.7,47.1,90.4,606,1607,37.7,433,663,65.3,163,529,30.8,42.8,47.0,41.3,49.0,23.9,27.0,0.9,1808,60.3,47.1,1040,34.7,32.7,360,12.0,61.4,680,22.7,119,4.0,53.3,323,10.8,0.73,11.3,227,7.6,22.1,442,14.7,8.8,146,4.9,550,18.3,18
Stanford,32,18,14,56.2,2169.0,67.8,51.0,103.1,793,1766,44.9,468,650,72.0,183,550,33.3,50.1,53.9,36.8,54.5,20.9,24.5,1.03,2237,69.9,50.3,1121,35.0,30.3,324,10.1,70.3,797,24.9,81,2.5,50.4,400,12.5,0.94,8.9,194,6.1,19.5,424,13.2,6.2,111,3.5,608,19.0,14
Stephen F. Austin,32,9,23,28.1,2027.0,63.3,47.5,94.4,670,1571,42.6,415,605,68.6,159,473,33.6,47.7,51.5,38.5,53.4,21.7,24.9,0.94,1914,59.8,46.2,935,29.2,29.6,297,9.3,62.8,638,19.9,84,2.6,46.4,311,9.7,0.67,9.7,197,6.2,23.0,466,14.6,7.3,125,3.9,584,18.2,12
Stetson,29,22,7,75.9,1948.0,67.2,54.2,107.6,732,1533,47.7,465,676,68.8,168,461,36.4,53.2,56.6,44.1,53.8,22.2,24.0,1.08,2097,72.3,53.6,1097,37.8,34.6,319,11.0,72.6,778,26.8,100,3.4,56.6,414,14.3,1.02,11.6,226,7.8,20.9,407,14.0,6.3,100,3.4,512,17.7,12
Stony Brook,32,10,22,31.2,2143.0,67.0,47.5,95.5,721,1726,41.8,372,566,65.7,233,660,35.3,48.5,51.3,32.8,47.7,18.2,34.1,0.96,2047,64.0,47.8,1075,33.6,28.4,314,9.8,67.2,761,23.8,82,2.6,51.6,372,11.6,0.82,8.8,189,5.9,21.2,454,14.2,6.0,108,3.4,590,18.4,10
Syracuse,35,5,30,14.3,2484.0,73.1,49.5,93.6,856,2151,39.8,351,551,63.7,261,864,30.2,45.9,48.2,25.6,51.2,15.1,33.7,0.94,2324,66.4,48.6,1188,33.9,34.3,480,13.7,62.9,708,20.2,112,3.2,63.4,543,15.5,0.99,11.9,296,8.5,22.0,547,15.6,4.0,80,2.3,628,17.9,11
TCU,32,19,13,59.4,2135.0,66.7,52.4,106.3,797,1713,46.5,476,697,68.3,199,586,34.0,52.3,55.5,40.7,52.7,21.0,26.3,1.06,2269,70.9,50.9,1062,33.2,30.3,314,9.8,71.6,748,23.4,90,2.8,56.7,452,14.1,1.11,9.6,206,6.4,19.2,409,12.8,5.7,98,3.1,556,17.4,11
Temple,35,6,29,17.1,2184.0,62.4,46.8,91.0,727,1897,38.3,357,511,69.9,176,618,28.5,43.0,46.4,26.9,55.5,18.0,26.6,0.91,1987,56.8,47.7,1143,32.7,27.8,346,9.9,67.6,797,22.8,99,2.8,47.2,343,9.8,0.87,8.6,187,5.3,18.1,395,11.3,5.3,103,2.9,567,16.2,6
Tennessee,37,9,28,24.3,2589.0,70.0,47.1,93.2,804,2031,39.6,575,827,69.5,230,774,29.7,45.2,49.8,40.7,47.6,23.8,28.6,0.93,2413,65.2,49.4,1311,35.4,32.3,435,11.8,66.5,876,23.7,99,2.7,52.4,421,11.4,0.7,8.7,225,6.1,23.1,599,16.2,7.3,159,4.3,704,19.0,12
Tennessee State,32,23,9,71.9,2233.0,69.8,52.9,106.3,828,1715,48.3,522,751,69.5,196,546,35.9,54.0,57.3,43.8,53.2,22.0,24.8,1.06,2374,74.2,50.6,1145,35.8,34.4,352,11.0,66.9,793,24.8,109,3.4,56.9,471,14.7,0.91,11.3,253,7.9,23.2,517,16.2,5.9,109,3.4,533,16.7,17
Tennessee Tech,32,17,15,53.1,2240.0,70.0,55.2,110.4,832,1797,46.3,583,849,68.7,227,608,37.3,52.6,56.2,47.2,48.9,23.6,27.5,1.1,2474,77.3,50.4,1108,34.6,36.0,406,12.7,64.7,702,21.9,110,3.4,55.3,460,14.4,1.03,10.6,237,7.4,19.9,446,13.9,6.1,109,3.4,624,19.5,23
Tennessee-Martin,29,25,4,86.2,2051.0,70.7,53.3,108.0,774,1649,46.9,473,659,71.8,194,517,37.5,52.8,56.4,40.0,52.4,21.4,26.3,1.08,2215,76.4,49.8,1086,37.4,33.0,325,11.2,66.6,761,26.2,96,3.3,62.7,485,16.7,1.18,10.2,210,7.2,20.0,411,14.2,7.9,132,4.6,542,18.7,4
Texas,34,10,24,29.4,2528.0,74.4,49.0,94.2,843,2091,40.3,504,737,68.4,191,594,32.2,44.9,48.8,35.2,54.8,21.2,24.1,0.94,2381,70.0,46.6,1226,36.1,32.1,435,12.8,61.1,791,23.3,168,4.9,46.5,392,11.5,0.76,9.8,247,7.3,20.4,516,15.2,5.8,126,3.7,717,21.1,27
Texas A&M,34,10,24,29.4,2284.0,67.2,48.0,96.0,761,1854,41.0,464,658,70.5,206,617,33.4,46.6,50.6,35.5,50.6,21.2,28.2,0.96,2192,64.5,48.1,1160,34.1,29.5,357,10.5,66.7,803,23.6,130,3.8,54.0,411,12.1,0.87,9.5,217,6.4,20.7,473,13.9,8.0,148,4.4,746,21.9,27
Texas A&M-Corpus Christi,32,15,17,46.9,2176.0,68.0,49.2,97.4,738,1749,42.2,431,635,67.9,212,637,33.3,48.3,51.7,36.3,49.6,20.3,30.0,0.97,2119,66.2,46.9,999,31.2,31.1,347,10.8,62.6,652,20.4,112,3.5,57.7,426,13.3,0.93,12.0,261,8.2,21.0,457,14.3,5.1,86,2.7,608,19.0,11
Texas Southern,33,16,17,48.5,2314.0,70.1,47.7,93.6,724,1705,42.5,540,804,67.2,179,551,32.5,47.7,51.9,47.2,50.3,24.9,24.8,0.94,2167,65.7,50.1,1095,33.2,33.3,371,11.2,66.8,724,21.9,122,3.7,59.5,431,13.1,0.73,9.9,228,6.9,25.6,593,18.0,5.2,91,2.8,612,18.5,18
Texas State,31,16,15,51.6,2403.0,77.5,49.7,100.4,785,1723,45.6,644,965,66.7,199,522,38.1,51.3,55.3,56.0,48.6,26.7,24.7,1.0,2413,77.8,47.4,1155,37.3,31.5,350,11.3,63.3,805,26.0,93,3.0,56.9,447,14.4,0.79,11.3,272,8.8,23.4,563,18.2,6.0,114,3.7,725,23.4,34
Texas Tech,35,16,19,45.7,2595.0,74.1,52.2,102.6,915,2141,42.7,615,877,70.1,217,669,32.4,47.8,52.0,41.0,52.4,23.1,24.5,1.03,2662,76.1,51.4,1363,38.9,35.0,471,13.5,67.9,891,25.5,124,3.5,48.4,443,12.7,0.86,9.4,245,7.0,19.8,515,14.7,6.4,135,3.9,745,21.3,19
Texas-Arlington,30,14,16,46.7,2200.0,73.3,52.2,100.2,733,1724,42.5,570,880,64.8,169,558,30.3,47.4,51.5,51.0,51.2,25.9,23.0,1.0,2205,73.5,52.6,1196,39.9,37.3,425,14.2,67.8,771,25.7,110,3.7,56.2,412,13.7,0.83,9.2,203,6.8,22.5,494,16.5,6.9,120,4.0,688,22.9,20
Texas-El Paso,33,7,26,21.2,2330.0,70.6,46.6,91.5,707,1804,39.2,521,779,66.9,196,627,31.3,44.6,49.0,43.2,48.0,24.4,27.6,0.91,2131,64.6,50.6,1170,35.5,30.2,376,11.4,71.1,794,24.1,121,3.7,53.5,378,11.5,0.73,8.2,190,5.8,22.3,519,15.7,4.2,78,2.4,621,18.8,11
Texas-Pan American,33,27,6,81.8,2281.0,69.1,52.9,104.4,857,1778,48.2,489,743,65.8,179,498,35.9,53.2,55.9,41.8,56.9,20.5,22.5,1.04,2382,72.2,54.6,1277,38.7,33.3,356,10.8,75.9,921,27.9,85,2.6,52.5,450,13.6,0.87,9.8,224,6.8,22.6,516,15.6,7.8,139,4.2,621,18.8,16
Texas-San Antonio,30,11,19,36.7,1971.0,65.7,50.8,100.6,727,1618,44.9,360,529,68.1,169,595,28.4,50.2,53.0,32.7,56.3,18.2,25.6,1.01,1983,66.1,48.3,967,32.2,30.4,300,10.0,66.1,667,22.2,82,2.7,48.1,350,11.7,0.86,8.4,165,5.5,20.5,405,13.5,6.2,104,3.5,550,18.3,13
Toledo,32,28,4,87.5,1973.0,61.7,54.6,108.3,767,1711,44.8,408,605,67.4,195,581,33.6,50.5,53.5,35.4,53.5,19.1,27.4,1.08,2137,66.8,52.8,1086,33.9,32.9,346,10.8,72.7,740,23.1,104,3.2,62.3,478,14.9,1.46,10.9,215,6.7,16.6,328,10.2,6.0,95,3.0,492,15.4,2
Towson,31,21,10,67.7,2132.0,68.8,58.0,110.8,881,1916,46.0,402,611,65.8,199,592,33.6,51.2,53.6,31.9,57.7,17.0,25.3,1.11,2363,76.2,53.8,1239,40.0,39.6,455,14.7,67.9,784,25.3,98,3.2,58.9,519,16.7,1.33,9.4,201,6.5,18.2,389,12.5,6.2,112,3.6,532,17.2,3
Troy,33,13,20,39.4,2277.0,69.0,52.5,104.4,859,1983,43.3,396,582,68.0,264,738,35.8,50.0,52.6,29.3,50.0,16.7,33.3,1.04,2378,72.1,50.6,1194,36.2,33.4,410,12.4,67.7,784,23.8,124,3.8,52.9,454,13.8,1.04,7.9,179,5.4,19.1,435,13.2,4.1,82,2.5,545,16.5,10
Tulane,30,22,8,73.3,1984.0,66.1,52.1,101.1,698,1534,45.5,475,683,69.5,134,430,31.2,49.9,53.9,44.5,56.3,23.7,20.0,1.01,2005,66.8,53.2,1093,36.4,36.0,342,11.4,70.4,751,25.0,112,3.7,53.0,370,12.3,0.8,9.1,181,6.0,23.3,462,15.4,8.0,128,4.3,542,18.1,4
Tulsa,35,12,23,34.3,2348.0,67.1,49.2,97.3,802,1999,40.1,515,713,72.2,165,530,31.1,44.2,48.9,35.7,55.8,22.5,21.7,0.97,2284,65.3,46.9,1132,32.3,27.6,359,10.3,66.1,773,22.1,135,3.9,42.8,343,9.8,0.94,10.3,242,6.9,15.5,363,10.4,5.5,102,2.9,711,20.3,17
UAB,34,9,25,26.5,2222.0,65.4,46.6,92.4,713,1752,40.7,471,658,71.6,156,498,31.3,45.1,49.7,37.6,54.3,22.9,22.8,0.92,2053,60.4,46.3,1082,31.8,28.2,325,9.6,64.3,757,22.3,106,3.1,48.2,344,10.1,0.72,10.1,225,6.6,21.4,476,14.0,7.6,137,4.0,689,20.3,11
UC Davis,32,18,14,56.2,2228.0,69.6,50.2,101.5,782,1682,46.5,502,759,66.1,196,552,35.5,52.3,55.4,45.1,51.8,22.2,26.0,1.02,2262,70.7,51.1,1073,33.5,30.3,312,9.8,71.9,761,23.8,92,2.9,57.3,448,14.0,0.9,11.0,246,7.7,22.3,496,15.5,5.2,89,2.8,613,19.2,12
UC Irvine,32,18,14,56.2,2108.0,65.9,51.8,105.7,752,1688,44.5,520,733,70.9,204,517,39.5,50.6,54.7,43.4,49.2,23.3,27.5,1.06,2228,69.6,50.8,1125,35.2,32.8,345,10.8,68.8,780,24.4,85,2.7,51.5,387,12.1,0.9,7.2,151,4.7,20.3,428,13.4,5.3,94,2.9,584,18.2,12
UC Riverside,29,17,12,58.6,1853.0,63.9,48.4,100.3,621,1494,41.6,397,603,65.8,220,599,36.7,48.9,52.2,40.4,43.1,21.4,35.5,1.0,1859,64.1,46.2,929,32.0,27.9,271,9.3,64.5,658,22.7,91,3.1,58.5,363,12.5,1.04,9.3,173,6.0,18.8,348,12.0,5.9,91,3.1,549,18.9,15
UC-Santa Barbara,30,10,20,33.3,2040.0,68.0,48.9,96.7,671,1611,41.7,432,647,66.8,198,642,30.8,47.8,51.4,40.2,48.0,21.9,30.1,0.97,1972,65.7,52.4,1051,35.0,32.3,341,11.4,72.6,710,23.7,109,3.6,57.5,386,12.9,0.84,10.5,215,7.2,22.5,458,15.3,5.5,84,2.8,602,20.1,16
UCF,32,17,15,53.1,2121.0,66.3,52.0,103.0,750,1708,43.9,472,694,68.0,212,607,34.9,50.1,53.6,40.6,49.3,21.6,29.1,1.03,2184,68.2,50.8,1088,34.0,35.0,375,11.7,66.7,713,22.3,104,3.2,55.3,415,13.0,0.91,11.0,234,7.3,21.5,457,14.3,6.6,114,3.6,594,18.6,13
UCLA,32,18,14,56.2,2114.0,66.1,51.8,103.8,790,1762,44.8,402,577,69.7,213,586,36.3,50.9,53.9,32.7,52.6,18.3,29.1,1.04,2195,68.6,51.0,1040,32.5,32.4,341,10.7,69.6,699,21.8,91,2.8,50.8,401,12.5,0.95,9.5,200,6.2,20.0,423,13.2,3.9,65,2.0,514,16.1,8
UIC,30,22,8,73.3,2020.0,67.3,52.2,104.5,719,1634,44.0,469,667,70.3,203,584,34.8,50.2,54.1,40.8,48.9,22.2,28.9,1.04,2110,70.3,53.7,1174,39.1,35.2,361,12.0,72.2,813,27.1,112,3.7,59.4,427,14.2,0.99,8.7,175,5.8,21.4,433,14.4,5.9,100,3.3,540,18.0,8
UNLV,34,9,25,26.5,2307.0,67.9,46.3,94.0,693,1738,39.9,585,827,70.7,197,594,33.2,45.5,50.9,47.6,45.8,27.0,27.3,0.94,2168,63.8,50.7,1172,34.5,30.7,360,10.6,70.7,812,23.9,108,3.2,50.8,352,10.4,0.66,7.0,162,4.8,23.1,534,15.7,4.7,91,2.7,597,17.6,13
USC,30,14,16,46.7,1904.0,63.5,46.6,90.1,591,1540,38.4,384,584,65.8,149,461,32.3,43.2,47.2,37.9,51.5,22.4,26.1,0.9,1715,57.2,47.8,941,31.4,29.7,303,10.1,65.8,638,21.3,112,3.7,43.8,259,8.6,0.68,8.7,166,5.5,20.0,380,12.7,4.6,71,2.4,513,17.1,5
USC Upstate,29,23,6,79.3,1931.0,66.6,52.6,101.8,681,1651,41.2,402,588,68.4,202,559,36.1,47.4,50.9,35.6,48.7,20.4,30.8,1.02,1966,67.8,52.4,1089,37.6,37.1,403,13.9,67.6,686,23.7,111,3.8,60.8,414,14.3,1.01,14.3,277,9.6,21.2,409,14.1,4.9,75,2.6,499,17.2,4
Utah,31,17,14,54.8,2069.0,66.7,51.1,99.5,704,1710,41.2,530,754,70.3,120,397,30.2,44.7,49.8,44.1,56.8,25.8,17.5,0.99,2058,66.4,51.7,1085,35.0,31.3,350,11.3,72.1,735,23.7,115,3.7,43.3,305,9.8,0.87,10.2,212,6.8,17.0,352,11.4,4.8,78,2.5,585,18.9,14
Utah State,35,8,27,22.9,2195.0,62.7,47.8,95.5,757,1867,40.5,385,543,70.9,198,615,32.2,45.8,49.3,29.1,53.3,18.4,28.3,0.96,2097,59.9,46.6,1030,29.4,26.9,322,9.2,66.2,708,20.2,83,2.4,51.5,390,11.1,0.99,7.7,169,4.8,17.9,392,11.2,5.7,109,3.1,551,15.7,15
Utah Valley University,30,18,12,60.0,1960.0,65.3,49.5,99.7,687,1564,43.9,416,593,70.2,164,471,34.8,49.2,52.9,37.9,53.5,21.3,25.2,1.0,1954,65.1,49.9,1001,33.4,28.5,282,9.4,71.4,719,24.0,88,2.9,50.5,347,11.6,0.88,9.7,190,6.3,20.2,395,13.2,7.2,114,3.8,502,16.7,8
Valparaiso,32,17,15,53.1,2181.0,68.2,53.5,109.0,790,1735,45.5,574,816,70.3,222,587,37.8,51.9,56.0,47.0,47.8,24.1,28.0,1.09,2378,74.3,51.3,1077,33.7,34.2,369,11.5,68.3,708,22.1,98,3.1,55.8,441,13.8,1.02,10.5,229,7.2,19.8,432,13.5,6.0,106,3.3,574,17.9,8
Vanderbilt,33,9,24,27.3,2314.0,70.1,52.2,98.3,819,1992,41.1,427,678,63.0,209,621,33.7,46.4,49.1,34.0,53.6,18.8,27.6,0.98,2274,68.9,51.0,1182,35.8,35.1,452,13.7,66.9,730,22.1,148,4.5,48.2,395,12.0,0.89,9.6,221,6.7,19.2,445,13.5,7.0,128,3.9,695,21.1,18
Vermont,35,10,25,28.6,2372.0,67.8,49.8,95.6,798,1991,40.1,475,686,69.2,196,612,32.0,45.0,48.9,34.5,53.1,21.0,25.9,0.96,2267,64.8,48.6,1192,34.1,33.4,431,12.3,63.7,761,21.7,120,3.4,48.5,387,11.1,0.81,10.2,243,6.9,20.2,479,13.7,7.0,132,3.8,777,22.2,25
Villanova,33,8,25,24.2,2391.0,72.5,48.7,100.5,759,1855,40.9,646,910,71.0,240,714,33.6,47.4,52.6,49.1,43.2,26.9,30.0,1.01,2404,72.8,47.1,1118,33.9,31.9,389,11.8,62.3,729,22.1,151,4.6,58.8,446,13.5,0.88,9.1,217,6.6,21.1,504,15.3,7.2,141,4.3,697,21.1,20
Virginia,31,16,15,51.6,1985.0,64.0,50.3,99.3,732,1678,43.6,327,512,63.9,180,512,35.2,49.0,51.3,30.5,56.0,16.6,27.4,0.99,1971,63.6,49.3,1038,33.5,28.8,298,9.6,69.9,740,23.9,81,2.6,48.4,354,11.4,0.96,7.9,157,5.1,18.6,369,11.9,6.2,107,3.5,497,16.0,9
Virginia Commonwealth,36,9,27,25.0,2458.0,68.3,51.6,97.3,897,2093,42.9,428,640,66.9,170,563,30.2,46.9,49.9,30.6,60.8,17.9,21.3,0.97,2392,66.4,48.8,1251,34.8,34.1,450,12.5,63.4,801,22.2,99,2.8,51.5,462,12.8,0.89,10.2,250,6.9,21.0,517,14.4,5.7,120,3.3,649,18.0,22
Virginia Military Institute,29,19,10,65.5,2485.0,85.7,59.1,112.6,1066,2066,51.6,486,759,64.0,181,465,38.9,56.0,57.7,36.7,63.2,17.4,19.4,1.13,2799,96.5,55.8,1429,49.3,40.1,463,16.0,71.6,966,33.3,95,3.3,54.9,585,20.2,1.12,8.7,215,7.4,21.0,521,18.0,7.2,152,5.2,553,19.1,9
Virginia Tech,34,9,25,26.5,2371.0,69.7,48.8,93.4,778,1949,39.9,477,685,69.6,182,607,30.0,44.6,48.7,35.1,53.8,21.5,24.7,0.93,2215,65.1,49.1,1231,36.2,34.0,430,12.6,64.2,801,23.6,118,3.5,54.4,423,12.4,0.81,7.3,172,5.1,22.1,525,15.4,7.6,151,4.4,714,21.0,29
Wagner,31,26,5,83.9,2095.0,67.6,53.5,103.3,756,1734,43.6,467,691,67.6,185,567,32.6,48.9,52.5,39.9,52.8,21.6,25.6,1.03,2164,69.8,53.6,1184,38.2,36.9,408,13.2,70.3,776,25.0,117,3.8,59.7,451,14.5,1.02,13.7,286,9.2,21.1,443,14.3,5.8,98,3.2,508,16.4,7
Wake Forest,31,11,20,35.5,2235.0,72.1,50.4,96.4,738,1890,39.0,500,728,68.7,179,613,29.2,43.8,48.2,38.5,51.9,23.2,24.9,0.96,2155,69.5,47.5,1158,37.4,33.7,429,13.8,61.2,729,23.5,84,2.7,48.0,354,11.4,0.83,9.9,222,7.2,19.1,426,13.7,6.5,121,3.9,648,20.9,20
Washington,36,10,26,27.8,2628.0,73.0,48.9,95.9,860,2041,42.1,621,911,68.2,178,554,32.1,46.5,50.9,44.6,54.1,24.7,21.2,0.96,2519,70.0,47.7,1235,34.3,32.2,421,11.7,63.1,814,22.6,127,3.5,46.3,398,11.1,0.69,8.4,220,6.1,22.0,578,16.1,4.9,108,3.0,755,21.0,26
Washington State,31,15,16,48.4,2103.0,67.8,51.8,104.1,776,1730,44.9,422,596,70.8,216,608,35.5,51.1,54.4,34.5,51.1,19.3,29.6,1.04,2190,70.6,48.6,1014,32.7,32.8,343,11.1,64.4,671,21.6,117,3.8,53.7,417,13.5,0.97,10.3,217,7.0,20.4,430,13.9,4.9,82,2.6,635,20.5,10
Weber State,31,11,20,35.5,2147.0,69.3,49.5,102.6,747,1700,43.9,509,697,73.0,199,546,36.4,49.8,54.2,41.0,49.8,23.1,27.1,1.03,2202,71.0,47.8,1032,33.3,28.7,304,9.8,66.8,728,23.5,95,3.1,46.1,344,11.1,0.81,9.4,201,6.5,19.7,424,13.7,6.6,116,3.7,616,19.9,17
West Virginia,38,7,31,18.4,2469.0,65.0,49.8,97.8,836,2007,41.7,533,785,67.9,209,646,32.4,46.9,50.7,39.1,51.9,22.1,26.0,0.98,2414,63.5,45.1,1228,32.3,32.2,418,11.0,58.0,807,21.2,124,3.3,52.3,437,11.5,0.86,9.4,233,6.1,20.6,509,13.4,5.2,113,3.0,797,21.0,30
Western Carolina,34,12,22,35.3,2382.0,72.2,48.3,98.7,759,1732,43.8,622,905,68.7,212,655,32.4,49.9,54.4,52.3,46.5,26.4,27.0,0.99,2352,69.2,48.7,1182,34.8,32.2,359,10.6,65.1,823,24.2,115,3.4,52.2,396,11.6,0.68,9.2,218,6.4,24.6,585,17.2,4.6,93,2.7,647,19.0,9
Western Illinois,30,17,13,56.7,1881.0,62.7,49.2,95.9,610,1520,40.1,449,657,68.3,135,427,31.6,44.6,49.2,43.2,52.7,24.9,22.5,0.96,1804,60.1,52.0,1033,34.4,31.8,323,10.8,72.2,710,23.7,91,3.0,54.8,334,11.1,0.89,9.7,183,6.1,20.0,376,12.5,7.4,110,3.7,531,17.7,11
Western Kentucky,34,13,21,38.2,2272.0,66.8,50.7,99.9,843,1891,44.6,385,566,68.0,198,598,33.1,49.8,52.5,29.9,56.9,17.0,26.2,1.0,2269,66.7,48.3,1110,32.6,30.7,355,10.4,65.9,755,22.2,85,2.5,46.9,395,11.6,0.84,8.4,190,5.6,20.7,471,13.9,5.0,95,2.8,634,18.6,11
Western Michigan,33,15,18,45.5,2198.0,66.6,50.6,99.9,774,1856,41.7,440,635,69.3,207,598,34.6,47.3,50.9,34.2,51.7,20.0,28.3,1.0,2195,66.5,47.8,1100,33.3,32.8,386,11.7,62.8,714,21.6,110,3.3,53.6,415,12.6,0.95,9.7,213,6.5,19.9,437,13.2,6.1,110,3.3,625,18.9,15
Wichita State,35,10,25,28.6,2268.0,64.8,46.5,95.3,733,1722,42.6,518,729,71.1,178,525,33.9,47.7,52.3,42.3,51.3,24.0,24.7,0.95,2162,61.8,46.1,1037,29.6,26.8,298,8.5,65.3,739,21.1,125,3.6,51.3,376,10.7,0.76,9.0,203,5.8,21.8,494,14.1,5.0,94,2.7,645,18.4,11
William & Mary,33,11,22,33.3,2058.0,62.4,52.8,103.4,759,1835,41.4,388,570,68.1,223,683,32.7,47.4,50.6,31.1,50.4,18.2,31.4,1.03,2129,64.5,51.2,1151,34.9,33.1,395,12.0,69.3,756,22.9,89,2.7,57.2,434,13.2,1.24,9.4,193,5.8,17.0,349,10.6,6.4,110,3.3,539,16.3,14
Winthrop,33,14,19,42.4,2217.0,67.2,46.6,91.3,695,1749,39.7,455,677,67.2,180,607,29.7,44.9,48.9,38.7,50.9,22.5,26.7,0.91,2025,61.4,48.1,1228,37.2,30.2,357,10.8,65.9,871,26.4,96,2.9,56.4,392,11.9,0.77,9.3,207,6.3,22.9,507,15.4,6.3,122,3.7,599,18.2,13
Wisconsin,33,9,24,27.3,1989.0,60.3,47.2,94.4,673,1586,42.4,394,572,68.9,138,402,34.3,46.8,50.5,36.1,57.0,21.0,22.0,0.94,1878,56.9,48.0,1002,30.4,26.3,263,8.0,69.8,739,22.4,88,2.7,46.7,314,9.5,0.79,7.4,148,4.5,19.9,395,12.0,4.2,74,2.2,586,17.8,12
Wofford,35,9,26,25.7,2285.0,65.3,47.7,93.4,765,1836,41.7,435,646,67.3,169,552,30.6,46.3,49.8,35.2,55.9,20.4,23.8,0.93,2134,61.0,47.8,1141,32.6,29.1,345,9.9,66.4,796,22.7,91,2.6,42.7,327,9.3,0.67,7.9,181,5.2,21.5,491,14.0,7.3,136,3.9,682,19.5,14
Wright State,32,12,20,37.5,2021.0,63.2,46.4,96.5,648,1488,43.5,480,657,73.1,174,490,35.5,49.4,54.2,44.2,48.6,24.6,26.8,0.96,1950,60.9,49.3,976,30.5,30.1,275,8.6,68.4,701,21.9,91,2.8,54.3,352,11.0,0.7,7.9,159,5.0,24.8,501,15.7,4.7,79,2.5,583,18.2,10
Wyoming,31,21,10,67.7,2245.0,72.4,51.2,102.9,803,1789,44.9,486,691,70.3,217,633,34.3,51.0,54.5,38.6,50.8,21.0,28.2,1.03,2309,74.5,52.0,1129,36.4,33.0,362,11.7,71.0,767,24.7,137,4.4,57.3,460,14.8,0.95,9.3,209,6.7,21.6,486,15.7,5.6,94,3.0,673,21.7,27
Xavier,35,9,26,25.7,2516.0,69.9,49.8,96.7,884,2158,41.0,464,709,65.4,201,674,29.8,45.6,48.8,32.9,56.1,19.1,24.8,0.97,2433,69.5,47.2,1230,35.1,29.9,415,11.9,64.5,805,23.0,143,4.1,53.1,469,13.4,1.04,8.9,224,6.4,17.8,449,12.8,8.5,176,5.0,727,20.8,24
Yale,31,19,12,61.3,2104.0,67.9,51.5,102.5,769,1749,44.0,425,594,71.5,194,528,36.7,49.5,53.1,34.0,53.3,19.7,27.0,1.03,2157,69.6,49.8,1076,34.7,32.6,351,11.3,66.9,725,23.4,93,3.0,55.7,428,13.8,1.0,10.5,220,7.1,20.3,427,13.8,6.2,105,3.4,629,20.3,17
Youngstown State,30,22,8,73.3,2032.0,67.7,50.2,103.0,698,1532,45.6,520,741,70.2,176,477,36.9,51.3,55.5,48.4,49.9,24.9,25.2,1.03,2092,69.7,49.3,996,33.2,31.0,291,9.7,67.6,705,23.5,71,2.4,59.5,415,13.8,0.95,10.0,204,6.8,21.6,438,14.6,6.0,99,3.3,577,19.2,9
