Abilene Christian,31,11,20,35.5,2123.0,68.5,49.3,104.3,737,1664,44.3,499,666,74.9,241,599,40.2,51.5,55.9,40.0,44.8,22.5,32.7,1.04,2214,71.4,50.1,1010,32.6,30.5,307,9.9,69.7,703,22.7,109,3.5,54.5,402,13.0,0.89,10.4,221,7.1,21.3,453,14.6,4.4,72,2.3,641,20.7,21
Air Force,30,12,18,40.0,1978.0,65.9,48.0,100.1,679,1561,43.5,406,588,69.0,216,653,33.1,50.4,53.8,37.7,46.8,20.5,32.7,1.0,1980,66.0,48.7,970,32.3,26.7,263,8.8,70.6,707,23.6,88,2.9,61.7,419,14.0,1.05,8.3,164,5.5,20.2,400,13.3,5.9,94,3.1,563,18.8,17
Akron,31,20,11,64.5,2059.0,66.4,52.5,101.9,726,1696,42.8,427,683,62.5,219,637,34.4,49.3,51.9,40.3,48.3,20.4,31.3,1.02,2098,67.7,51.6,1090,35.2,35.1,382,12.3,68.1,708,22.8,92,3.0,47.9,348,11.2,0.84,10.0,206,6.6,20.1,414,13.4,7.8,132,4.3,552,17.8,10
Alabama,31,13,18,41.9,2027.0,65.4,51.8,104.3,723,1619,44.7,491,711,69.1,177,527,33.6,50.1,54.0,43.9,51.7,23.2,25.1,1.04,2114,68.2,48.0,1019,32.9,30.5,309,10.0,65.5,710,22.9,103,3.3,47.4,343,11.1,0.92,10.4,210,6.8,18.4,372,12.0,8.1,136,4.4,596,19.2,16
Alabama A&M,28,13,15,46.4,1888.0,67.4,47.6,96.4,617,1495,41.3,407,625,65.1,177,531,33.3,47.2,50.8,41.8,48.4,22.4,29.2,0.96,1820,65.0,46.4,935,33.4,27.1,269,9.6,65.7,666,23.8,100,3.6,58.5,361,12.9,0.99,9.0,169,6.0,19.3,365,13.0,7.6,112,4.0,611,21.8,16
Alabama State,29,18,11,62.1,2011.0,69.3,54.0,104.0,731,1728,42.3,461,683,67.5,168,572,29.4,47.2,51.0,39.5,53.8,22.0,24.1,1.04,2092,72.1,50.6,1055,36.4,35.2,394,13.6,66.0,661,22.8,121,4.2,52.3,382,13.2,1.08,9.5,192,6.6,17.6,354,12.2,6.7,108,3.7,523,18.0,14
Albany,31,17,14,54.8,1976.0,63.7,51.5,103.4,695,1583,43.9,502,676,74.3,152,420,36.2,48.7,53.7,42.7,53.1,24.6,22.3,1.03,2044,65.9,51.9,1074,34.6,32.7,324,10.5,71.0,750,24.2,121,3.9,49.6,345,11.1,0.88,8.5,168,5.4,19.9,394,12.7,5.7,96,3.1,538,17.4,17
Alcorn State,30,12,18,40.0,1989.0,66.3,49.2,97.2,675,1599,42.2,449,686,65.5,135,436,31.0,46.4,50.2,42.9,55.8,23.2,20.9,0.97,1934,64.5,47.5,924,30.8,28.8,284,9.5,66.2,640,21.3,52,1.7,40.7,275,9.2,0.78,8.8,176,5.9,17.6,351,11.7,6.8,111,3.7,557,18.6,19
American University,32,20,12,62.5,1953.0,61.0,49.8,104.8,737,1490,49.5,369,520,71.0,203,531,38.2,56.3,58.9,34.9,52.2,18.0,29.8,1.05,2046,63.9,48.6,962,30.1,27.0,228,7.1,70.1,734,22.9,82,2.6,65.7,484,15.1,1.09,9.9,194,6.1,22.8,446,13.9,7.0,110,3.4,551,17.2,8
Appalachian State,30,9,21,30.0,2038.0,67.9,53.1,99.8,719,1730,41.6,445,697,63.8,151,500,30.2,45.9,49.3,40.3,55.9,21.9,22.3,1.0,2034,67.8,51.9,1091,36.4,34.0,392,13.1,69.8,699,23.3,131,4.4,45.5,327,10.9,0.9,9.2,187,6.2,17.8,362,12.1,5.0,83,2.8,597,19.9,10
Arizona,31,28,3,90.3,2034.0,65.6,58.5,112.0,814,1743,46.7,493,748,65.9,158,448,35.3,51.2,54.3,42.9,57.6,21.6,20.8,1.12,2279,73.5,55.7,1205,38.9,37.7,398,12.8,73.6,807,26.0,99,3.2,57.5,468,15.1,1.43,8.9,181,5.8,16.1,328,10.6,8.0,133,4.3,512,16.5,9
Arizona State,31,21,10,67.7,2184.0,70.5,50.3,107.3,789,1746,45.2,512,741,69.1,253,652,38.8,52.4,55.8,42.4,45.8,21.9,32.4,1.07,2343,75.6,47.2,1117,36.0,24.7,268,8.6,69.6,849,27.4,72,2.3,56.0,442,14.3,1.24,7.5,163,5.3,16.3,356,11.5,9.7,180,5.8,600,19.4,13
Arkansas,31,21,10,67.7,2278.0,73.5,53.5,109.7,848,1908,44.4,565,781,72.3,238,643,37.0,50.7,54.8,40.9,48.8,22.6,28.6,1.1,2499,80.6,47.4,1115,36.0,31.8,367,11.8,62.9,748,24.1,79,2.5,56.7,481,15.5,1.32,11.8,269,8.7,16.0,365,11.8,9.5,173,5.6,641,20.7,7
Arkansas State,30,18,12,60.0,2099.0,70.0,50.1,108.2,745,1663,44.8,517,705,73.3,264,685,38.5,52.7,56.8,42.4,42.4,22.8,34.9,1.08,2271,75.7,48.1,1027,34.2,26.6,272,9.1,69.6,755,25.2,137,4.6,53.3,397,13.2,1.08,9.8,205,6.8,17.5,367,12.2,4.5,78,2.6,524,17.5,10
Arkansas-Little Rock,30,14,16,46.7,2095.0,69.8,50.2,100.2,719,1693,42.5,512,701,73.0,150,467,32.1,46.9,51.8,41.4,54.2,24.4,21.4,1.0,2100,70.0,50.7,1075,35.8,31.0,332,11.1,70.4,743,24.8,114,3.8,48.1,346,11.5,0.87,8.6,181,6.0,19.0,399,13.3,7.2,118,3.9,634,21.1,17
Arkansas-Pine Bluff,30,13,17,43.3,2038.0,67.9,46.7,93.6,642,1552,41.4,433,658,65.8,190,544,34.9,47.5,51.1,42.4,47.4,22.7,29.9,0.94,1907,63.6,48.0,919,30.6,29.1,299,10.0,66.8,620,20.7,127,4.2,52.5,337,11.2,0.73,14.0,286,9.5,22.7,463,15.4,4.8,72,2.4,587,19.6,14
Army,31,15,16,48.4,2129.0,68.7,52.3,105.4,801,1804,44.4,406,580,70.0,236,697,33.9,50.9,54.0,32.2,50.4,18.1,31.6,1.05,2244,72.4,49.5,1043,33.6,32.1,352,11.4,66.8,691,22.3,102,3.3,54.4,436,14.1,1.09,8.8,187,6.0,18.8,401,12.9,7.5,132,4.3,567,18.3,7
Auburn,30,14,16,46.7,2030.0,67.7,52.2,105.6,723,1655,43.7,526,730,72.1,172,553,31.1,48.9,53.6,44.1,51.4,24.5,24.1,1.06,2144,71.5,49.4,1023,34.1,31.8,331,11.0,66.9,692,23.1,90,3.0,48.3,349,11.6,0.96,9.0,183,6.1,17.9,363,12.1,8.3,134,4.5,645,21.5,22
Austin Peay,30,12,18,40.0,2182.0,72.7,52.0,104.8,797,1632,48.8,535,804,66.5,158,459,34.4,53.7,56.8,49.3,55.9,23.4,20.7,1.05,2287,76.2,48.1,998,33.3,30.2,297,9.9,65.9,701,23.4,76,2.5,55.7,444,14.8,0.94,9.4,206,6.9,21.6,471,15.7,8.4,153,5.1,516,17.2,8
Ball State,30,5,25,16.7,2052.0,68.4,49.1,95.9,651,1601,40.7,469,679,69.1,196,625,31.4,46.8,51.1,42.4,46.3,23.8,29.9,0.96,1967,65.6,53.1,1108,36.9,35.6,383,12.8,70.6,725,24.2,108,3.6,57.6,375,12.5,0.74,6.6,136,4.5,24.6,505,16.8,4.2,70,2.3,615,20.5,18
Baylor,32,22,10,68.8,2092.0,65.4,58.7,114.9,822,1799,45.7,521,781,66.7,238,618,38.5,52.3,55.4,43.4,48.6,21.7,29.7,1.15,2403,75.1,55.2,1245,38.9,42.0,461,14.4,68.3,784,24.5,111,3.5,59.0,485,15.2,1.25,8.0,168,5.3,18.5,388,12.1,9.7,178,5.6,562,17.6,7
Belmont,33,24,9,72.7,2296.0,69.6,53.2,115.2,905,1791,50.5,543,742,73.2,293,738,39.7,58.7,61.7,41.4,46.3,20.5,33.2,1.15,2646,80.2,47.3,1012,30.7,27.8,275,8.3,66.7,737,22.3,83,2.5,57.5,520,15.8,1.22,9.7,222,6.7,18.5,425,12.9,4.3,79,2.4,686,20.8,17
Bethune-Cookman,32,7,25,21.9,2043.0,63.8,49.6,99.5,686,1713,40.0,442,615,71.9,218,613,35.6,46.4,50.7,35.9,46.1,21.8,32.2,0.99,2032,63.5,48.0,1002,31.3,32.9,367,11.5,63.1,635,19.8,121,3.8,46.1,316,9.9,0.77,9.7,199,6.2,20.0,408,12.8,5.0,80,2.5,681,21.3,26
Binghamton,30,7,23,23.3,1993.0,66.4,45.6,92.3,591,1554,38.0,476,687,69.3,182,569,32.0,43.9,48.9,44.2,44.5,25.9,29.7,0.92,1840,61.3,48.4,970,32.3,29.1,312,10.4,67.6,658,21.9,137,4.6,47.7,282,9.4,0.66,9.2,184,6.1,21.5,428,14.3,3.7,60,2.0,596,19.9,15
Boise State,32,20,12,62.5,2141.0,66.9,55.4,114.4,847,1844,45.9,508,678,74.9,247,660,37.4,52.6,56.5,36.8,49.0,20.7,30.3,1.14,2449,76.5,53.9,1097,34.3,33.1,349,10.9,74.6,748,23.4,86,2.7,45.2,383,12.0,1.21,9.1,195,6.1,14.8,316,9.9,3.9,67,2.1,608,19.0,8
Boston College,32,8,24,25.0,2044.0,63.9,49.9,107.5,716,1606,44.6,518,699,74.1,247,702,35.2,52.3,56.7,43.5,42.7,23.6,33.7,1.07,2197,68.7,46.5,951,29.7,27.2,265,8.3,65.8,686,21.4,94,2.9,55.4,397,12.4,1.11,6.8,140,4.4,17.5,358,11.2,4.9,86,2.7,603,18.8,13
Boston University,34,24,10,70.6,2277.0,67.0,51.5,106.7,871,1924,45.3,417,580,71.9,271,751,36.1,52.3,55.2,30.1,49.4,17.2,33.5,1.07,2430,71.5,49.3,1138,33.5,28.5,328,9.6,70.1,810,23.8,131,3.9,54.3,473,13.9,1.17,10.6,241,7.1,17.7,404,11.9,3.3,62,1.8,577,17.0,4
Bowling Green,32,12,20,37.5,2161.0,67.5,48.8,92.9,743,1745,42.6,401,630,63.7,120,417,28.8,46.0,49.1,36.1,62.1,20.0,17.9,0.93,2007,62.7,49.6,1131,35.3,30.1,338,10.6,69.2,793,24.8,103,3.2,52.1,387,12.1,0.83,11.4,246,7.7,21.7,469,14.7,10.2,177,5.5,564,17.6,13
Bradley,32,12,20,37.5,2042.0,65.9,51.2,99.7,721,1720,41.9,440,628,70.1,154,479,32.2,46.4,50.4,36.5,55.7,21.6,22.7,1.0,2036,63.6,50.6,1064,33.3,32.3,356,11.1,68.9,708,22.1,94,2.9,42.4,306,9.6,0.8,11.1,226,7.1,18.8,383,12.0,5.2,84,2.6,635,19.8,16
Brigham Young,34,23,11,67.6,2546.0,74.9,57.5,112.5,992,2125,46.7,707,1025,69.0,172,480,35.8,50.7,54.8,48.2,57.3,24.7,18.0,1.12,2863,84.2,53.3,1400,41.2,34.9,451,13.3,71.7,949,27.9,128,3.8,53.4,530,15.6,1.38,9.7,247,7.3,15.1,385,11.3,4.9,103,3.0,665,19.6,16
Brown,28,15,13,53.6,1961.0,70.0,51.1,102.0,707,1632,43.3,396,590,67.1,190,497,38.2,49.1,52.3,36.2,51.7,19.8,28.5,1.02,2000,71.4,51.2,1108,39.6,30.1,312,11.1,72.2,796,28.4,103,3.7,53.3,377,13.5,1.04,8.1,159,5.7,18.5,363,13.0,8.2,134,4.8,557,19.9,17
Bryant,32,18,14,56.3,2190.0,68.4,52.5,107.4,840,1788,47.0,470,669,70.3,201,602,33.4,52.6,55.8,37.4,54.4,20.0,25.6,1.07,2351,73.5,47.5,1095,34.2,28.8,308,9.6,66.2,787,24.6,130,4.1,50.0,420,13.1,1.06,9.5,207,6.5,18.1,397,12.4,4.9,93,2.9,568,17.8,9
Bucknell,30,16,14,53.3,1910.0,63.7,50.6,103.5,698,1627,42.9,385,516,74.6,196,502,39.0,48.9,52.8,31.7,50.8,19.5,29.7,1.04,1977,65.9,52.3,1067,35.6,29.0,287,9.6,75.6,780,26.0,110,3.7,51.1,357,11.9,1.11,7.2,138,4.6,16.8,321,10.7,3.0,49,1.6,500,16.7,8
Buffalo,28,19,9,67.9,1909.0,68.2,54.4,108.3,709,1574,45.0,476,666,71.5,174,531,32.8,50.6,54.7,42.3,51.7,23.0,25.2,1.08,2068,73.9,51.8,1031,36.8,35.0,340,12.1,68.5,691,24.7,94,3.4,59.5,422,15.1,1.19,10.1,193,6.9,18.5,354,12.6,8.2,129,4.6,515,18.4,11
Butler,31,14,17,45.2,2039.0,65.8,52.9,104.2,755,1758,42.9,432,654,66.1,183,567,32.3,48.2,51.4,37.2,53.8,20.3,25.8,1.04,2125,68.5,51.2,1072,34.6,30.7,340,11.0,71.6,732,23.6,89,2.9,45.7,345,11.1,1.11,9.1,186,6.0,15.2,310,10.0,5.1,88,2.8,523,16.9,10
Cal Poly,29,10,19,34.5,1777.0,61.3,52.3,103.1,645,1588,40.6,353,512,68.9,189,563,33.6,46.6,50.0,32.2,49.8,19.3,30.9,1.03,1832,63.2,50.3,939,32.4,32.0,327,11.3,68.6,612,21.1,89,3.1,53.0,342,11.8,1.27,9.9,176,6.1,15.1,269,9.3,5.6,81,2.8,540,18.6,4
Cal State Bakersfield,30,12,18,40.0,2003.0,66.8,52.3,104.0,724,1648,43.9,426,624,68.3,210,531,39.5,50.3,53.6,37.9,49.3,20.4,30.2,1.04,2084,69.5,51.7,1042,34.7,34.4,355,11.8,69.0,687,22.9,97,3.2,51.4,372,12.4,0.89,9.9,198,6.6,20.8,417,13.9,7.0,107,3.6,670,22.3,16
Cal State Fullerton,30,11,19,36.7,2015.0,67.2,50.7,101.0,714,1666,42.9,426,645,66.0,182,549,33.2,48.3,51.6,38.7,52.3,20.9,26.8,1.01,2036,67.9,49.9,1013,33.8,29.1,313,10.4,70.7,700,23.3,106,3.5,46.5,332,11.1,0.92,6.9,139,4.6,17.9,360,12.0,3.3,54,1.8,586,19.5,12
Cal State Northridge,32,15,17,46.9,2271.0,71.0,53.0,108.4,813,1784,45.6,696,886,78.6,139,370,37.6,49.5,55.8,49.7,54.8,28.3,16.9,1.08,2461,76.9,50.9,1131,35.3,33.1,350,10.9,68.6,781,24.4,79,2.5,53.8,437,13.7,1.06,10.3,233,7.3,18.1,412,12.9,4.8,90,2.8,658,20.6,16
California,31,19,12,61.3,2097.0,67.6,54.1,107.8,815,1802,45.2,455,667,68.2,175,505,34.7,50.1,53.3,37.0,56.6,20.1,23.2,1.08,2260,72.9,50.6,1121,36.2,30.7,331,10.7,70.5,790,25.5,88,2.8,57.7,470,15.2,1.49,7.9,165,5.3,15.1,316,10.2,7.9,142,4.6,538,17.4,11
Campbell,32,12,20,37.5,2072.0,64.8,51.3,104.4,771,1747,44.1,344,508,67.7,278,795,35.0,52.1,54.4,29.1,45.6,15.9,38.5,1.04,2164,67.6,48.2,1049,32.8,31.9,345,10.8,64.5,704,22.0,90,2.8,58.9,454,14.2,1.06,9.3,193,6.0,20.6,427,13.3,7.7,140,4.4,572,17.9,6
Canisius,33,21,12,63.6,2280.0,69.1,54.3,112.3,876,1917,45.7,549,741,74.1,260,678,38.3,52.5,56.4,38.7,48.1,21.4,30.5,1.12,2561,77.6,47.9,1101,33.4,32.7,373,11.3,63.0,728,22.1,114,3.5,46.8,410,12.4,1.07,10.0,229,6.9,16.8,382,11.6,6.4,124,3.8,590,17.9,16
Central Arkansas,29,8,21,27.6,2169.0,74.8,50.9,99.8,787,1761,44.7,400,666,60.1,191,522,36.6,50.1,52.1,37.8,55.1,18.5,26.5,1.0,2165,74.7,46.0,982,33.9,28.8,323,11.1,63.1,659,22.7,87,3.0,46.8,368,12.7,0.87,11.4,247,8.5,19.4,421,14.5,8.0,137,4.7,634,21.9,14
Central Connecticut State,30,11,19,36.7,2140.0,71.3,49.5,98.9,781,1794,43.5,386,538,71.7,169,504,33.5,48.2,51.6,30.0,57.8,18.2,23.9,0.99,2117,70.6,46.3,1036,34.5,28.9,316,10.5,63.7,720,24.0,117,3.9,50.1,391,13.0,0.93,9.7,207,6.9,19.6,420,14.0,7.9,146,4.9,557,18.6,15
Central Michigan,31,10,21,32.3,2074.0,66.9,52.2,108.3,766,1767,43.4,465,655,71.0,249,777,32.0,50.4,54.0,37.1,46.0,20.7,33.3,1.08,2246,72.5,49.4,971,31.3,30.1,330,10.6,68.8,641,20.7,110,3.5,48.4,371,12.0,1.12,11.2,232,7.5,16.0,331,10.7,2.2,36,1.2,561,18.1,8
Charleston Southern,31,13,18,41.9,2170.0,70.0,55.4,116.3,859,1876,45.8,503,689,73.0,302,789,38.3,53.8,57.3,36.7,44.2,19.9,35.9,1.16,2523,81.4,52.1,1160,37.4,32.6,366,11.8,71.5,794,25.6,105,3.4,49.4,424,13.7,1.27,9.3,202,6.5,15.4,334,10.8,5.0,88,2.8,565,18.2,9
Charlotte,29,16,13,55.2,2031.0,70.0,52.6,101.9,739,1658,44.6,422,644,65.5,170,483,35.2,49.7,52.7,38.8,55.0,20.4,24.6,1.02,2070,71.4,52.3,1109,38.2,34.4,359,12.4,70.2,750,25.9,87,3.0,54.1,400,13.8,0.93,8.9,181,6.2,21.1,428,14.8,4.4,75,2.6,525,18.1,18
Chattanooga,32,18,14,56.3,2272.0,71.0,53.9,106.6,810,1852,43.7,597,845,70.7,206,620,33.2,49.3,53.8,45.6,49.9,24.6,25.5,1.07,2423,75.7,51.7,1191,37.2,35.3,419,13.1,68.0,772,24.1,108,3.4,46.7,378,11.8,0.88,10.1,230,7.2,18.9,430,13.4,8.6,160,5.0,617,19.3,10
Chicago State,31,13,18,41.9,2203.0,71.1,49.1,98.5,766,1825,42.0,426,632,67.4,212,628,33.8,47.8,51.1,34.6,51.1,19.6,29.3,0.99,2170,70.0,45.1,973,31.4,26.8,316,10.2,63.4,657,21.2,101,3.3,45.3,347,11.2,0.91,12.3,270,8.7,17.2,380,12.3,4.8,81,2.6,709,22.9,25
Cincinnati,31,26,5,83.9,1980.0,63.9,55.8,108.6,740,1730,42.8,489,683,71.6,182,545,33.4,48.0,52.4,39.5,51.9,22.7,25.4,1.09,2151,69.4,53.5,1128,36.4,39.2,418,13.5,67.7,710,22.9,102,3.3,53.6,397,12.8,1.15,12.5,247,8.0,17.4,344,11.1,10.6,170,5.5,545,17.6,10
Citadel,33,7,26,21.2,2210.0,67.0,48.4,100.0,764,1778,43.0,473,655,72.2,210,582,36.1,48.9,52.9,36.8,50.1,21.4,28.5,1.0,2211,67.0,46.8,1092,33.1,26.7,295,8.9,66.8,797,24.2,100,3.0,57.9,442,13.4,1.07,6.2,137,4.2,18.6,412,12.5,4.9,95,2.9,630,19.1,15
Clemson,30,19,11,63.3,1833.0,61.1,52.8,103.4,659,1580,41.7,421,574,73.3,157,514,30.5,46.7,51.2,36.3,53.0,22.2,24.8,1.03,1896,63.2,51.6,1076,35.9,34.9,351,11.7,68.3,725,24.2,86,2.9,47.0,310,10.3,0.93,7.9,144,4.8,18.1,332,11.1,10.8,175,5.8,475,15.8,9
Cleveland State,32,21,11,65.6,2098.0,65.6,53.9,111.9,813,1726,47.1,487,649,75.0,235,575,40.9,53.9,57.7,37.6,49.2,20.7,30.0,1.12,2348,73.4,50.7,1082,33.8,33.5,336,10.5,67.9,746,23.3,88,2.8,55.8,454,14.2,1.12,9.2,192,6.0,19.3,404,12.6,6.5,111,3.5,630,19.7,21
Coastal Carolina,33,21,12,63.6,2299.0,69.7,53.2,104.3,840,1919,43.8,516,744,69.4,203,609,33.3,49.1,52.8,38.8,53.1,21.5,25.4,1.04,2399,72.7,53.0,1308,39.6,35.6,429,13.0,70.3,879,26.6,124,3.8,41.5,349,10.6,0.75,9.2,211,6.4,20.2,465,14.1,5.0,94,2.8,649,19.7,18
Colgate,31,13,18,41.9,1979.0,63.8,50.8,109.0,785,1622,48.4,328,459,71.5,260,657,39.6,56.4,58.6,28.3,48.7,15.2,36.1,1.09,2158,69.6,47.9,954,30.8,23.9,220,7.1,71.8,734,23.7,86,2.8,56.1,440,14.2,1.24,7.2,143,4.6,17.9,355,11.5,4.2,70,2.3,530,17.1,5
College of Charleston,32,14,18,43.8,2020.0,63.1,51.7,99.8,709,1719,41.2,389,593,65.6,209,613,34.1,47.3,50.4,34.5,49.6,19.3,31.1,1.0,2016,63.0,53.8,1213,37.9,35.1,392,12.3,72.4,821,25.7,121,3.8,45.7,324,10.1,0.79,7.4,149,4.7,20.2,409,12.8,7.8,132,4.1,595,18.6,24
Colorado,31,21,10,67.7,2130.0,68.7,52.7,105.5,738,1676,44.0,607,839,72.3,165,516,32.0,49.0,54.2,50.1,51.0,27.0,22.0,1.06,2248,72.5,54.4,1175,37.9,34.7,364,11.7,74.1,811,26.2,57,1.8,50.0,369,11.9,0.89,9.2,195,6.3,19.4,414,13.4,6.2,110,3.5,524,16.9,7
Colorado State,32,16,16,50.0,2104.0,65.8,56.2,111.5,770,1798,42.8,637,877,72.6,170,522,32.6,47.6,53.0,48.8,51.1,27.1,21.7,1.12,2347,73.3,54.0,1202,37.6,34.9,405,12.7,73.1,797,24.9,108,3.4,52.6,405,12.7,1.38,7.6,159,5.0,13.9,293,9.2,5.9,103,3.2,591,18.5,30
Columbia,31,19,12,61.3,1966.0,63.4,49.4,107.7,678,1521,44.6,515,669,77.0,246,648,38.0,52.7,57.6,44.0,40.8,24.3,34.9,1.08,2117,68.3,51.2,1026,33.1,28.3,262,8.5,74.0,764,24.6,95,3.1,54.7,371,12.0,0.97,8.0,158,5.1,19.4,381,12.3,5.7,91,2.9,583,18.8,8
Connecticut,31,24,7,77.4,2063.0,66.5,52.4,109.2,760,1704,44.6,511,670,76.3,221,576,38.4,51.1,55.7,39.3,47.9,22.7,29.4,1.09,2252,72.6,49.1,1098,35.4,31.3,318,10.3,66.9,780,25.2,123,4.0,51.2,389,12.5,1.1,10.8,223,7.2,17.2,354,11.4,10.8,190,6.1,566,18.3,11
Coppin State,31,12,19,38.7,2127.0,68.6,49.2,101.9,700,1776,39.4,538,731,73.6,229,701,32.7,45.9,51.0,41.2,43.5,24.8,31.7,1.02,2167,69.9,47.1,1042,33.6,30.5,357,11.5,63.7,685,22.1,106,3.4,52.0,364,11.7,0.98,8.7,186,6.0,17.4,371,12.0,3.8,68,2.2,528,17.0,8
Cornell,28,2,26,7.1,1841.0,65.8,49.0,97.5,652,1588,41.1,299,450,66.4,192,603,31.8,47.1,49.8,28.3,51.3,16.7,32.1,0.98,1795,64.1,48.2,880,31.4,28.5,292,10.4,67.8,588,21.0,87,3.1,46.0,300,10.7,0.89,6.4,117,4.2,18.3,337,12.0,5.2,78,2.8,581,20.8,14
Creighton,30,24,6,80.0,1984.0,66.1,55.0,120.8,827,1667,49.6,434,579,75.0,309,735,42.0,58.9,61.7,34.7,43.2,18.1,38.7,1.21,2397,79.9,50.3,1042,34.7,27.8,255,8.5,72.8,787,26.2,87,2.9,65.1,538,17.9,1.79,6.5,128,4.3,15.1,300,10.0,2.5,43,1.4,530,17.7,6
Dartmouth,28,12,16,42.9,1811.0,64.7,52.5,105.2,673,1516,44.4,385,561,68.6,174,459,37.9,50.1,53.4,37.0,52.4,20.2,27.4,1.05,1905,68.0,52.6,927,33.1,31.9,300,10.7,73.2,627,22.4,55,2.0,52.3,352,12.6,1.05,9.2,166,5.9,18.6,336,12.0,6.3,86,3.1,561,20.0,7
Davidson,32,20,12,62.5,2206.0,68.9,54.1,114.0,868,1810,48.0,514,722,71.2,264,697,37.9,55.2,58.4,39.9,48.1,20.4,31.5,1.14,2514,78.6,50.4,1054,32.9,29.1,311,9.7,71.6,743,23.2,85,2.7,50.3,437,13.7,1.19,7.9,174,5.4,16.7,368,11.5,3.3,58,1.8,641,20.0,21
Dayton,31,22,9,71.0,2049.0,66.1,55.7,110.7,790,1710,46.2,487,707,68.9,201,536,37.5,52.1,55.4,41.3,51.9,21.5,26.6,1.11,2268,73.2,53.6,1092,35.2,35.9,373,12.0,71.2,719,23.2,107,3.5,51.1,404,13.0,1.07,8.9,182,5.9,18.4,378,12.2,5.4,86,2.8,625,20.2,6
Delaware,34,25,9,73.5,2417.0,71.1,54.4,111.9,916,2053,44.6,628,886,70.9,244,707,34.5,50.6,54.7,43.2,49.7,23.2,27.1,1.12,2704,79.5,48.4,1240,36.5,29.5,378,11.1,67.3,862,25.4,121,3.6,40.4,370,10.9,1.13,8.4,204,6.0,13.5,326,9.6,5.9,122,3.6,641,18.9,16
Delaware State,30,9,21,30.0,1855.0,61.8,50.0,99.6,646,1529,42.2,399,579,68.9,156,485,32.2,47.4,51.2,37.9,53.1,21.6,25.3,1.0,1847,61.6,47.9,942,31.4,30.2,296,9.9,65.6,646,21.5,105,3.5,56.8,367,12.2,1.03,8.2,152,5.1,19.1,355,11.8,6.9,106,3.5,542,18.1,4
Denver,31,16,15,51.6,1865.0,60.2,50.9,109.6,711,1535,46.3,369,520,71.0,253,654,38.7,54.6,57.4,33.9,44.8,18.1,37.1,1.1,2044,65.9,45.9,808,26.1,24.8,226,7.3,66.9,582,18.8,65,2.1,65.5,466,15.0,1.52,11.6,217,7.0,16.5,307,9.9,7.1,102,3.3,620,20.0,20
DePaul,32,12,20,37.5,2194.0,68.6,51.9,101.5,761,1793,42.4,517,758,68.2,189,558,33.9,47.7,51.7,42.3,51.3,23.2,25.4,1.02,2228,69.6,51.0,1093,34.2,33.9,395,12.3,68.1,698,21.8,120,3.8,46.3,352,11.0,0.81,9.8,216,6.8,19.9,436,13.6,8.1,139,4.3,698,21.8,17
Detroit,32,13,19,40.6,2218.0,69.3,51.8,102.6,778,1863,41.8,528,724,72.9,191,595,32.1,46.9,51.5,38.9,51.6,23.2,25.2,1.03,2275,71.1,51.9,1174,36.7,34.1,399,12.5,69.6,775,24.2,94,2.9,47.6,370,11.6,0.91,10.6,235,7.3,18.4,408,12.8,8.5,146,4.6,681,21.3,12
Drake,31,15,16,48.4,2004.0,64.6,50.1,105.6,720,1592,45.2,437,612,71.4,239,603,39.6,52.7,56.2,38.4,45.5,20.7,33.9,1.06,2116,68.3,50.3,1009,32.5,27.2,263,8.5,73.3,746,24.1,80,2.6,54.9,395,12.7,1.07,8.5,171,5.5,18.5,370,11.9,4.1,67,2.2,571,18.4,8
Drexel,30,16,14,53.3,1972.0,63.6,52.7,104.7,718,1707,42.1,474,669,70.9,154,491,31.4,46.6,51.0,39.2,54.7,23.0,22.4,1.05,2064,68.8,49.6,1071,35.7,28.9,315,10.5,70.3,756,25.2,106,3.5,49.2,353,11.8,1.38,6.9,137,4.6,12.9,255,8.5,7.3,117,3.9,638,21.3,28
Duke,31,24,7,77.4,2059.0,66.4,57.4,120.1,833,1791,46.5,524,718,73.0,283,720,39.3,54.4,58.0,40.1,44.5,21.2,34.3,1.2,2473,79.8,51.7,1077,34.7,34.7,369,11.9,68.7,708,22.8,88,2.8,55.1,459,14.8,1.51,10.7,221,7.1,14.8,304,9.8,6.0,100,3.2,599,19.3,12
Duquesne,29,13,16,44.8,1981.0,68.3,52.9,107.8,724,1635,44.3,476,709,67.1,212,576,36.8,50.8,54.2,43.4,47.9,22.3,29.8,1.08,2136,73.7,50.6,1026,35.4,29.9,312,10.8,71.3,714,24.6,95,3.3,61.0,442,15.2,1.37,8.5,168,5.8,16.3,322,11.1,4.9,81,2.8,519,17.9,12
East Carolina,33,17,16,51.5,2197.0,66.6,52.3,110.1,789,1783,44.3,555,780,71.2,285,763,37.4,52.2,56.1,43.7,41.7,23.0,35.4,1.1,2418,73.3,48.3,1121,34.0,31.0,344,10.4,65.5,777,23.5,103,3.1,57.0,450,13.6,1.17,9.5,209,6.3,17.5,385,11.7,5.5,106,3.2,575,17.4,18
East Tennessee State,33,18,15,54.5,2371.0,71.8,50.4,106.8,823,1913,43.0,625,836,74.8,262,719,36.4,49.9,54.8,43.7,44.3,24.7,31.0,1.07,2533,76.8,47.9,1147,34.8,28.2,339,10.3,67.6,808,24.5,98,3.0,49.2,405,12.3,1.03,10.7,253,7.7,16.6,394,11.9,5.1,98,3.0,661,20.0,28
Eastern Illinois,30,11,19,36.7,1992.0,66.4,51.0,101.9,703,1598,44.0,472,660,71.5,152,476,31.9,48.7,53.1,41.3,54.3,23.3,22.5,1.02,2030,67.7,50.0,971,32.4,31.6,315,10.5,68.3,656,21.9,97,3.2,51.1,359,12.0,0.9,8.6,171,5.7,20.0,399,13.3,9.1,144,4.8,576,19.2,9
Eastern Kentucky,33,24,9,72.7,2237.0,67.8,52.0,116.6,859,1753,49.0,587,782,75.1,303,776,39.0,57.6,61.4,44.6,42.6,22.5,34.9,1.17,2608,79.0,45.4,865,26.2,23.7,235,7.1,67.0,630,19.1,90,2.7,56.3,484,14.7,1.38,13.0,291,8.8,15.7,352,10.7,4.2,66,2.0,686,20.8,20
Eastern Michigan,33,20,13,60.6,2197.0,66.6,51.4,100.0,740,1795,41.2,552,816,67.6,162,531,30.5,45.7,50.3,45.5,52.6,25.1,22.1,1.0,2196,66.5,48.1,1192,36.1,32.5,389,11.8,63.6,803,24.3,128,3.9,48.5,359,10.9,0.89,12.9,283,8.6,18.3,403,12.2,11.0,198,6.0,617,18.7,18
Eastern Washington,31,15,16,48.4,2164.0,69.8,52.8,109.1,813,1791,45.4,485,700,69.3,251,677,37.1,52.4,55.6,39.1,47.6,20.5,31.9,1.09,2362,76.2,50.6,1133,36.5,30.2,329,10.6,71.0,804,25.9,85,2.7,51.3,417,13.5,1.12,6.8,147,4.7,17.2,373,12.0,7.3,133,4.3,603,19.5,14
Elon,32,18,14,56.3,2188.0,68.4,51.8,109.3,837,1789,46.8,462,639,72.3,256,683,37.5,53.9,57.2,35.7,48.6,19.3,32.1,1.09,2392,74.8,48.4,1086,33.9,27.8,290,9.1,69.0,796,24.9,93,2.9,52.8,442,13.8,1.15,7.4,161,5.0,17.6,386,12.1,5.1,93,2.9,576,18.0,12
Evansville,33,14,19,42.4,2219.0,67.2,50.2,103.2,775,1672,46.4,596,830,71.8,144,398,36.2,50.7,55.4,49.6,55.1,26.0,18.9,1.03,2290,69.4,47.3,1057,32.0,26.8,276,8.4,67.7,781,23.7,114,3.5,62.6,485,14.7,1.15,7.5,166,5.0,19.1,423,12.8,6.7,124,3.8,623,18.9,12
Fairfield,32,7,25,21.9,2150.0,67.2,47.4,94.4,697,1753,39.8,416,607,68.5,220,660,33.3,46.0,49.7,34.6,47.0,20.5,32.5,0.94,2030,63.4,50.7,1134,35.4,30.5,356,11.1,70.9,778,24.3,102,3.2,51.6,360,11.3,0.77,6.6,141,4.4,21.8,469,14.7,7.1,117,3.7,734,22.9,27
Fairleigh Dickinson,31,10,21,32.3,2094.0,67.5,50.2,103.0,742,1766,42.0,447,621,72.0,226,636,35.5,48.4,52.3,35.2,47.8,20.7,31.4,1.03,2157,69.6,45.7,980,31.6,30.0,328,10.6,61.4,652,21.0,93,3.0,45.7,339,10.9,0.93,10.0,209,6.7,17.4,364,11.7,7.1,122,3.9,660,21.3,21
Florida,31,29,2,93.5,1969.0,65.6,56.7,112.5,760,1643,46.3,487,724,67.3,209,582,35.9,52.6,55.8,44.1,49.7,22.0,28.3,1.13,2216,71.5,53.6,1116,36.0,36.6,370,11.9,70.5,746,24.1,93,3.0,55.1,419,13.5,1.2,11.1,218,7.0,17.8,350,11.3,5.7,91,2.9,496,16.0,7
Florida A&M,31,14,17,45.2,2246.0,72.5,52.1,98.6,786,1951,40.3,434,666,65.2,207,618,33.5,45.6,48.8,34.1,52.3,19.6,28.0,0.99,2214,71.4,50.4,1222,39.4,36.2,465,15.0,64.6,757,24.4,133,4.3,44.9,353,11.4,0.78,10.0,225,7.3,20.1,452,14.6,7.4,130,4.2,742,23.9,21
Florida Atlantic,32,10,22,31.3,2097.0,67.6,52.5,101.1,747,1760,42.4,416,647,64.3,210,629,33.4,48.4,51.3,36.8,50.7,19.6,29.7,1.01,2120,66.3,50.9,1180,36.9,34.6,396,12.4,67.1,784,24.5,130,4.1,50.9,380,11.9,0.91,7.2,151,4.7,19.9,417,13.0,8.2,147,4.6,600,18.8,15
Florida Gulf Coast,34,22,12,64.7,2336.0,68.7,52.5,104.9,893,1905,46.9,471,699,67.4,194,589,32.9,52.0,54.8,36.7,57.0,19.2,23.7,1.05,2451,72.1,50.9,1250,36.8,29.9,339,10.0,71.8,911,26.8,88,2.6,49.0,438,12.9,0.99,8.3,195,5.7,18.9,441,13.0,6.4,124,3.6,611,18.0,11
Florida International,31,15,16,48.4,2099.0,67.7,52.5,101.4,754,1681,44.9,468,698,67.0,152,481,31.6,49.4,52.9,41.5,56.6,22.0,21.4,1.01,2128,68.6,50.5,1117,36.0,33.7,357,11.5,67.2,760,24.5,102,3.3,44.6,336,10.8,0.77,10.5,221,7.1,20.8,436,14.1,7.3,130,4.2,560,18.1,16
Florida State,30,18,12,60.0,1994.0,66.5,53.2,107.1,733,1575,46.5,511,704,72.6,158,425,37.2,51.6,55.9,44.7,53.9,23.9,22.2,1.07,2135,71.2,49.0,1047,34.9,34.4,325,10.8,63.6,722,24.1,92,3.1,45.2,331,11.0,0.8,9.0,179,6.0,20.7,413,13.8,9.6,166,5.5,545,18.2,17
Fordham,30,10,20,33.3,2082.0,69.4,53.0,103.3,740,1876,39.4,461,630,73.2,209,689,30.3,45.0,49.4,33.6,49.4,21.4,29.2,1.03,2150,71.7,49.8,1119,37.3,35.6,435,14.5,64.0,684,22.8,85,2.8,48.9,362,12.1,1.06,9.7,202,6.7,16.5,343,11.4,6.9,121,4.0,596,19.9,19
Fresno State,32,17,15,53.1,2162.0,67.6,51.7,108.3,792,1814,43.7,513,706,72.7,245,688,35.6,50.4,54.5,38.9,46.7,21.9,31.4,1.08,2342,73.2,48.1,1107,34.6,27.1,307,9.6,69.1,800,25.0,98,3.1,49.1,389,12.2,1.25,9.6,208,6.5,14.4,312,9.8,7.4,135,4.2,615,19.2,22
Furman,30,9,21,30.0,1972.0,65.7,48.8,99.1,680,1540,44.2,431,633,68.1,164,492,33.3,49.5,53.1,41.1,52.8,22.0,25.2,0.99,1955,65.2,47.1,940,31.3,27.9,270,9.0,66.3,670,22.3,97,3.2,42.4,288,9.6,0.71,7.5,147,4.9,20.6,407,13.6,4.9,85,2.8,509,17.0,6
Gardner-Webb,33,18,15,54.5,2287.0,67.3,54.3,106.0,848,1895,44.7,554,807,68.6,175,516,33.9,49.4,53.2,42.6,55.5,22.8,21.6,1.06,2425,73.5,51.7,1182,35.8,33.7,401,12.2,69.6,781,23.7,116,3.5,58.7,498,15.1,1.23,11.0,252,7.6,17.7,405,12.3,5.6,104,3.2,607,18.4,13
George Mason,31,11,20,35.5,2123.0,68.5,51.2,101.5,756,1719,44.0,489,690,70.9,153,435,35.2,48.4,52.6,40.1,56.0,22.7,21.3,1.01,2154,69.5,50.9,1074,34.6,31.7,340,11.0,70.1,734,23.7,123,4.0,44.8,339,10.9,0.81,7.7,163,5.3,19.8,421,13.6,6.4,108,3.5,649,20.9,19
George Washington,30,23,7,76.7,2047.0,68.2,55.2,107.9,764,1649,46.3,510,777,65.6,171,468,36.5,51.5,54.7,47.1,53.7,23.1,23.2,1.08,2209,73.6,52.2,1129,37.6,35.2,359,12.0,69.1,770,25.7,80,2.7,55.2,422,14.1,1.1,10.2,209,7.0,18.8,384,12.8,7.4,127,4.2,544,18.1,9
Georgetown,31,17,14,54.8,2024.0,65.3,53.2,107.6,749,1630,46.0,515,719,71.6,164,502,32.7,51.0,55.2,44.1,53.7,23.7,22.6,1.08,2177,70.2,49.7,1041,33.6,31.8,314,10.1,67.6,727,23.5,84,2.7,54.3,407,13.1,1.11,9.0,183,5.9,18.2,368,11.9,8.3,134,4.3,677,21.8,25
Georgia,30,18,12,60.0,1970.0,65.7,53.9,105.4,687,1556,44.2,552,820,67.3,150,422,35.5,49.0,53.4,52.7,51.7,26.6,21.7,1.05,2076,69.2,52.9,1126,37.5,35.6,361,12.0,70.2,765,25.5,109,3.6,45.6,313,10.4,0.81,7.4,145,4.8,19.6,387,12.9,8.7,143,4.8,566,18.9,8
Georgia Southern,34,15,19,44.1,2307.0,67.9,52.0,104.3,840,1927,43.6,484,731,66.2,242,716,33.8,49.9,52.9,37.9,49.7,20.1,30.2,1.04,2406,70.8,50.4,1197,35.2,30.4,372,10.9,70.3,825,24.3,115,3.4,38.9,327,9.6,0.81,10.1,233,6.9,17.6,405,11.9,2.9,56,1.6,589,17.3,13
Georgia State,31,24,7,77.4,2077.0,67.0,53.8,116.6,823,1746,47.1,542,702,77.2,234,613,38.2,53.8,58.2,40.2,48.6,22.4,29.0,1.17,2422,78.1,45.8,977,31.5,25.8,257,8.3,65.8,720,23.2,73,2.4,50.4,415,13.4,1.6,11.8,246,7.9,12.5,260,8.4,8.7,151,4.9,539,17.4,13
Georgia Tech,32,16,16,50.0,2095.0,65.5,52.0,101.9,772,1782,43.3,424,616,68.8,167,532,31.4,48.0,51.5,34.6,56.7,19.9,23.5,1.02,2135,66.7,52.1,1150,35.9,32.4,356,11.1,71.7,794,24.8,76,2.4,55.1,425,13.3,1.09,7.9,166,5.2,18.6,389,12.2,7.6,134,4.2,565,17.7,11
Gonzaga,34,28,6,82.4,2270.0,68.8,55.8,115.2,925,1859,49.8,525,739,71.0,240,609,39.4,56.2,59.2,39.8,52.4,20.1,27.5,1.15,2615,76.9,50.6,1215,35.7,30.7,325,9.6,70.4,890,26.2,98,2.9,53.9,499,14.7,1.3,10.0,227,6.7,16.9,383,11.3,7.2,136,4.0,617,18.1,11
Grambling State,29,5,24,17.2,2000.0,69.0,48.1,95.2,647,1576,41.1,430,645,66.7,179,554,32.3,46.7,50.5,40.9,49.2,22.6,28.2,0.95,1903,65.6,47.7,904,31.2,30.8,318,11.0,64.5,586,20.2,100,3.4,46.5,301,10.4,0.7,8.9,177,6.1,21.6,432,14.9,3.7,60,2.1,557,19.2,16
Grand Canyon,29,15,14,51.7,1976.0,68.1,49.7,106.1,650,1505,43.2,601,810,74.2,195,566,34.5,49.7,55.5,53.8,43.4,28.7,27.9,1.06,2096,72.3,50.1,1031,35.6,28.6,278,9.6,71.5,753,26.0,100,3.4,56.6,368,12.7,1.01,6.0,118,4.1,18.4,364,12.6,4.9,81,2.8,587,20.2,18
Green Bay,30,24,6,80.0,2045.0,68.2,55.3,109.5,789,1668,47.3,514,728,70.6,147,411,35.8,51.7,55.6,43.6,57.3,23.0,19.7,1.09,2239,74.6,51.4,1111,37.0,34.1,339,11.3,68.6,772,25.7,96,3.2,58.7,463,15.4,1.24,10.5,215,7.2,18.2,372,12.4,12.8,220,7.3,501,16.7,8
Hampton,30,18,12,60.0,2201.0,73.4,51.3,99.8,728,1735,42.0,576,880,65.5,165,520,31.7,46.7,51.0,50.7,51.3,26.2,22.5,1.0,2197,73.2,49.8,1155,38.5,33.9,393,13.1,65.6,762,25.4,108,3.6,49.6,361,12.0,0.8,10.5,231,7.7,20.4,450,15.0,10.7,180,6.0,707,23.6,28
Hartford,33,17,16,51.5,2108.0,63.9,46.9,102.6,731,1593,45.9,435,619,70.3,265,704,37.6,54.2,57.3,38.9,43.1,20.1,36.8,1.03,2162,65.5,46.0,909,27.5,24.0,230,7.0,68.0,679,20.6,74,2.2,55.0,402,12.2,0.88,8.8,185,5.6,21.7,458,13.9,4.1,68,2.1,632,19.2,14
Harvard,30,26,4,86.7,1969.0,65.6,54.9,112.2,745,1594,46.7,547,753,72.6,172,444,38.7,52.1,56.6,47.2,51.9,24.8,23.4,1.12,2209,73.6,52.0,1027,34.2,33.1,318,10.6,70.9,709,23.6,93,3.1,58.0,432,14.4,1.26,11.9,235,7.8,17.4,342,11.4,9.6,149,5.0,534,17.8,11
Hawaii,30,20,10,66.7,2099.0,70.0,57.6,114.1,838,1770,47.3,549,761,72.1,170,506,33.6,52.1,56.2,43.0,55.8,22.9,21.3,1.14,2395,79.8,53.6,1085,36.2,38.0,386,12.9,69.1,699,23.3,96,3.2,50.2,421,14.0,1.19,8.8,184,6.1,16.9,355,11.8,6.3,107,3.6,581,19.4,11
High Point,30,16,14,53.3,1972.0,65.7,53.2,107.6,777,1644,47.3,393,535,73.5,175,459,38.1,52.6,55.9,32.5,56.7,18.5,24.7,1.08,2122,70.7,48.9,954,31.8,30.5,289,9.6,67.2,665,22.2,97,3.2,56.2,437,14.6,1.21,9.2,181,6.0,18.3,361,12.0,6.4,107,3.6,507,16.9,10
Hofstra,33,10,23,30.3,2164.0,65.6,53.3,104.4,750,1788,41.9,531,806,65.9,229,685,33.4,48.4,52.1,45.1,46.1,23.5,30.4,1.04,2260,68.5,52.3,1195,36.2,35.5,419,12.7,69.1,776,23.5,98,3.0,47.3,355,10.8,0.87,7.3,159,4.8,18.8,406,12.3,5.8,106,3.2,646,19.6,31
Holy Cross,32,19,13,59.4,2057.0,64.3,50.7,104.2,722,1680,43.0,498,685,72.7,201,574,35.0,49.0,53.4,40.8,48.6,23.2,28.1,1.04,2143,67.0,51.7,1058,33.1,30.8,320,10.0,72.5,738,23.1,107,3.3,50.0,361,11.3,0.96,9.3,191,6.0,18.3,376,11.8,7.2,122,3.8,548,17.1,7
Houston,31,16,15,51.6,2087.0,67.3,52.9,106.0,783,1709,45.8,450,669,67.3,196,539,36.4,51.6,54.6,39.1,53.1,20.3,26.6,1.06,2212,71.4,48.4,1064,34.3,31.0,327,10.5,65.8,737,23.8,104,3.4,58.4,457,14.7,1.17,8.2,171,5.5,18.7,391,12.6,9.4,172,5.5,564,18.2,6
Houston Baptist,31,6,25,19.4,2194.0,70.8,49.0,95.3,737,1733,42.5,460,674,68.2,157,456,34.4,47.1,50.9,38.9,55.5,22.0,22.5,0.95,2091,67.5,49.1,1111,35.8,30.9,350,11.3,67.2,761,24.5,94,3.0,52.2,385,12.4,0.8,7.2,157,5.1,22.1,484,15.6,3.7,67,2.2,662,21.4,16
Howard,33,8,25,24.2,2240.0,67.9,45.9,90.2,639,1690,37.8,567,835,67.9,175,519,33.7,43.0,48.4,49.4,45.9,28.1,26.0,0.9,2020,61.2,48.1,1096,33.2,32.6,385,11.7,63.5,711,21.5,139,4.2,40.8,261,7.9,0.48,9.2,207,6.3,24.1,540,16.4,7.6,131,4.0,726,22.0,27
Idaho,31,14,17,45.2,2108.0,68.0,53.3,107.2,772,1722,44.8,517,759,68.1,198,559,35.4,50.6,54.2,44.1,50.8,22.9,26.3,1.07,2259,72.9,50.4,1074,34.6,32.2,339,10.9,68.5,735,23.7,108,3.5,45.9,354,11.4,0.98,6.2,131,4.2,17.2,362,11.7,3.3,58,1.9,647,20.9,20
Idaho State,29,11,18,37.9,1893.0,65.3,54.6,108.5,694,1547,44.9,500,701,71.3,166,453,36.6,50.2,54.6,45.3,51.4,24.3,24.2,1.09,2054,70.8,52.4,1012,34.9,35.7,347,12.0,69.1,665,22.9,107,3.7,49.3,342,11.8,0.95,11.1,211,7.3,19.0,360,12.4,5.0,78,2.7,525,18.1,17
Illinois,31,18,13,58.1,1965.0,63.4,51.1,102.1,709,1736,40.8,400,552,72.5,188,592,31.8,46.3,50.2,31.8,51.9,19.9,28.1,1.02,2006,64.7,50.8,1056,34.1,31.9,345,11.1,69.7,711,22.9,82,2.6,44.3,314,10.1,0.96,9.7,190,6.1,16.6,327,10.5,7.0,115,3.7,532,17.2,6
Illinois State,31,16,15,51.6,2129.0,68.7,47.7,100.3,705,1719,41.0,495,699,70.8,230,722,31.9,47.7,52.0,40.7,44.5,23.2,32.3,1.0,2135,68.9,48.0,1064,34.3,27.0,300,9.7,68.9,764,24.6,115,3.7,53.8,379,12.2,0.98,11.5,244,7.9,18.1,386,12.5,8.5,143,4.6,641,20.7,20
Incarnate Word,27,21,6,77.8,1992.0,73.8,54.6,111.2,771,1581,48.8,471,688,68.5,203,522,38.9,55.2,58.1,43.5,51.3,21.3,27.5,1.11,2216,82.1,51.4,1070,39.6,32.2,301,11.1,70.6,769,28.5,91,3.4,55.3,426,15.8,1.12,8.9,177,6.6,19.2,382,14.1,6.8,115,4.3,480,17.8,7
Indiana,31,17,14,54.8,2144.0,69.2,53.2,105.3,762,1691,45.1,564,774,72.9,170,493,34.5,50.1,54.8,45.8,52.4,25.0,22.6,1.05,2258,72.8,54.7,1207,38.9,37.3,385,12.4,72.0,822,26.5,97,3.1,46.3,353,11.4,0.76,8.7,187,6.0,21.7,466,15.0,7.5,134,4.3,569,18.4,6
Indiana State,33,23,10,69.7,2182.0,66.1,51.2,107.5,790,1741,45.4,552,766,72.1,213,610,34.9,51.5,55.7,44.0,49.2,23.5,27.2,1.07,2345,71.1,50.3,1097,33.2,27.4,291,8.8,73.1,806,24.4,100,3.0,54.2,428,13.0,1.16,8.8,191,5.8,17.0,370,11.2,6.7,117,3.5,625,18.9,5
Iona,32,22,10,68.8,2276.0,71.1,53.9,117.4,915,1880,48.7,512,720,71.1,330,834,39.6,57.4,60.1,38.3,43.8,19.2,37.1,1.17,2672,83.5,45.4,1058,33.1,26.2,280,8.8,64.5,778,24.3,104,3.3,60.8,556,17.4,1.65,9.3,212,6.6,14.8,337,10.5,5.8,118,3.7,566,17.7,11
Iowa,31,20,11,64.5,2213.0,71.4,58.4,115.8,875,1863,47.0,631,865,72.9,181,505,35.8,51.8,56.3,46.4,54.2,24.6,21.2,1.16,2562,82.6,54.4,1264,40.8,37.9,420,13.5,70.9,844,27.2,83,2.7,57.7,505,16.3,1.43,10.2,225,7.3,16.0,354,11.4,8.5,157,5.1,559,18.0,11
Iowa State,30,23,7,76.7,2206.0,73.5,54.0,112.2,875,1872,46.7,479,695,68.9,247,729,33.9,53.3,56.2,37.1,50.7,19.3,29.9,1.12,2476,82.5,49.6,1173,39.1,27.7,305,10.2,71.5,868,28.9,82,2.7,63.8,558,18.6,1.78,8.2,180,6.0,14.2,313,10.4,4.8,92,3.1,522,17.4,14
IPFW,34,24,10,70.6,2282.0,67.1,55.3,113.2,902,1846,48.9,509,764,66.6,269,683,39.4,56.1,58.5,41.4,49.0,19.7,31.2,1.13,2583,76.0,52.6,1152,33.9,33.0,352,10.4,72.2,800,23.5,100,2.9,54.1,488,14.4,1.15,10.3,234,6.9,18.5,423,12.4,4.6,87,2.6,568,16.7,10
IUPUI,32,6,26,18.8,2144.0,67.0,48.8,99.2,782,1784,43.8,422,569,74.2,140,450,31.1,47.8,51.7,31.9,60.4,19.8,19.8,0.99,2126,66.4,47.0,995,31.1,24.3,261,8.2,69.6,734,22.9,74,2.3,42.6,333,10.4,0.94,7.5,161,5.0,16.5,354,11.1,5.3,98,3.1,516,16.1,7
Jackson State,31,11,20,35.5,2121.0,68.4,49.6,96.2,711,1707,41.7,498,688,72.4,121,413,29.3,45.2,50.2,40.3,57.8,24.4,17.8,0.96,2041,65.8,51.6,1092,35.2,33.4,367,11.8,69.7,725,23.4,86,2.8,41.6,296,9.5,0.64,8.9,188,6.1,21.9,465,15.0,6.4,100,3.2,711,22.9,27
Jacksonville,30,12,18,40.0,2121.0,70.7,52.3,105.2,756,1729,43.7,531,749,70.9,188,553,34.0,49.2,53.5,43.3,50.9,23.8,25.3,1.05,2231,74.4,48.8,1027,34.2,32.8,362,12.1,64.8,665,22.2,61,2.0,52.0,393,13.1,0.96,10.4,220,7.3,19.3,409,13.6,6.0,105,3.5,565,18.8,11
Jacksonville State,31,10,21,32.3,1975.0,65.8,51.5,102.0,685,1633,41.9,469,695,67.5,175,541,32.3,47.3,51.3,42.6,50.6,23.3,26.1,1.02,2014,65.0,48.9,950,30.6,31.3,336,10.8,66.5,614,19.8,98,3.2,53.4,366,11.8,1.04,9.9,195,6.3,17.8,351,11.3,7.1,110,3.5,601,19.4,15
James Madison,31,11,20,35.5,2015.0,65.0,49.0,97.3,647,1582,40.9,514,750,68.5,151,553,27.3,45.7,50.6,47.4,50.6,26.2,23.1,0.97,1961,63.3,48.9,1045,33.7,29.6,314,10.1,68.2,731,23.6,103,3.3,42.0,272,8.8,0.72,9.0,182,5.9,18.8,379,12.2,5.8,96,3.1,607,19.6,20
Kansas,31,23,8,74.2,2138.0,69.0,57.5,115.4,850,1711,49.7,592,838,70.6,175,501,34.9,54.8,58.5,49.0,54.7,24.0,21.3,1.15,2467,79.6,53.9,1177,38.0,37.5,368,11.9,70.2,809,26.1,72,2.3,55.9,475,15.3,1.16,8.6,184,5.9,19.1,409,13.2,10.4,179,5.8,659,21.3,10
Kansas State,31,20,11,64.5,2054.0,66.3,54.0,104.5,749,1732,43.2,463,706,65.6,185,560,33.0,48.6,51.9,40.8,52.6,21.6,25.9,1.04,2146,69.2,51.3,1123,36.2,35.4,391,12.6,67.2,732,23.6,101,3.3,64.0,479,15.5,1.26,9.3,191,6.2,18.5,381,12.3,5.5,92,3.0,671,21.6,14
Kennesaw State,31,6,25,19.4,2115.0,68.2,48.6,95.3,708,1676,42.2,408,628,65.0,192,559,34.3,48.0,51.1,37.5,51.2,20.2,28.6,0.95,2016,65.0,48.3,1019,32.9,31.7,346,11.2,64.9,673,21.7,115,3.7,48.6,344,11.1,0.7,8.6,182,5.9,23.4,494,15.9,5.6,95,3.1,673,21.7,14
Kent State,32,16,16,50.0,2146.0,67.1,50.8,103.8,766,1787,42.9,464,660,70.3,232,670,34.6,49.4,53.0,36.9,47.9,20.8,31.2,1.04,2228,69.6,49.7,1073,33.5,30.4,340,10.6,69.1,733,22.9,121,3.8,47.1,361,11.3,0.92,9.3,199,6.2,18.2,391,12.2,6.4,107,3.3,670,20.9,17
Kentucky,31,22,9,71.0,2107.0,68.0,58.6,112.3,786,1739,45.2,640,934,68.5,154,488,31.6,49.6,54.2,53.7,53.4,27.0,19.5,1.12,2366,76.3,56.1,1278,41.2,42.7,459,14.8,69.5,819,26.4,101,3.3,45.2,355,11.5,0.92,7.1,149,4.8,18.3,385,12.4,10.6,191,6.2,584,18.8,11
La Salle,30,15,15,50.0,1996.0,66.5,51.6,101.6,694,1695,40.9,468,660,70.9,172,526,32.7,46.0,50.5,38.9,51.5,23.1,25.4,1.02,2028,67.6,50.5,1077,35.9,33.0,361,12.0,67.9,716,23.9,127,4.2,53.9,374,12.5,1.07,8.6,171,5.7,17.5,350,11.7,6.1,104,3.5,482,16.1,8
Lafayette,31,11,20,35.5,2047.0,66.0,51.1,108.1,781,1661,47.0,419,563,74.4,231,580,39.8,54.0,57.4,33.9,49.7,18.9,31.3,1.08,2212,71.4,46.8,927,29.9,27.6,264,8.5,66.0,663,21.4,120,3.9,51.2,400,12.9,1.04,7.9,162,5.2,18.8,384,12.4,3.8,66,2.1,555,17.9,5
Lamar,30,4,26,13.3,2081.0,69.4,48.3,96.2,711,1628,43.7,482,648,74.4,97,315,30.8,46.7,51.7,39.8,61.4,24.1,14.5,0.96,2001,66.7,46.7,945,31.5,27.6,278,9.3,65.8,667,22.2,95,3.2,50.8,361,12.0,0.86,7.7,160,5.3,20.2,420,14.0,5.0,86,2.9,554,18.5,12
Lehigh,32,14,18,43.8,2130.0,66.6,48.5,99.6,758,1756,43.2,406,574,70.7,199,555,35.9,48.8,52.3,32.7,52.7,19.1,28.1,1.0,2121,66.3,46.7,1067,33.3,26.0,280,8.8,67.4,787,24.6,117,3.7,54.9,416,13.0,1.08,7.5,159,5.0,18.0,384,12.0,6.0,112,3.5,572,17.9,10
Liberty,32,11,21,34.4,2094.0,65.4,55.3,107.4,816,1781,45.8,438,622,70.4,180,502,35.9,50.9,54.2,34.9,56.5,19.5,24.0,1.07,2250,70.3,54.5,1186,37.1,37.9,403,12.6,71.0,783,24.5,97,3.0,51.8,423,13.2,1.0,7.2,150,4.7,20.2,424,13.3,6.2,110,3.4,564,17.6,9
Lipscomb,30,15,15,50.0,2148.0,71.6,49.4,106.0,727,1683,43.2,547,800,68.4,275,778,35.3,51.4,55.2,47.5,39.7,24.0,36.2,1.06,2276,75.9,47.7,991,33.0,26.5,291,9.7,68.9,700,23.3,86,2.9,57.2,416,13.9,1.11,9.4,202,6.7,17.5,376,12.5,3.4,57,1.9,661,22.0,27
Long Beach State,30,14,16,46.7,2021.0,67.4,54.7,103.6,774,1800,43.0,368,556,66.2,177,574,30.8,47.9,50.7,30.9,57.0,17.6,25.4,1.04,2093,69.8,51.9,1114,37.1,36.2,411,13.7,67.5,703,23.4,104,3.5,48.4,375,12.5,1.02,9.0,181,6.0,18.2,368,12.3,4.4,74,2.5,538,17.9,9
Long Island,29,9,20,31.0,1996.0,68.8,51.0,104.2,707,1653,42.8,448,625,71.7,218,631,34.5,49.4,53.3,37.8,47.0,21.5,31.4,1.04,2080,71.7,48.6,1001,34.5,31.0,325,11.2,66.1,676,23.3,134,4.6,57.6,407,14.0,1.1,6.3,125,4.3,18.6,371,12.8,3.7,66,2.3,509,17.6,20
Longwood,32,8,24,25.0,2231.0,69.7,49.8,100.2,812,1845,44.0,431,591,72.9,180,513,35.1,48.9,52.6,32.0,56.6,19.3,24.2,1.0,2235,69.8,46.0,998,31.2,27.6,309,9.7,64.3,689,21.5,109,3.4,53.0,430,13.4,1.05,9.7,216,6.8,18.3,408,12.8,3.2,58,1.8,623,19.5,11
Louisiana,31,20,11,64.5,2265.0,73.1,56.3,111.4,872,1867,46.7,563,832,67.7,216,596,36.2,52.5,55.8,44.6,52.0,22.3,25.7,1.11,2523,81.4,51.9,1171,37.8,37.2,422,13.6,66.6,749,24.2,86,2.8,47.8,417,13.5,0.97,10.1,229,7.4,19.1,432,13.9,7.0,127,4.1,655,21.1,13
Louisiana Tech,31,25,6,80.6,2243.0,72.4,56.1,112.4,872,1906,45.8,545,800,68.1,232,722,32.1,51.8,55.1,42.0,50.8,21.6,27.6,1.12,2521,81.3,52.1,1224,39.5,33.8,398,12.8,70.4,826,26.6,118,3.8,57.2,499,16.1,1.39,13.1,294,9.5,16.0,358,11.5,9.3,163,5.3,586,18.9,9
Louisiana-Monroe,26,10,16,38.5,1724.0,66.3,49.9,97.0,604,1409,42.9,327,517,63.2,138,428,32.2,47.8,50.6,36.7,55.7,19.5,24.7,0.97,1673,64.3,49.6,904,34.8,30.4,272,10.5,68.8,632,24.3,74,2.8,54.0,326,12.5,0.94,8.8,151,5.8,20.2,348,13.4,6.4,93,3.6,480,18.5,14
Louisville,31,26,5,83.9,2141.0,69.1,59.6,118.4,892,1876,47.5,500,765,65.4,251,671,37.4,54.2,56.6,40.8,50.6,19.7,29.7,1.18,2535,81.8,52.0,1162,37.5,37.0,419,13.5,67.0,743,24.0,52,1.7,54.3,484,15.6,1.49,14.4,309,10.0,15.2,325,10.5,9.0,148,4.8,618,19.9,12
Loyola (Chicago),32,10,22,31.3,2054.0,64.2,49.6,102.5,744,1609,46.2,426,606,70.3,191,546,35.0,52.2,55.5,37.7,52.5,20.2,27.2,1.02,2105,65.8,48.2,973,30.4,27.3,266,8.3,69.0,707,22.1,78,2.4,56.3,419,13.1,0.98,8.6,176,5.5,20.7,426,13.3,4.9,82,2.6,622,19.4,12
Loyola (MD),30,11,19,36.7,1989.0,66.3,50.5,98.4,680,1642,41.4,452,678,66.7,145,452,32.1,45.8,49.8,41.3,54.7,23.1,22.2,0.98,1957,65.2,47.3,935,31.2,30.7,329,11.0,63.8,606,20.2,90,3.0,49.4,336,11.2,0.94,11.9,236,7.9,17.9,357,11.9,8.0,128,4.3,584,19.5,16
Loyola Marymount,32,13,19,40.6,2249.0,72.5,53.1,104.3,838,1916,43.7,528,693,76.2,141,479,29.4,47.4,52.2,36.2,59.4,22.5,18.0,1.04,2345,73.3,48.8,1081,33.8,33.1,385,12.0,64.4,696,21.8,109,3.4,48.2,404,12.6,1.04,10.1,227,7.1,17.3,389,12.2,6.5,118,3.7,645,20.2,16
LSU,30,18,12,60.0,2151.0,71.7,54.1,105.4,817,1843,44.3,436,641,68.0,197,589,33.4,49.7,52.8,34.8,54.7,19.2,26.1,1.05,2267,75.6,52.3,1199,40.0,36.0,407,13.6,68.5,792,26.4,117,3.9,51.5,421,14.0,1.01,11.0,237,7.9,19.4,418,13.9,10.3,183,6.1,565,18.8,7
Maine,29,6,23,20.7,2160.0,74.5,47.9,96.8,759,1712,44.3,391,577,67.8,182,543,33.5,49.6,52.6,33.7,55.2,18.7,26.1,0.97,2091,72.1,45.2,966,33.3,25.5,271,9.3,64.8,695,24.0,114,3.9,55.1,418,14.4,0.95,10.2,220,7.6,20.3,438,15.1,3.6,66,2.3,606,20.9,19
Manhattan,32,25,7,78.1,2303.0,72.0,54.2,107.5,805,1786,45.1,661,998,66.2,205,559,36.7,50.8,54.8,55.9,48.5,26.7,24.8,1.08,2476,77.4,50.9,1203,37.6,34.8,408,12.8,66.9,795,24.8,137,4.3,52.4,422,13.2,0.93,11.5,265,8.3,19.7,453,14.2,11.1,195,6.1,772,24.1,16
Marist,31,12,19,38.7,2123.0,68.5,49.2,99.8,709,1736,40.8,500,700,71.4,201,580,34.7,46.6,51.2,40.3,47.9,23.6,28.5,1.0,2119,68.4,48.4,1057,34.1,29.7,334,10.8,67.0,723,23.3,113,3.6,48.2,342,11.0,0.89,9.5,202,6.5,18.1,384,12.4,7.0,122,3.9,583,18.8,8
Marquette,31,17,14,54.8,2126.0,66.4,54.0,105.6,774,1755,44.1,548,792,69.2,149,469,31.8,48.3,52.7,45.1,55.7,24.4,19.9,1.06,2245,72.4,52.2,1138,36.7,34.2,373,12.0,70.2,765,24.7,83,2.7,59.3,459,14.8,1.25,9.4,199,6.4,17.3,368,11.9,5.6,97,3.1,611,19.7,13
Marshall,33,11,22,33.3,2315.0,70.2,53.3,103.0,837,1938,43.2,509,818,62.2,202,655,30.8,48.4,51.3,42.2,53.2,21.3,25.4,1.03,2385,72.3,49.5,1222,37.0,33.0,423,12.8,66.0,799,24.2,123,3.7,47.4,397,12.0,0.93,9.1,211,6.4,18.4,426,12.9,6.6,124,3.8,658,19.9,20
Maryland,31,17,14,54.8,2123.0,68.5,52.5,103.9,772,1793,43.1,443,655,67.6,218,637,34.2,49.1,52.4,36.5,50.2,20.1,29.7,1.04,2205,71.1,52.7,1174,37.9,33.8,377,12.2,71.5,797,25.7,115,3.7,47.4,366,11.8,0.92,9.0,191,6.2,18.7,396,12.8,7.8,134,4.3,614,19.8,12
Maryland-Baltimore County,30,9,21,30.0,2102.0,70.1,47.8,93.6,669,1667,40.1,457,698,65.5,173,570,30.4,45.3,49.2,41.9,50.4,23.2,26.4,0.94,1968,65.6,49.3,1017,33.9,30.1,342,11.4,68.5,675,22.5,112,3.7,53.1,355,11.8,0.79,11.4,240,8.0,21.4,450,15.0,5.5,84,2.8,702,23.4,18
Maryland-Eastern Shore,30,6,24,20.0,2006.0,69.2,50.1,99.5,656,1637,40.1,504,699,72.1,180,558,32.3,45.6,50.7,42.7,47.7,25.3,27.1,1.0,1996,66.5,48.9,979,32.6,32.8,354,11.8,64.9,625,20.8,99,3.3,51.7,339,11.3,0.89,9.8,196,6.5,18.9,379,12.6,3.8,62,2.1,584,19.5,8
Massachusetts,30,23,7,76.7,2155.0,71.8,54.6,106.4,827,1777,46.5,475,704,67.5,164,462,35.5,51.2,54.3,39.6,57.8,20.7,21.5,1.06,2293,76.4,51.3,1156,38.5,34.6,364,12.1,68.0,792,26.4,128,4.3,56.7,469,15.6,1.16,9.1,197,6.6,18.7,404,13.5,9.4,171,5.7,580,19.3,14
McNeese State,31,11,20,35.5,2155.0,69.5,50.4,98.0,729,1857,39.3,450,647,69.6,203,665,30.5,44.7,48.8,34.8,49.8,21.3,28.8,0.98,2111,68.1,48.8,1142,36.8,33.3,408,13.2,64.3,734,23.7,86,2.8,50.6,369,11.9,0.93,9.8,211,6.8,18.4,397,12.8,6.3,117,3.8,554,17.9,13
Memphis,31,23,8,74.2,2222.0,71.7,56.7,109.4,893,1842,48.5,476,727,65.5,168,499,33.7,53.0,55.5,39.5,59.7,19.6,20.7,1.09,2430,78.4,51.3,1169,37.7,36.1,389,12.5,66.5,780,25.2,101,3.3,61.6,550,17.7,1.31,12.2,270,8.7,18.9,419,13.5,8.0,150,4.8,565,18.2,13
Mercer,34,26,8,76.5,2330.0,66.6,56.1,115.7,933,1961,47.6,552,754,73.2,277,720,38.5,54.6,58.1,38.4,48.7,20.5,30.8,1.16,2696,79.3,52.8,1290,37.9,34.5,395,11.6,71.0,895,26.3,128,3.8,59.8,558,16.4,1.37,8.8,205,6.0,17.4,406,11.9,7.5,143,4.2,630,18.5,14
Miami (FL),32,17,15,53.1,1893.0,59.2,53.0,104.1,691,1647,42.0,406,593,68.5,183,564,32.4,47.5,51.1,36.0,51.5,20.6,27.9,1.04,1971,61.6,51.5,1109,34.7,33.3,351,11.0,69.7,758,23.7,97,3.0,49.2,340,10.6,1.06,8.3,158,4.9,16.9,320,10.0,7.2,120,3.8,502,15.7,8
Miami (OH),31,13,18,41.9,2086.0,67.3,47.4,97.0,722,1664,43.4,433,574,75.4,146,496,29.4,47.8,52.2,34.5,56.9,21.4,21.7,0.97,2023,65.3,48.2,968,31.2,25.9,266,8.6,70.4,702,22.6,94,3.0,53.6,387,12.5,0.92,12.8,267,8.6,20.1,420,13.5,4.4,73,2.4,537,17.3,15
Michigan,30,23,7,76.7,1918.0,63.9,55.0,118.0,782,1628,48.0,448,587,76.3,252,635,39.7,55.8,59.4,36.1,46.8,19.8,33.4,1.18,2264,75.5,50.6,969,32.3,29.3,268,8.9,71.9,701,23.4,73,2.4,55.8,436,14.5,1.55,8.1,155,5.2,14.7,281,9.4,4.6,75,2.5,439,14.6,5
Michigan State,31,23,8,74.2,2092.0,67.5,55.0,113.0,844,1788,47.2,418,601,69.6,257,651,39.5,54.4,57.0,33.6,49.7,17.7,32.6,1.13,2363,76.2,52.5,1150,37.1,32.7,337,10.9,72.3,813,26.2,74,2.4,63.3,534,17.2,1.48,10.5,219,7.1,17.3,361,11.6,8.6,146,4.7,590,19.0,6
Middle Tennessee State,31,23,8,74.2,2064.0,66.6,55.2,107.0,770,1697,45.4,502,753,66.7,166,490,33.9,50.3,53.7,44.4,54.7,22.7,22.6,1.07,2208,71.2,53.3,1136,36.6,35.5,377,12.2,71.0,759,24.5,101,3.3,54.2,417,13.5,1.09,11.0,228,7.4,18.5,382,12.3,9.2,146,4.7,620,20.0,20
Milwaukee,34,21,13,61.8,2333.0,68.6,49.1,103.4,790,1825,43.3,593,808,73.4,239,730,32.7,49.8,54.6,44.3,45.7,24.6,29.7,1.03,2413,71.0,48.9,1145,33.7,28.4,330,9.7,69.4,815,24.0,131,3.9,58.6,463,13.6,1.01,8.4,196,5.8,19.6,457,13.4,4.3,83,2.4,616,18.1,14
Minnesota,31,19,12,61.3,2043.0,65.9,53.2,109.2,764,1699,45.0,486,650,74.8,217,625,34.7,51.4,55.6,38.3,49.0,21.8,29.2,1.09,2231,72.0,51.2,1071,34.5,32.9,338,10.9,69.5,733,23.6,110,3.5,56.2,429,13.8,1.16,11.6,236,7.6,18.2,371,12.0,7.8,130,4.2,596,19.2,15
Mississippi State,32,14,18,43.8,2206.0,68.9,49.7,98.3,766,1727,44.4,489,736,66.4,147,484,30.4,48.6,52.2,42.6,57.1,22.6,20.3,0.98,2168,67.8,48.4,1050,32.8,28.4,313,9.8,68.4,737,23.0,111,3.5,51.3,393,12.3,0.89,11.3,249,7.8,20.0,442,13.8,4.7,86,2.7,551,17.2,14
Mississippi Valley State,32,9,23,28.1,2364.0,73.9,49.2,97.0,808,1934,41.8,474,707,67.0,203,646,31.4,47.0,50.5,36.6,52.8,20.7,26.6,0.97,2293,71.7,49.4,1115,34.8,29.9,374,11.7,68.9,741,23.2,141,4.4,44.2,357,11.2,0.76,10.4,245,7.7,19.8,469,14.7,3.2,59,1.8,719,22.5,12
Missouri,31,21,10,67.7,2052.0,66.2,54.2,110.4,740,1616,45.8,600,812,73.9,185,530,34.9,51.5,56.6,50.2,49.0,26.5,24.5,1.1,2265,73.1,52.3,1152,37.2,35.1,345,11.1,69.5,807,26.0,91,2.9,43.9,325,10.5,0.84,7.1,145,4.7,18.8,385,12.4,5.9,104,3.4,593,19.1,8
Missouri State,32,20,12,62.5,2100.0,65.6,49.9,104.7,737,1707,43.2,502,710,70.7,223,621,35.9,49.7,53.8,41.6,46.7,22.8,30.4,1.05,2199,68.7,49.3,1046,32.7,27.1,291,9.1,71.5,755,23.6,85,2.7,52.2,385,12.0,1.09,7.4,156,4.9,16.8,353,11.0,5.6,93,2.9,638,19.9,16
Missouri-Kansas City,29,10,19,34.5,2075.0,71.6,48.8,97.3,705,1647,42.8,444,701,63.3,161,529,30.4,47.7,51.0,42.6,53.9,22.0,23.9,0.97,2018,69.6,47.7,955,32.9,26.9,287,9.9,68.5,668,23.0,97,3.3,47.1,332,11.4,0.86,10.2,212,7.3,18.6,385,13.3,4.1,67,2.3,596,20.6,20
Monmouth,32,11,21,34.4,2251.0,70.3,51.5,98.1,776,1847,42.0,479,749,64.0,177,527,33.6,46.8,50.1,40.6,54.3,21.7,24.0,0.98,2208,69.0,51.4,1184,37.0,33.7,413,12.9,69.1,771,24.1,137,4.3,49.7,386,12.1,0.84,9.9,222,6.9,20.5,462,14.4,5.6,96,3.0,698,21.8,17
Montana,29,17,12,58.6,1818.0,62.7,51.5,113.3,678,1422,47.7,483,653,74.0,221,583,37.9,55.5,59.5,45.9,44.4,23.4,32.2,1.13,2060,71.0,44.7,780,26.9,24.3,203,7.0,65.0,577,19.9,85,2.9,48.5,329,11.3,1.14,8.1,147,5.1,15.8,288,9.9,5.0,73,2.5,591,20.4,11
Montana State,31,14,17,45.2,2054.0,66.3,49.7,102.7,736,1661,44.3,452,636,71.1,185,522,35.4,49.9,53.7,38.3,52.3,21.4,26.3,1.03,2109,68.0,49.8,966,31.2,25.9,267,8.6,73.7,699,22.5,92,3.0,44.2,325,10.5,0.91,9.9,203,6.5,17.4,357,11.5,3.1,50,1.6,561,18.1,7
Morehead State,33,20,13,60.6,2380.0,72.1,54.8,106.6,838,1867,44.9,680,971,70.0,180,608,29.6,49.7,54.5,52.0,51.9,26.8,21.3,1.07,2536,76.8,56.4,1269,38.5,39.9,467,14.2,72.9,802,24.3,110,3.3,53.1,445,13.5,0.86,11.1,264,8.0,21.7,516,15.6,5.7,100,3.0,773,23.4,36
Morgan State,28,13,15,46.4,1977.0,70.6,54.8,100.8,718,1681,42.7,431,711,60.6,126,486,25.9,46.5,49.4,42.3,59.4,21.6,19.0,1.01,1993,71.2,50.6,1066,38.1,35.5,398,14.2,65.6,668,23.9,120,4.3,49.2,353,12.6,0.99,9.0,178,6.4,18.1,357,12.8,8.9,142,5.1,580,20.7,10
Mount St. Mary's,32,16,16,50.0,2264.0,70.8,50.9,107.8,821,1863,44.1,514,694,74.1,284,797,35.6,51.7,55.6,37.3,44.0,21.1,34.9,1.08,2440,76.3,47.6,1030,32.2,28.3,322,10.1,66.9,708,22.1,107,3.3,45.8,376,11.8,0.98,10.1,229,7.2,17.0,384,12.0,5.2,98,3.1,601,18.8,11
Murray State,29,18,11,62.1,1997.0,68.9,56.0,112.5,758,1597,47.5,519,788,65.9,212,563,37.7,54.1,57.0,49.3,48.6,23.1,28.3,1.13,2247,77.5,51.3,1040,35.9,34.7,343,11.8,67.9,697,24.0,93,3.2,49.5,375,12.9,1.02,8.3,166,5.7,18.5,369,12.7,6.6,112,3.9,554,19.1,18
Navy,30,9,21,30.0,1910.0,63.7,49.2,95.3,660,1645,40.1,299,471,63.5,201,612,32.8,46.2,48.7,28.6,50.4,16.4,33.1,0.95,1820,60.7,50.8,1006,33.5,30.6,335,11.2,70.9,671,22.4,116,3.9,57.7,381,12.7,1.01,10.2,195,6.5,19.7,376,12.5,6.7,99,3.3,566,18.9,10
NC State,31,19,12,61.3,2054.0,66.3,56.2,107.4,819,1789,45.8,429,655,65.5,140,462,30.3,49.7,52.5,36.6,61.5,19.4,19.0,1.07,2207,71.2,49.4,1081,34.9,34.7,374,12.1,64.1,707,22.8,104,3.4,48.4,396,12.8,1.19,7.2,148,4.8,16.2,333,10.7,7.5,130,4.2,580,18.7,11
Nebraska,30,19,11,63.3,1954.0,65.1,49.3,102.9,674,1570,42.9,484,677,71.5,178,523,34.0,48.6,53.1,43.1,49.4,24.1,26.6,1.03,2010,67.0,48.7,1000,33.3,26.0,262,8.7,71.4,738,24.6,98,3.3,42.7,288,9.6,0.88,10.5,206,6.9,16.8,328,10.9,5.8,90,3.0,603,20.1,15
Nebraska-Omaha,30,16,14,53.3,2225.0,74.2,51.5,108.1,828,1842,45.0,539,702,76.8,210,607,34.6,50.7,55.3,38.1,51.4,22.4,26.2,1.08,2406,80.2,49.0,1024,34.1,29.2,313,10.4,68.8,711,23.7,103,3.4,56.0,464,15.5,1.24,11.2,250,8.3,16.8,373,12.4,4.7,82,2.7,561,18.7,19
Nevada,31,15,16,48.4,2081.0,67.1,53.3,108.3,778,1779,43.7,489,675,72.4,209,614,34.0,49.6,53.7,37.9,50.5,21.7,27.8,1.08,2254,72.7,49.9,1084,35.0,31.3,343,11.1,68.4,741,23.9,105,3.4,43.7,340,11.0,1.05,7.4,153,4.9,15.6,324,10.5,8.0,141,4.5,579,18.7,10
New Hampshire,30,6,24,20.0,1914.0,63.8,44.7,90.6,584,1553,37.6,356,514,69.3,211,639,33.0,44.4,48.3,33.1,43.0,20.5,36.5,0.91,1735,57.8,49.3,1026,34.2,27.2,286,9.5,71.4,740,24.7,118,3.9,50.0,292,9.7,0.74,6.3,121,4.0,20.5,392,13.1,6.3,99,3.3,583,19.4,25
New Jersey Tech,29,13,16,44.8,2013.0,69.4,50.2,104.8,728,1638,44.4,435,603,72.1,216,578,37.4,51.0,54.8,36.8,48.6,20.6,30.7,1.05,2109,72.7,48.7,990,34.1,28.7,284,9.8,68.8,706,24.3,92,3.2,54.1,394,13.6,1.04,9.3,187,6.4,18.8,379,13.1,6.5,104,3.6,585,20.2,20
New Mexico,30,24,6,80.0,2000.0,66.7,54.9,111.8,760,1656,45.9,539,743,72.5,177,520,34.0,51.2,55.7,44.9,52.1,24.1,23.7,1.12,2236,74.5,52.1,1144,38.1,32.5,320,10.7,71.7,824,27.5,94,3.1,61.1,464,15.5,1.49,7.5,150,5.0,15.6,311,10.4,8.9,157,5.2,504,16.8,9
New Mexico State,32,23,9,71.9,2182.0,68.2,57.5,114.0,835,1710,48.8,641,941,68.1,176,478,36.8,54.0,57.7,55.0,53.0,25.8,21.2,1.14,2487,77.7,52.2,1198,37.4,37.8,385,12.0,66.5,813,25.4,75,2.3,50.4,421,13.2,1.02,7.1,155,4.8,18.8,411,12.8,10.8,207,6.5,547,17.1,12
New Orleans,26,11,15,42.3,1886.0,72.5,51.0,98.5,615,1434,42.9,492,722,68.1,136,402,33.8,47.6,52.3,50.3,51.6,26.5,22.0,0.99,1858,71.5,52.0,968,37.2,35.5,340,13.1,68.5,628,24.2,74,2.8,51.4,316,12.2,0.72,9.1,172,6.6,23.2,437,16.8,5.6,84,3.2,546,21.0,9
Niagara,33,7,26,21.2,2435.0,73.8,51.9,102.0,836,1949,42.9,646,947,68.2,166,554,30.0,47.2,51.8,48.6,53.9,26.0,20.0,1.02,2484,75.3,48.8,1132,34.3,32.1,409,12.4,65.5,723,21.9,125,3.8,39.5,330,10.0,0.73,9.4,230,7.0,18.5,450,13.6,3.8,71,2.2,784,23.8,32
Nicholls State,28,14,14,50.0,1884.0,67.3,51.1,101.6,680,1527,44.5,385,601,64.1,169,543,31.1,50.1,52.8,39.4,53.4,20.1,26.5,1.02,1914,68.4,49.0,878,31.4,28.3,274,9.8,69.7,604,21.6,85,3.0,54.1,368,13.1,1.08,8.8,166,5.9,18.0,340,12.1,5.6,77,2.8,660,23.6,20
Norfolk State,31,18,13,58.1,2091.0,67.5,55.9,108.7,809,1730,46.8,480,688,69.8,174,499,34.9,51.8,55.2,39.8,55.9,21.1,23.0,1.09,2272,73.3,52.3,1102,35.5,37.7,391,12.6,66.8,711,22.9,113,3.6,53.8,435,14.0,1.04,9.1,191,6.2,20.0,418,13.5,7.1,121,3.9,617,19.9,17
North Carolina,31,23,8,74.2,2180.0,70.3,58.4,108.6,862,1855,46.5,513,822,62.4,130,383,33.9,50.0,52.7,44.3,61.9,21.7,16.5,1.09,2367,76.4,53.5,1237,39.9,38.2,439,14.2,68.7,798,25.7,91,2.9,56.4,486,15.7,1.3,10.5,229,7.4,17.1,373,12.0,8.5,151,4.9,618,19.9,18
North Carolina A&T,32,9,23,28.1,2184.0,68.3,47.8,95.7,622,1626,38.3,674,964,69.9,171,564,30.3,43.5,50.1,59.3,43.2,32.3,24.6,0.96,2089,65.3,50.7,1159,36.2,33.5,388,12.1,67.9,771,24.1,146,4.6,47.7,297,9.3,0.61,6.9,151,4.7,22.4,489,15.3,7.5,129,4.0,742,23.2,24
North Carolina Central,31,26,5,83.9,2051.0,66.2,56.2,112.1,777,1672,46.5,579,803,72.1,166,500,33.2,51.4,56.0,48.0,53.2,25.2,21.7,1.12,2299,74.2,51.9,1104,35.6,36.2,365,11.8,67.6,739,23.8,116,3.7,59.7,464,15.0,1.29,12.2,250,8.1,17.6,361,11.6,8.3,131,4.2,614,19.8,23
North Carolina-Asheville,32,17,15,53.1,2263.0,70.7,53.8,109.9,836,1832,45.6,591,793,74.5,223,601,37.1,51.7,56.3,43.3,49.3,23.8,26.9,1.1,2486,77.7,51.2,1202,37.6,35.5,385,12.0,66.9,817,25.5,86,2.7,48.1,402,12.6,0.92,9.1,207,6.5,19.4,438,13.7,10.0,191,6.0,612,19.1,15
North Carolina-Greensboro,32,14,18,43.8,2275.0,71.1,50.1,99.6,808,1835,44.0,484,704,68.8,167,488,34.2,48.6,52.2,38.4,56.6,21.3,22.1,1.0,2267,70.8,51.0,1172,36.6,29.5,336,10.5,72.4,836,26.1,80,2.5,47.0,380,11.9,0.85,7.9,180,5.6,19.6,447,14.0,4.1,75,2.3,681,21.3,21
North Carolina-Wilmington,32,9,23,28.1,2104.0,65.8,51.2,95.9,741,1841,40.2,397,606,65.5,139,509,27.3,44.0,47.4,32.9,59.7,19.7,20.7,0.96,2018,63.1,49.5,1148,35.9,32.0,390,12.2,67.0,758,23.7,99,3.1,46.7,346,10.8,0.94,9.1,191,6.0,17.4,367,11.5,7.3,129,4.0,581,18.2,9
North Dakota,30,15,15,50.0,2064.0,71.2,54.1,107.8,782,1703,45.9,478,704,67.9,184,555,33.2,51.3,54.6,41.3,53.7,21.5,24.8,1.08,2226,74.2,49.4,940,31.3,31.1,325,10.8,67.7,615,20.5,87,2.9,47.3,370,12.3,1.08,12.5,257,8.6,16.7,344,11.5,5.3,83,2.8,612,20.4,4
North Dakota State,31,25,6,80.6,1991.0,64.2,58.0,118.9,846,1661,50.9,508,680,74.7,168,458,36.7,56.0,59.7,40.9,57.3,21.5,21.3,1.19,2368,76.4,52.9,1016,32.8,32.5,294,9.5,73.2,722,23.3,59,1.9,43.1,365,11.8,1.2,10.0,200,6.5,15.3,304,9.8,8.6,137,4.4,551,17.8,13
North Florida,32,16,16,50.0,2223.0,69.5,51.7,104.3,789,1784,44.2,513,725,70.8,227,633,35.9,50.6,54.5,40.6,48.5,22.1,29.4,1.04,2318,72.4,51.9,1183,37.0,34.0,383,12.0,69.7,800,25.0,100,3.1,50.8,401,12.5,0.83,7.5,167,5.2,21.7,483,15.1,6.8,126,3.9,600,18.8,17
North Texas,32,16,16,50.0,2255.0,70.5,50.4,98.8,774,1845,42.0,523,769,68.0,157,476,33.0,46.2,50.4,41.7,55.4,23.5,21.1,0.99,2228,69.6,49.8,1183,37.0,29.9,361,11.3,69.8,822,25.7,116,3.6,41.9,324,10.1,0.8,9.3,210,6.6,18.0,405,12.7,6.2,114,3.6,645,20.2,15
Northeastern,32,11,21,34.4,2097.0,65.5,51.8,100.6,734,1692,43.4,485,752,64.5,156,481,32.4,48.0,51.5,44.4,54.8,23.0,22.2,1.01,2109,65.9,51.5,1117,34.9,32.7,361,11.3,70.3,756,23.6,99,3.1,50.5,371,11.6,0.88,8.2,173,5.4,20.0,420,13.1,6.2,110,3.4,553,17.3,12
Northern Arizona,31,15,16,48.4,1992.0,64.3,53.0,104.6,756,1663,45.5,409,575,71.1,163,468,34.8,50.4,53.8,34.6,56.9,19.6,23.5,1.05,2084,67.2,52.9,1023,33.0,33.5,332,10.7,72.2,691,22.3,82,2.6,43.9,332,10.7,0.85,9.7,193,6.2,19.6,390,12.6,7.6,120,3.9,551,17.8,8
Northern Colorado,29,17,12,58.6,1897.0,65.4,57.2,114.3,787,1594,49.4,418,607,68.9,176,453,38.9,54.9,57.6,38.1,56.4,19.3,24.4,1.14,2168,74.8,52.7,944,32.6,34.6,317,10.9,70.8,627,21.6,81,2.8,43.3,341,11.8,1.01,8.9,168,5.8,17.7,336,11.6,4.4,65,2.2,584,20.1,10
Northern Illinois,32,15,17,46.9,2080.0,65.0,50.7,95.8,645,1652,39.0,565,826,68.4,137,494,27.7,43.2,48.7,50.0,51.0,28.4,20.6,0.96,1992,62.3,53.4,1199,37.5,37.3,430,13.4,69.5,769,24.0,115,3.6,42.0,271,8.5,0.58,10.1,211,6.6,22.5,469,14.7,6.6,107,3.3,642,20.1,13
Northern Iowa,31,16,15,51.6,2048.0,66.1,51.1,110.2,762,1693,45.0,468,646,72.4,264,732,36.1,52.8,56.4,38.2,44.1,20.7,35.1,1.1,2256,72.8,49.4,1022,33.0,26.3,272,8.8,72.5,750,24.2,72,2.3,57.2,436,14.1,1.32,8.5,175,5.6,16.1,330,10.6,5.4,90,2.9,568,18.3,12
Northern Kentucky,30,9,21,30.0,1953.0,65.1,50.4,104.7,704,1618,43.5,408,578,70.6,228,654,34.9,50.6,54.0,35.7,46.6,20.0,33.5,1.05,2044,68.1,48.1,940,31.3,28.4,286,9.5,67.8,654,21.8,78,2.6,47.4,334,11.1,0.96,8.3,163,5.4,17.8,348,11.6,5.7,89,3.0,623,20.8,10
Northwestern,31,13,18,41.9,1963.0,63.3,44.8,94.0,623,1588,39.2,401,575,69.7,199,666,29.9,45.5,49.6,36.2,45.9,21.7,32.3,0.94,1846,59.5,46.5,1021,32.9,22.6,239,7.7,70.4,782,25.2,130,4.2,54.4,339,10.9,1.01,6.9,136,4.4,17.1,336,10.8,6.9,115,3.7,575,18.5,18
Northwestern State,29,16,13,55.2,2307.0,79.6,54.6,109.2,904,1915,47.2,549,741,74.1,163,489,33.3,51.5,55.6,38.7,58.8,21.8,19.4,1.09,2520,86.9,47.9,1097,37.8,32.1,359,12.4,63.6,738,25.4,95,3.3,54.0,488,16.8,1.22,11.3,261,9.0,17.3,399,13.8,8.3,156,5.4,599,20.7,9
Notre Dame,32,15,17,46.9,2087.0,65.2,54.4,110.3,839,1842,45.5,397,553,71.8,228,637,35.8,51.7,54.7,30.0,53.1,17.2,29.7,1.1,2303,72.0,51.0,1081,33.8,32.1,344,10.8,69.9,737,23.0,93,2.9,57.7,484,15.1,1.46,9.0,187,5.8,15.9,331,10.3,5.4,97,3.0,518,16.2,8
Oakland,33,13,20,39.4,2296.0,69.6,49.6,106.9,821,1890,43.4,534,731,73.1,279,754,37.0,50.8,54.9,38.7,44.2,21.8,34.1,1.07,2455,74.4,47.6,1025,31.1,25.3,298,9.0,69.8,727,22.0,76,2.3,63.6,522,15.8,1.42,10.0,229,6.9,16.0,367,11.1,3.4,61,1.8,658,19.9,23
Ohio,33,23,10,69.7,2225.0,67.4,51.4,106.1,833,1822,45.7,451,636,70.9,243,700,34.7,52.4,55.6,34.9,50.0,19.1,30.9,1.06,2360,71.5,49.4,1170,35.5,29.3,321,9.7,69.5,849,25.7,127,3.8,58.5,487,14.8,1.15,9.7,215,6.5,19.1,424,12.8,7.8,142,4.3,643,19.5,19
Ohio State,31,23,8,74.2,2025.0,65.3,52.4,107.2,744,1650,45.1,497,716,69.4,185,554,33.4,50.7,54.5,43.4,51.5,22.9,25.6,1.07,2170,70.0,49.5,1042,33.6,29.1,300,9.7,69.9,742,23.9,72,2.3,49.9,371,12.0,1.09,11.6,235,7.6,16.8,341,11.0,8.1,134,4.3,506,16.3,7
Oklahoma,31,23,8,74.2,2258.0,72.8,54.2,113.2,856,1896,45.1,583,777,75.0,261,687,38.0,52.0,56.4,41.0,46.6,22.8,30.6,1.13,2556,82.5,50.9,1171,37.8,32.1,365,11.8,69.7,806,26.0,99,3.2,52.7,451,14.5,1.26,9.4,213,6.9,15.8,357,11.5,5.5,103,3.3,588,19.0,9
Oklahoma State,32,21,11,65.6,2267.0,70.8,53.8,113.9,847,1810,46.8,657,908,72.4,230,620,37.1,53.1,57.6,50.2,47.8,25.5,26.7,1.14,2581,80.7,48.0,1133,35.4,28.2,309,9.7,67.7,824,25.8,72,2.3,52.3,443,13.8,1.31,10.7,243,7.6,15.0,339,10.6,8.5,158,4.9,625,19.5,18
Old Dominion,32,16,16,50.0,2075.0,64.8,52.0,98.6,728,1693,43.0,423,693,61.0,166,507,32.7,47.9,50.6,40.9,55.0,20.7,24.4,0.99,2045,63.9,51.7,1142,35.7,33.9,379,11.8,69.4,763,23.8,83,2.6,45.9,334,10.4,0.77,9.6,199,6.2,20.9,434,13.6,8.1,133,4.2,632,19.8,12
Ole Miss,31,18,13,58.1,2177.0,70.2,53.3,107.1,784,1883,41.6,519,745,69.7,244,706,34.6,48.1,52.1,39.6,46.3,22.3,31.4,1.07,2331,75.2,48.8,1136,36.6,33.4,406,13.1,64.2,730,23.5,121,3.9,49.9,391,12.6,1.11,10.7,232,7.5,16.1,351,11.3,9.8,176,5.7,587,18.9,10
Oral Roberts,32,17,15,53.1,2119.0,66.2,54.7,108.4,807,1753,46.0,529,733,72.2,153,433,35.3,50.4,54.6,41.8,57.0,23.0,20.0,1.08,2296,71.8,51.5,1139,35.6,33.4,353,11.0,69.6,786,24.6,118,3.7,48.3,390,12.2,1.06,7.9,168,5.3,17.3,367,11.5,8.1,143,4.5,625,19.5,20
Oregon,31,23,8,74.2,2215.0,71.5,54.7,115.4,853,1819,46.9,609,794,76.7,241,609,39.6,53.5,58.2,43.7,47.9,23.8,28.3,1.15,2556,82.5,50.6,1067,34.4,33.1,336,10.8,68.1,731,23.6,96,3.1,53.1,453,14.6,1.27,11.2,248,8.0,16.1,356,11.5,6.1,106,3.4,658,21.2,8
Oregon State,31,16,15,51.6,2138.0,69.0,53.3,109.1,789,1628,48.5,584,839,69.6,171,435,39.3,53.7,57.6,51.5,53.0,25.0,22.0,1.09,2333,75.3,49.5,1069,34.5,31.1,304,9.8,67.8,765,24.7,111,3.6,52.6,415,13.4,0.99,7.1,151,4.9,19.7,421,13.6,7.9,146,4.7,590,19.0,14
Pacific,30,15,15,50.0,2023.0,67.4,52.4,107.6,728,1661,43.8,528,685,77.1,192,531,36.2,49.6,54.8,41.2,49.3,24.3,26.5,1.08,2176,72.5,52.2,1041,34.7,32.6,334,11.1,71.8,707,23.6,92,3.1,49.9,363,12.1,0.99,7.5,152,5.1,18.1,367,12.2,3.6,57,1.9,686,22.9,11
Penn State,31,15,16,48.4,2094.0,67.5,51.9,106.6,767,1757,43.7,504,678,74.3,194,604,32.1,49.2,53.7,38.6,51.3,22.6,26.1,1.07,2232,72.0,49.6,1078,34.8,29.5,316,10.2,69.8,762,24.6,88,2.8,46.8,359,11.6,1.09,6.6,139,4.5,15.7,328,10.6,8.4,143,4.6,650,21.0,19
Pennsylvania,28,8,20,28.6,1970.0,70.4,48.3,97.0,684,1517,45.1,403,594,67.8,140,436,32.1,49.7,53.1,39.2,56.9,21.1,22.0,0.97,1911,68.3,47.1,939,33.5,28.5,267,9.5,65.6,672,24.0,103,3.7,59.6,408,14.6,0.91,8.3,163,5.8,22.8,450,16.1,6.1,97,3.5,632,22.6,20
Pepperdine,31,15,16,48.4,2077.0,67.0,52.3,106.2,773,1701,45.4,463,661,70.0,197,551,35.8,51.2,54.7,38.9,52.2,21.0,26.8,1.06,2206,71.2,49.4,1075,34.7,30.7,314,10.1,68.0,761,24.5,105,3.4,55.4,428,13.8,1.13,7.1,148,4.8,18.2,379,12.2,7.5,134,4.3,584,18.8,11
Pittsburgh,31,23,8,74.2,1978.0,63.8,57.4,113.9,769,1669,46.1,554,768,72.1,160,448,35.7,50.9,55.4,46.0,54.1,24.6,21.3,1.14,2252,72.6,54.5,1117,36.0,38.0,378,12.2,70.9,739,23.8,97,3.1,63.7,490,15.8,1.49,10.9,215,6.9,16.6,328,10.6,5.9,95,3.1,535,17.3,8
Portland,31,15,16,48.4,2134.0,68.8,53.6,109.0,810,1778,45.6,516,702,73.5,191,485,39.4,50.9,55.1,39.5,53.2,22.2,24.6,1.09,2327,75.1,51.4,1116,36.0,32.1,339,10.9,70.7,777,25.1,86,2.8,58.3,472,15.2,1.29,8.6,184,5.9,17.2,366,11.8,7.4,128,4.1,620,20.0,16
Portland State,29,16,13,55.2,1950.0,67.2,52.6,108.8,745,1587,46.9,451,623,72.4,181,500,36.2,52.6,56.3,39.3,53.2,21.3,25.6,1.09,2122,73.2,48.0,890,30.7,28.1,263,9.1,67.9,627,21.6,96,3.3,52.6,392,13.5,1.19,9.1,178,6.1,16.9,330,11.4,4.0,63,2.2,558,19.2,19
Prairie View A&M,32,10,22,31.3,2273.0,68.9,49.5,98.3,767,1836,41.8,484,747,64.8,216,625,34.6,47.7,51.0,40.7,49.3,21.7,29.0,0.98,2234,69.8,47.0,1088,34.0,30.6,372,11.6,63.4,716,22.4,124,3.9,44.5,341,10.7,0.73,9.9,226,7.1,20.5,466,14.6,4.5,81,2.5,699,21.8,21
Presbyterian,32,6,26,18.8,2133.0,66.7,47.9,98.1,772,1724,44.8,358,529,67.7,190,538,35.3,50.3,53.0,30.7,55.6,17.1,27.2,0.98,2092,65.4,44.8,980,30.6,23.1,244,7.6,66.4,736,23.0,82,2.6,48.2,372,11.6,0.93,6.6,141,4.4,18.7,398,12.4,5.0,96,3.0,494,15.4,11
Princeton,28,20,8,71.4,1839.0,65.7,50.1,109.1,663,1481,44.8,416,578,72.0,264,725,36.4,53.7,57.1,39.0,39.8,20.7,39.5,1.09,2006,71.6,50.3,919,32.8,25.9,235,8.4,74.7,684,24.4,69,2.5,61.1,405,14.5,1.3,9.5,175,6.3,16.9,311,11.1,6.8,100,3.6,479,17.1,12
Providence,31,20,11,64.5,2093.0,65.4,53.2,108.2,753,1772,42.5,563,719,78.3,196,563,34.8,48.0,53.6,40.6,49.2,24.9,26.0,1.08,2265,73.1,52.8,1134,36.6,35.6,386,12.5,70.0,748,24.1,91,2.9,57.4,432,13.9,1.17,8.5,177,5.7,17.6,368,11.9,8.8,155,5.0,538,17.4,20
Purdue,31,15,16,48.4,2154.0,69.5,54.7,104.5,798,1868,42.7,481,717,67.1,174,528,33.0,47.4,51.0,38.4,55.4,21.4,23.2,1.05,2251,72.6,53.0,1217,39.3,36.0,430,13.9,70.0,787,25.4,103,3.3,50.9,406,13.1,1.08,8.0,173,5.6,17.5,376,12.1,9.1,161,5.2,641,20.7,11
Quinnipiac,31,20,11,64.5,2217.0,71.5,58.0,110.6,811,1909,42.5,664,929,71.5,167,473,35.3,46.9,52.2,48.7,52.5,27.1,20.4,1.11,2453,79.1,57.5,1410,45.5,42.4,522,16.8,72.5,888,28.6,132,4.3,48.8,396,12.8,1.02,4.9,109,3.5,17.5,388,12.5,7.3,143,4.6,608,19.6,12
Radford,33,21,12,63.6,2279.0,69.1,56.5,112.9,915,1916,47.8,543,780,69.6,201,568,35.4,53.0,56.3,40.7,55.5,21.1,23.4,1.13,2574,78.0,50.9,1155,35.0,32.9,374,11.3,68.8,781,23.7,102,3.1,46.8,428,13.0,1.17,10.4,236,7.2,16.0,365,11.1,6.6,123,3.7,624,18.9,10
Rhode Island,31,14,17,45.2,2093.0,67.5,51.8,100.7,731,1653,44.2,498,756,65.9,148,462,32.0,48.7,52.4,45.7,55.3,23.6,21.1,1.01,2108,68.0,51.3,1119,36.1,33.1,350,11.3,69.5,769,24.8,107,3.5,51.3,375,12.1,0.86,7.3,152,4.9,20.7,434,14.0,9.2,159,5.1,626,20.2,13
Rice,30,7,23,23.3,1987.0,66.2,44.0,93.3,637,1582,40.3,342,527,64.9,237,733,32.3,47.8,50.6,33.3,43.2,18.5,38.4,0.93,1853,61.8,46.2,971,32.4,22.1,233,7.8,70.3,738,24.6,107,3.6,65.0,414,13.8,1.05,7.0,140,4.7,19.8,394,13.1,3.5,57,1.9,569,19.0,11
Richmond,31,18,13,58.1,2034.0,65.6,49.8,101.6,708,1673,42.3,456,683,66.8,195,612,31.9,48.1,51.7,40.8,49.6,22.1,28.3,1.02,2067,66.7,46.0,1006,32.5,26.1,288,9.3,65.9,718,23.2,82,2.6,46.2,327,10.5,1.0,8.9,182,5.9,16.0,326,10.5,8.1,134,4.3,608,19.6,8
Rider,31,14,17,45.2,2146.0,69.2,51.2,106.8,743,1704,43.6,569,778,73.1,237,597,39.7,50.6,55.3,45.7,44.2,24.8,31.0,1.07,2292,73.9,50.0,1040,33.5,31.4,338,10.9,68.5,702,22.6,104,3.4,50.7,377,12.2,0.92,8.8,188,6.1,19.1,409,13.2,5.2,89,2.9,624,20.1,14
Robert Morris,34,21,13,61.8,2269.0,66.7,52.4,107.2,837,1911,43.8,513,706,72.7,246,642,38.3,50.2,54.2,36.9,48.6,21.1,30.3,1.07,2433,71.6,49.7,1127,33.1,31.3,366,10.8,68.0,761,22.4,94,2.8,49.9,418,12.3,1.09,10.7,242,7.1,17.0,385,11.3,3.3,61,1.8,626,18.4,15
Rutgers,32,12,20,37.5,2214.0,69.2,52.9,104.6,811,1881,43.1,498,703,70.8,196,577,34.0,48.3,52.3,37.4,53.1,21.5,25.4,1.05,2316,72.4,50.5,1136,35.5,33.2,391,12.2,67.7,745,23.3,110,3.4,50.8,412,12.9,1.05,8.4,185,5.8,17.7,391,12.2,7.6,136,4.3,662,20.7,24
Sacramento State,29,14,15,48.3,1864.0,64.3,52.3,107.0,710,1544,46.0,397,552,71.9,177,479,37.0,51.7,55.2,35.8,53.5,19.9,26.6,1.07,1994,68.8,49.5,913,31.5,29.6,269,9.3,69.5,644,22.2,58,2.0,55.2,392,13.5,1.2,8.3,155,5.3,17.6,328,11.3,2.9,42,1.4,614,21.2,19
Sacred Heart,31,5,26,16.1,2148.0,69.3,51.4,100.7,758,1836,41.3,449,655,68.5,197,603,32.7,46.7,50.3,35.7,51.9,20.8,27.3,1.01,2162,69.7,49.7,1070,34.5,32.4,379,12.2,67.0,691,22.3,109,3.5,51.2,388,12.5,1.03,7.7,166,5.4,17.6,378,12.2,3.8,65,2.1,618,19.9,17
Saint Louis,31,26,5,83.9,2106.0,67.9,51.1,103.1,751,1697,44.3,496,700,70.9,174,547,31.8,49.4,53.5,41.2,53.1,22.8,24.0,1.03,2172,70.1,50.4,1125,36.3,29.6,315,10.2,71.2,810,26.1,108,3.5,58.6,440,14.2,1.13,10.9,229,7.4,18.5,390,12.6,7.6,131,4.2,534,17.2,11
Saint Mary's,33,22,11,66.7,2102.0,63.7,55.6,113.1,780,1724,45.2,584,825,70.8,233,609,38.3,52.0,56.2,47.9,46.0,24.6,29.4,1.13,2377,72.0,53.5,1131,34.3,36.8,391,11.8,70.1,740,22.4,65,2.0,52.8,412,12.5,1.08,8.8,185,5.6,18.1,381,11.5,6.4,109,3.3,632,19.2,4
Sam Houston State,30,21,9,70.0,2075.0,69.2,55.9,111.6,771,1660,46.4,560,852,65.7,214,549,39.0,52.9,56.1,51.3,48.1,24.2,27.7,1.12,2316,77.2,52.0,1068,35.6,35.5,374,12.5,68.4,694,23.1,75,2.5,62.3,480,16.0,1.23,10.0,208,6.9,18.7,389,13.0,6.2,98,3.3,659,22.0,25
Samford,33,13,20,39.4,2249.0,68.2,51.9,103.5,849,1792,47.4,468,692,67.6,161,488,33.0,51.9,54.9,38.6,59.1,20.1,20.8,1.03,2327,70.5,47.2,1058,32.1,27.9,299,9.1,66.4,759,23.0,96,2.9,53.0,450,13.6,1.07,8.2,185,5.6,18.7,421,12.8,5.4,99,3.0,694,21.0,16
San Diego,32,16,16,50.0,2032.0,65.5,51.6,105.2,738,1658,44.5,456,660,69.1,205,547,37.5,50.7,54.2,39.8,49.9,21.3,28.8,1.05,2138,66.8,49.8,1062,33.2,30.4,313,9.8,69.2,749,23.4,107,3.3,48.4,357,11.2,0.95,9.2,186,5.8,18.6,377,11.8,7.2,122,3.8,592,18.5,7
San Diego State,30,27,3,90.0,1956.0,65.2,57.1,109.4,739,1682,43.9,510,782,65.2,152,427,35.6,48.5,52.1,46.5,54.9,23.8,21.3,1.09,2140,71.3,53.8,1149,38.3,37.0,396,13.2,70.6,753,25.1,107,3.6,41.0,303,10.1,0.99,11.8,231,7.7,15.6,305,10.2,10.0,162,5.4,493,16.4,8
San Francisco,32,21,11,65.6,2157.0,67.4,56.0,111.6,834,1754,47.5,517,797,64.9,221,595,37.1,53.8,56.4,45.4,50.9,21.5,27.5,1.12,2407,75.2,51.7,1136,35.5,33.2,357,11.2,70.1,779,24.3,96,3.0,55.8,465,14.5,1.25,8.0,172,5.4,17.3,373,11.7,4.7,83,2.6,628,19.6,23
San Jose State,31,7,24,22.6,2056.0,66.3,45.3,94.3,631,1686,37.4,411,569,72.2,265,797,33.2,45.3,49.5,33.7,37.8,21.2,41.0,0.94,1938,62.5,49.2,1106,35.7,28.6,321,10.4,69.9,785,25.3,108,3.5,54.8,346,11.2,0.83,6.5,133,4.3,20.2,416,13.4,5.0,86,2.8,637,20.5,20
Santa Clara,33,14,19,42.4,2172.0,65.8,51.8,107.7,788,1853,42.5,516,704,73.3,248,678,36.6,49.2,53.5,38.0,46.2,22.1,31.8,1.08,2340,70.9,48.3,1057,32.0,29.3,343,10.4,67.2,714,21.6,75,2.3,51.1,403,12.2,1.22,9.2,200,6.1,15.1,329,10.0,7.9,137,4.2,663,20.1,9
Savannah State,31,13,18,41.9,2056.0,66.3,48.6,93.4,674,1604,42.0,420,642,65.4,153,490,31.2,46.8,50.3,40.0,54.2,21.9,23.9,0.93,1921,62.0,48.7,1042,33.6,32.1,342,11.0,65.3,700,22.6,133,4.3,48.1,324,10.5,0.66,10.8,222,7.2,23.7,488,15.7,9.6,153,4.9,653,21.1,11
Seattle,29,13,16,44.8,2014.0,69.4,53.0,102.8,734,1729,42.5,386,593,65.1,217,636,34.1,48.7,51.5,34.3,49.9,18.6,31.4,1.03,2071,71.4,54.2,1117,38.5,37.9,400,13.8,70.5,717,24.7,94,3.2,52.6,386,13.3,0.94,9.0,181,6.2,20.4,411,14.2,5.6,89,3.1,637,22.0,26
Seton Hall,32,16,16,50.0,2156.0,67.4,50.0,106.9,765,1683,45.5,536,745,71.9,238,662,36.0,52.5,56.6,44.3,45.7,23.3,31.0,1.07,2304,72.0,49.3,1038,32.4,26.8,274,8.6,71.8,764,23.9,87,2.7,55.9,428,13.4,1.08,10.3,221,6.9,18.4,397,12.4,5.2,90,2.8,632,19.8,14
Siena,32,15,17,46.9,2198.0,68.7,53.5,101.8,773,1836,42.1,552,768,71.9,139,429,32.4,45.9,50.8,41.8,56.7,24.7,18.6,1.02,2237,69.9,51.8,1209,37.8,38.9,451,14.1,64.6,758,23.7,121,3.8,56.7,438,13.7,0.97,8.6,188,5.9,20.6,453,14.2,8.3,147,4.6,735,23.0,40
SIU Edwardsville,31,11,20,35.5,2151.0,69.4,51.5,105.3,806,1715,47.0,429,645,66.5,223,590,37.8,53.5,56.0,37.6,51.5,18.9,29.5,1.05,2264,73.0,48.1,963,31.1,29.0,298,9.6,67.2,665,21.5,86,2.8,54.1,436,14.1,1.02,9.9,212,6.8,19.9,429,13.8,5.5,94,3.0,627,20.2,18
South Alabama,31,11,20,35.5,2100.0,67.7,50.8,101.7,716,1776,40.3,463,679,68.2,241,724,33.3,47.1,50.9,38.2,44.5,21.7,33.8,1.02,2136,68.9,51.1,1155,37.3,32.7,379,12.2,69.5,776,25.0,96,3.1,48.7,349,11.3,0.92,7.3,153,4.9,18.1,380,12.3,7.0,123,4.0,621,20.0,19
South Carolina,32,13,19,40.6,2146.0,67.1,53.0,102.9,731,1747,41.8,560,796,70.4,186,488,38.1,47.2,52.0,45.6,49.4,25.4,25.3,1.03,2208,69.0,52.5,1127,35.2,39.3,438,13.7,65.6,689,21.5,118,3.7,54.2,396,12.4,0.86,9.6,205,6.4,21.4,459,14.3,7.6,124,3.9,730,22.8,18
South Carolina State,30,9,21,30.0,2032.0,67.7,49.9,92.7,676,1709,39.6,383,587,65.2,148,524,28.2,43.9,47.4,34.3,56.1,20.3,23.6,0.93,1883,62.8,50.4,1090,36.3,35.2,402,13.4,65.5,688,22.9,109,3.6,53.8,364,12.1,0.81,8.3,168,5.6,22.2,452,15.1,5.9,99,3.3,577,19.2,8
South Dakota,30,12,18,40.0,2014.0,67.1,49.2,103.5,713,1613,44.2,467,622,75.1,191,539,35.4,50.1,54.6,38.6,50.1,22.4,27.5,1.03,2084,69.5,48.9,983,32.8,27.3,263,8.8,70.5,720,24.0,80,2.7,53.4,381,12.7,1.03,8.1,163,5.4,18.4,371,12.4,6.7,113,3.8,522,17.4,16
South Dakota State,31,19,12,61.3,2082.0,67.2,51.6,108.1,745,1661,44.9,560,739,75.8,200,584,34.2,50.9,55.9,44.5,48.4,24.9,26.7,1.08,2250,72.6,53.9,1097,35.4,30.1,302,9.7,77.7,795,25.6,88,2.8,54.9,409,13.2,1.11,8.2,170,5.5,17.6,367,11.8,6.0,100,3.2,545,17.6,16
South Florida,32,12,20,37.5,2144.0,67.0,51.6,97.9,751,1729,43.4,501,757,66.2,97,376,25.8,46.2,50.3,43.8,62.3,23.9,13.9,0.98,2100,65.6,49.9,1122,35.1,31.6,354,11.1,68.2,768,24.0,102,3.2,53.5,402,12.6,0.98,8.7,186,5.8,19.2,411,12.8,6.4,118,3.7,566,17.7,8
Southeast Missouri State,32,18,14,56.3,2327.0,72.7,56.4,114.1,961,1924,49.9,514,743,69.2,218,607,35.9,55.6,58.3,38.6,56.0,19.4,24.6,1.14,2654,82.9,52.3,1191,37.2,33.0,360,11.3,71.5,831,26.0,95,3.0,55.5,533,16.7,1.27,9.8,228,7.1,18.0,419,13.1,7.2,136,4.3,641,20.0,18
Southeastern Louisiana,30,12,18,40.0,2016.0,67.2,49.1,103.4,714,1612,44.3,453,650,69.7,204,560,36.4,50.6,54.3,40.3,48.9,21.7,29.4,1.03,2085,69.5,46.4,958,31.9,25.6,256,8.5,67.1,702,23.4,86,2.9,49.2,351,11.7,0.97,6.8,137,4.6,18.0,363,12.1,7.4,124,4.1,593,19.8,14
Southern Illinois,33,14,19,42.4,2107.0,63.8,54.3,104.8,781,1717,45.5,498,741,67.2,148,449,33.0,49.8,53.4,43.2,57.3,22.6,20.1,1.05,2208,66.9,51.7,1104,33.5,34.4,371,11.2,68.9,733,22.2,109,3.3,42.3,330,10.0,0.82,11.2,237,7.2,19.2,404,12.2,4.2,70,2.1,632,19.2,12
Southern Methodist,31,23,8,74.2,2064.0,66.6,55.0,107.6,795,1624,49.0,490,718,68.2,140,378,37.0,53.3,56.5,44.2,59.0,22.1,18.9,1.08,2220,71.6,52.1,1129,36.4,34.8,333,10.7,69.3,796,25.7,90,2.9,59.1,470,15.2,1.1,11.3,233,7.5,20.7,428,13.8,8.6,143,4.6,606,19.5,10
Southern Miss,31,26,5,83.9,2031.0,65.5,56.4,110.9,746,1604,46.5,591,859,68.8,169,478,35.4,51.8,56.0,53.6,51.2,26.2,22.5,1.11,2252,72.6,54.8,1100,35.5,39.1,390,12.6,70.4,710,22.9,101,3.3,59.5,444,14.3,1.08,13.0,264,8.5,20.2,411,13.3,4.4,66,2.1,639,20.6,15
Southern University,32,19,13,59.4,2197.0,68.7,53.4,103.7,823,1822,45.2,444,718,61.8,188,554,33.9,50.3,52.7,39.4,55.8,19.5,24.8,1.04,2278,71.2,52.0,1236,38.6,33.2,378,11.8,70.7,858,26.8,133,4.2,50.9,419,13.1,0.99,9.1,199,6.2,19.3,425,13.3,9.2,156,4.9,685,21.4,15
Southern Utah,29,2,27,6.9,1895.0,65.3,44.2,90.2,591,1462,40.4,397,576,68.9,131,401,32.7,44.9,49.3,39.4,53.8,23.2,23.0,0.9,1710,59.0,45.1,827,28.5,24.2,234,8.1,66.0,593,20.4,80,2.8,53.0,313,10.8,0.78,6.8,129,4.4,21.3,403,13.9,6.3,93,3.2,675,23.3,23
St. Bonaventure,30,16,14,53.3,2063.0,68.8,55.4,107.6,785,1715,45.8,508,714,71.1,142,441,32.2,49.9,54.0,41.6,57.9,22.9,19.2,1.08,2220,74.0,52.7,1072,35.7,37.0,386,12.9,68.3,686,22.9,107,3.6,52.5,412,13.7,1.04,10.1,208,6.9,19.2,397,13.2,8.0,128,4.3,615,20.5,13
St. Francis (NY),32,18,14,56.3,2167.0,67.7,52.1,101.8,781,1813,43.1,450,659,68.3,195,619,31.5,48.5,51.9,36.3,53.1,20.4,26.5,1.02,2207,69.0,52.3,1189,37.2,33.6,383,12.0,70.9,806,25.2,107,3.3,51.1,399,12.5,0.95,8.4,181,5.7,19.4,421,13.2,9.7,170,5.3,639,20.0,11
St. Francis (PA),31,10,21,32.3,1958.0,63.2,48.2,97.9,675,1649,40.9,346,539,64.2,220,688,32.0,47.6,50.3,32.7,47.5,18.1,34.4,0.98,1916,61.8,46.9,934,30.1,26.0,280,9.0,67.8,654,21.1,97,3.1,53.5,361,11.6,1.08,9.0,176,5.7,17.0,333,10.7,5.0,85,2.7,481,15.5,4
St. John's,31,20,11,64.5,2117.0,68.3,53.9,106.3,810,1802,45.0,488,691,70.6,143,416,34.4,48.9,52.8,38.3,59.3,21.7,19.1,1.06,2251,72.6,50.2,1130,36.5,31.4,345,11.1,68.9,785,25.3,104,3.4,50.2,407,13.1,1.2,9.9,210,6.8,16.0,339,10.9,13.6,237,7.6,578,18.6,18
St. Joseph's (PA),30,21,9,70.0,1985.0,66.2,53.1,108.3,745,1584,47.0,438,680,64.4,222,581,38.2,54.0,56.4,42.9,48.7,20.4,31.0,1.08,2150,71.7,51.1,1067,35.6,30.3,295,9.8,71.9,772,25.7,85,2.8,57.0,425,14.2,1.13,6.9,137,4.6,18.9,375,12.5,8.2,141,4.7,476,15.9,11
St. Peter's,31,14,17,45.2,1990.0,64.2,49.6,98.5,659,1618,40.7,480,682,70.4,163,516,31.6,45.8,50.5,42.2,50.6,24.5,24.9,0.99,1961,63.3,49.7,1053,34.0,30.9,329,10.6,68.4,724,23.4,96,3.1,46.0,303,9.8,0.81,10.0,199,6.4,18.7,373,12.0,8.2,135,4.4,567,18.3,9
Stanford,31,20,11,64.5,2094.0,67.5,53.5,109.3,786,1694,46.4,535,763,70.1,181,487,37.2,51.7,55.6,45.0,52.9,23.4,23.7,1.09,2288,73.8,50.8,1094,35.3,30.0,306,9.9,71.6,788,25.4,101,3.3,46.7,367,11.8,1.05,7.5,157,5.1,16.7,349,11.3,7.9,137,4.4,562,18.1,17
Stephen F. Austin,31,29,2,93.5,2051.0,66.2,57.9,115.6,823,1773,46.4,508,718,70.8,217,626,34.7,52.5,56.1,40.5,51.1,21.4,27.5,1.16,2371,76.5,55.2,1049,33.8,38.9,406,13.1,71.4,643,20.7,78,2.5,62.1,511,16.5,1.47,11.5,235,7.6,17.0,348,11.2,6.6,94,3.0,653,21.1,7
Stetson,31,7,24,22.6,1999.0,64.5,48.6,95.8,683,1628,42.0,391,590,66.3,159,541,29.4,46.8,50.2,36.2,54.7,20.4,24.9,0.96,1916,61.8,45.7,926,29.9,27.8,294,9.5,63.5,632,20.4,89,2.9,54.2,370,11.9,0.97,8.7,174,5.6,19.2,383,12.4,6.9,116,3.7,529,17.1,7
Stony Brook,32,23,9,71.9,2144.0,67.0,54.2,107.8,818,1789,45.7,498,693,71.9,177,486,36.4,50.7,54.6,38.7,55.5,21.5,23.0,1.08,2311,72.2,54.0,1178,36.8,34.4,367,11.5,73.6,811,25.3,98,3.1,50.7,415,13.0,1.04,8.9,191,6.0,18.6,399,12.5,5.7,97,3.0,603,18.8,13
Syracuse,31,27,4,87.1,1887.0,60.9,58.4,112.2,752,1707,44.1,458,655,69.9,156,461,33.8,48.6,52.5,38.4,56.3,21.6,22.1,1.12,2118,68.3,53.2,1092,35.2,38.1,407,13.1,68.2,685,22.1,100,3.2,49.6,373,12.0,1.34,13.3,251,8.1,14.7,278,9.0,10.0,152,4.9,492,15.9,9
TCU,31,9,22,29.0,2064.0,66.6,46.0,95.6,654,1623,40.3,519,709,73.2,146,454,32.2,44.8,50.3,43.7,51.5,26.3,22.2,0.96,1973,63.6,43.1,928,29.9,24.4,259,8.4,61.7,669,21.6,79,2.5,54.1,354,11.4,0.98,9.0,185,6.0,17.5,362,11.7,5.6,100,3.2,534,17.2,14
Temple,31,9,22,29.0,2163.0,69.8,53.6,105.9,828,1934,42.8,434,614,70.7,201,594,33.8,48.0,51.5,31.7,54.7,18.9,26.3,1.06,2291,73.9,49.2,1102,35.5,32.3,383,12.4,66.1,719,23.2,122,3.9,50.8,421,13.6,1.29,8.3,180,5.8,15.1,327,10.5,5.9,109,3.5,573,18.5,8
Tennessee,31,20,11,64.5,1966.0,63.4,58.8,114.2,776,1738,44.6,509,715,71.2,185,542,34.1,50.0,54.1,41.1,52.6,22.7,24.7,1.14,2246,72.5,56.4,1214,39.2,40.4,437,14.1,72.3,777,25.1,87,2.8,51.5,400,12.9,1.23,8.2,161,5.2,16.6,326,10.5,9.2,153,4.9,530,17.1,10
Tennessee State,30,5,25,16.7,2013.0,67.1,52.1,102.4,707,1647,42.9,500,714,70.0,147,502,29.3,47.4,51.9,43.4,54.3,24.3,21.4,1.02,2061,68.7,50.1,1007,33.6,32.6,344,11.5,67.5,663,22.1,84,2.8,44.4,314,10.5,0.85,8.1,163,5.4,18.4,371,12.4,5.2,84,2.8,641,21.4,20
Tennessee Tech,33,17,16,51.5,2277.0,71.2,53.5,104.4,822,1810,45.4,547,808,67.7,185,565,32.7,50.5,54.2,44.6,53.6,23.0,23.3,1.04,2378,72.1,52.5,1171,35.5,36.4,412,12.5,68.6,759,23.0,110,3.3,49.6,408,12.4,0.82,10.8,245,7.4,21.9,498,15.1,8.9,154,4.7,729,22.1,17
Tennessee-Martin,31,8,23,25.8,2207.0,73.6,51.2,104.4,792,1870,42.4,502,692,72.5,218,636,34.3,48.2,52.4,37.0,49.8,21.8,28.4,1.04,2304,74.3,48.8,982,31.7,29.7,350,11.3,67.8,632,20.4,87,2.8,53.8,426,13.7,1.18,10.6,234,7.5,16.4,361,11.6,4.9,82,2.6,654,21.1,12
Texas,31,22,9,71.0,2174.0,70.1,56.4,106.3,798,1852,43.1,558,835,66.8,157,490,32.0,47.3,51.4,45.1,55.5,24.1,20.4,1.06,2311,74.5,55.1,1297,41.8,39.3,465,15.0,70.8,832,26.8,97,3.1,48.1,384,12.4,0.99,8.5,185,6.0,17.8,387,12.5,10.4,187,6.0,594,19.2,10
Texas A&M,31,17,14,54.8,2012.0,64.9,50.0,99.5,708,1650,42.9,409,640,63.9,177,554,31.9,48.3,51.2,38.8,53.0,20.4,26.5,1.0,2002,64.6,47.7,1043,33.6,27.3,290,9.4,68.1,753,24.3,93,3.0,55.8,395,12.7,1.14,9.9,199,6.4,17.2,347,11.2,7.5,124,4.0,547,17.6,11
Texas A&M-Corpus Christi,31,17,14,54.8,2000.0,64.5,55.5,107.3,763,1617,47.2,489,732,66.8,130,362,35.9,51.2,54.6,45.3,59.0,22.8,18.2,1.07,2145,69.2,51.8,1055,34.0,35.3,348,11.2,68.3,707,22.8,104,3.4,50.2,383,12.4,1.0,10.5,210,6.8,19.2,384,12.4,5.8,93,3.0,625,20.2,13
Texas Southern,31,17,14,54.8,2155.0,69.5,54.1,109.7,788,1712,46.0,589,829,71.0,199,555,35.9,51.8,56.1,48.4,49.8,24.9,25.3,1.1,2364,76.3,51.6,1154,37.2,34.0,359,11.6,69.2,795,25.6,131,4.2,55.7,439,14.2,1.07,6.8,146,4.7,19.0,409,13.2,6.0,115,3.7,501,16.2,22
Texas State,31,8,23,25.8,1971.0,63.6,49.8,96.5,697,1604,43.5,364,549,66.3,145,474,30.6,48.0,51.0,34.2,58.0,19.1,22.9,0.97,1903,61.4,51.6,1004,32.4,31.2,313,10.1,72.0,691,22.3,92,3.0,49.4,344,11.1,0.81,9.2,182,5.9,21.6,425,13.7,5.6,87,2.8,561,18.1,8
Texas Tech,32,14,18,43.8,2042.0,63.8,55.2,107.2,783,1718,45.6,484,665,72.8,140,450,31.1,49.7,53.8,38.7,58.7,22.1,19.2,1.07,2190,68.4,52.4,1054,32.9,37.6,377,11.8,67.1,677,21.2,93,2.9,46.7,366,11.4,0.95,9.6,196,6.1,18.9,385,12.0,7.0,117,3.7,605,18.9,5
Texas-Arlington,30,14,16,46.7,2158.0,71.9,51.8,106.2,765,1751,43.7,519,737,70.4,241,702,34.3,50.6,54.5,42.1,45.7,22.7,31.6,1.06,2291,76.4,50.7,1118,37.3,32.3,356,11.9,69.0,762,25.4,109,3.6,47.8,366,12.2,0.88,7.4,159,5.3,19.2,414,13.8,6.1,108,3.6,593,19.8,11
Texas-El Paso,32,23,9,71.9,2105.0,65.8,53.3,106.2,760,1614,47.1,570,836,68.2,145,424,34.2,51.6,55.6,51.8,55.0,25.5,19.5,1.06,2235,69.8,49.7,1168,36.5,32.3,328,10.3,67.1,840,26.3,101,3.2,57.9,440,13.8,1.03,7.8,164,5.1,20.4,429,13.4,7.2,131,4.1,587,18.3,17
Texas-Pan American,31,9,22,29.0,2120.0,68.4,49.7,96.1,732,1777,41.2,425,638,66.6,149,536,27.8,45.4,49.0,35.9,57.2,20.9,21.9,0.96,2038,65.7,47.9,1044,33.7,29.8,344,11.1,65.9,700,22.6,124,4.0,53.1,389,12.5,1.01,10.2,216,7.0,18.2,386,12.5,4.4,73,2.4,647,20.9,17
Texas-San Antonio,30,8,22,26.7,2053.0,68.4,50.2,100.6,654,1545,42.3,577,836,69.0,181,547,33.1,48.2,53.2,54.1,45.8,27.9,26.3,1.01,2066,68.9,51.2,1038,34.6,34.8,360,12.0,67.5,678,22.6,100,3.3,48.3,316,10.5,0.67,8.8,181,6.0,23.0,473,15.8,3.3,55,1.8,619,20.6,17
Toledo,31,26,5,83.9,2159.0,69.6,58.0,115.7,857,1820,47.1,608,831,73.2,177,500,35.4,52.0,56.4,45.7,54.4,24.3,21.2,1.16,2499,80.6,52.4,1118,36.1,36.2,390,12.6,68.5,728,23.5,109,3.5,55.1,472,15.2,1.43,9.9,213,6.9,15.2,329,10.6,5.0,89,2.9,540,17.4,16
Towson,33,23,10,69.7,2160.0,65.5,56.0,111.8,786,1735,45.3,647,935,69.2,195,548,35.6,50.9,55.4,53.9,49.0,26.8,24.2,1.12,2414,73.2,52.4,1283,38.9,36.3,396,12.0,68.5,887,26.9,91,2.8,42.1,331,10.0,0.88,6.2,134,4.1,17.4,376,11.4,8.3,159,4.8,663,20.1,18
Troy,30,11,19,36.7,2002.0,66.7,51.8,102.9,684,1625,42.1,479,722,66.3,213,623,34.2,48.6,52.3,44.4,45.7,23.3,31.0,1.03,2060,68.7,50.4,1061,35.4,33.2,357,11.9,67.5,704,23.5,68,2.3,48.8,334,11.1,0.87,8.8,177,5.9,19.2,385,12.8,4.2,73,2.4,477,15.9,11
Tulane,32,17,15,53.1,2042.0,63.8,50.0,100.9,658,1584,41.5,553,795,69.6,191,543,35.2,47.6,52.5,50.2,45.3,26.8,27.8,1.01,2060,64.4,49.7,1079,33.7,31.6,337,10.5,67.8,742,23.2,110,3.4,45.1,297,9.3,0.73,7.3,149,4.7,19.9,407,12.7,5.4,94,2.9,595,18.6,9
Tulsa,30,18,12,60.0,2086.0,69.5,52.5,105.3,743,1686,44.1,533,788,67.6,178,547,32.5,49.3,53.3,46.7,51.4,24.3,24.3,1.05,2197,73.2,50.4,1089,36.3,30.3,326,10.9,70.5,763,25.4,109,3.6,53.2,395,13.2,1.13,10.0,209,7.0,16.7,349,11.6,7.3,118,3.9,651,21.7,22
UAB,31,18,13,58.1,2179.0,70.3,56.4,104.0,800,1919,41.7,508,772,65.8,158,525,30.1,45.8,49.6,40.2,56.7,22.4,20.9,1.04,2266,73.1,55.2,1382,44.6,40.1,509,16.4,70.3,873,28.2,141,4.5,49.0,392,12.6,0.97,7.8,169,5.5,18.5,403,13.0,6.6,128,4.1,543,17.5,11
UC Davis,31,9,22,29.0,2115.0,68.2,48.2,102.8,745,1701,43.8,439,631,69.6,245,687,35.7,51.0,54.3,37.1,46.0,20.2,33.8,1.03,2174,70.1,44.7,887,28.6,24.4,255,8.2,65.0,632,20.4,76,2.5,49.9,372,12.0,1.0,7.5,159,5.1,17.6,373,12.0,4.0,70,2.3,606,19.5,17
UC Irvine,32,22,10,68.8,2141.0,66.9,54.5,107.1,844,1779,47.4,423,664,63.7,182,511,35.6,52.6,54.7,37.3,57.7,18.4,23.8,1.07,2293,71.7,51.3,1238,38.7,31.8,345,10.8,70.8,893,27.9,103,3.2,60.3,509,15.9,1.27,8.5,182,5.7,18.8,402,12.6,11.2,205,6.4,593,18.5,11
UC Riverside,30,10,20,33.3,2068.0,68.9,50.2,100.3,725,1659,43.7,489,695,70.4,135,445,30.3,47.8,52.1,41.9,56.9,23.6,19.5,1.0,2074,69.1,49.5,1018,33.9,29.4,307,10.2,69.6,711,23.7,90,3.0,47.0,341,11.4,0.86,9.4,195,6.5,19.1,396,13.2,7.9,132,4.4,583,19.4,15
UC-Santa Barbara,29,21,8,72.4,1863.0,64.2,54.7,112.7,715,1525,46.9,465,653,71.2,204,527,38.7,53.6,57.2,42.8,48.7,22.2,29.2,1.13,2099,72.4,50.5,1030,35.5,32.3,295,10.2,68.6,735,25.3,81,2.8,65.3,467,16.1,1.45,7.9,148,5.1,17.3,322,11.1,8.8,140,4.8,547,18.9,9
UCF,30,13,17,43.3,2077.0,69.2,55.4,105.7,783,1778,44.0,418,681,61.4,211,624,33.8,50.0,52.2,38.3,52.1,19.0,28.8,1.06,2195,73.2,52.7,1153,38.4,38.0,431,14.4,67.4,722,24.1,131,4.4,48.8,382,12.7,0.92,9.9,206,6.9,19.9,413,13.8,7.5,132,4.4,542,18.1,10
UCLA,31,23,8,74.2,2208.0,71.2,56.0,115.1,903,1859,48.6,533,710,75.1,202,514,39.3,54.0,57.8,38.2,55.2,21.0,23.8,1.15,2541,82.0,50.8,1105,35.6,30.4,319,10.3,71.1,786,25.4,84,2.7,59.4,536,17.3,1.65,13.5,298,9.6,14.7,325,10.5,5.2,91,2.9,555,17.9,10
UIC,31,6,25,19.4,2063.0,66.5,50.4,100.4,714,1696,42.1,471,660,71.4,172,525,32.8,47.2,51.5,38.9,52.3,22.7,24.9,1.0,2071,66.8,51.3,1054,34.0,30.8,336,10.8,71.8,718,23.2,121,3.9,48.5,346,11.2,0.89,8.3,171,5.5,18.8,388,12.5,3.4,55,1.8,672,21.7,18
UMass-Lowell,28,10,18,35.7,1815.0,64.8,45.9,94.7,570,1447,39.4,386,548,70.4,192,588,32.7,46.0,50.3,37.9,44.0,22.5,33.5,0.95,1718,61.4,46.3,880,31.4,28.2,268,9.6,64.4,612,21.9,50,1.8,58.8,335,12.0,0.89,9.1,166,5.9,20.8,378,13.5,4.7,73,2.6,517,18.5,14
UNLV,31,19,12,61.3,2087.0,67.3,55.3,107.0,790,1802,43.8,469,714,65.7,184,561,32.8,48.9,52.1,39.6,54.3,21.0,24.7,1.07,2233,72.0,51.8,1247,40.2,34.6,397,12.8,68.9,850,27.4,100,3.2,52.4,414,13.4,1.2,7.3,153,4.9,16.6,346,11.2,10.7,205,6.6,487,15.7,2
USC,32,11,21,34.4,2279.0,71.2,50.8,99.1,801,1824,43.9,510,761,67.0,146,501,29.1,47.9,51.7,41.7,58.0,22.6,19.4,0.99,2258,70.6,49.4,1185,37.0,31.0,354,11.1,67.8,831,26.0,78,2.4,50.4,404,12.6,0.9,7.6,174,5.4,19.7,449,14.0,7.2,141,4.4,628,19.6,9
USC Upstate,33,19,14,57.6,2243.0,68.0,55.5,108.4,866,1915,45.2,493,731,67.4,207,653,31.7,50.6,53.8,38.2,54.2,20.3,25.5,1.08,2432,73.7,52.7,1261,38.2,35.7,418,12.7,69.7,843,25.5,85,2.6,59.0,511,15.5,1.28,9.9,223,6.8,17.8,399,12.1,6.3,117,3.5,602,18.2,7
Utah,31,21,10,67.7,2100.0,67.7,54.7,113.4,839,1693,49.6,508,687,73.9,196,559,35.1,55.3,59.0,40.6,54.0,21.3,24.7,1.13,2382,76.8,51.3,1108,35.7,30.2,287,9.3,72.4,821,26.5,88,2.8,57.9,486,15.7,1.34,10.0,210,6.8,17.3,364,11.7,8.4,146,4.7,524,16.9,7
Utah State,31,18,13,58.1,1966.0,63.4,54.7,110.7,770,1691,45.5,417,566,73.7,219,532,41.2,52.0,55.5,33.5,50.6,19.2,30.2,1.11,2176,70.2,53.9,1139,36.7,33.9,340,11.0,73.9,799,25.8,51,1.6,65.5,504,16.3,1.49,5.4,106,3.4,17.2,339,10.9,6.5,113,3.6,552,17.8,7
Utah Valley University,29,19,10,65.5,1859.0,64.1,50.2,104.6,649,1518,42.8,459,606,75.7,188,548,34.3,48.9,53.9,39.9,47.4,23.6,29.0,1.05,1945,67.1,49.8,990,34.1,29.2,275,9.5,70.4,715,24.7,79,2.7,62.1,403,13.9,1.24,8.0,148,5.1,17.4,324,11.2,5.3,84,2.9,489,16.9,5
Valparaiso,33,18,15,54.5,2226.0,67.5,51.1,107.1,792,1684,47.0,571,777,73.5,228,609,37.4,53.8,58.0,46.1,47.3,24.0,28.7,1.07,2383,72.2,51.1,1190,36.1,32.6,324,9.8,69.6,866,26.2,107,3.2,53.9,427,12.9,0.85,8.3,185,5.6,22.5,500,15.2,9.1,169,5.1,695,21.1,25
Vanderbilt,31,15,16,48.4,2010.0,64.8,49.4,99.6,689,1598,43.1,433,658,65.8,191,599,31.9,49.1,52.4,41.2,49.8,21.6,28.6,1.0,2002,64.6,47.7,1069,34.5,29.9,305,9.8,65.4,764,24.6,94,3.0,58.6,404,13.0,0.98,7.2,145,4.7,20.6,414,13.4,7.8,138,4.5,541,17.5,10
Vermont,32,22,10,68.8,2061.0,64.4,53.9,110.5,763,1627,46.9,563,770,73.1,189,473,40.0,52.7,57.2,47.3,50.4,24.7,24.9,1.11,2278,71.2,52.9,1113,34.8,32.9,319,10.0,72.8,794,24.8,97,3.0,54.4,415,13.0,1.09,10.9,224,7.0,18.5,382,11.9,8.3,137,4.3,594,18.6,17
Villanova,31,28,3,90.3,2135.0,68.9,54.6,114.8,802,1736,46.2,561,783,71.6,285,782,36.4,54.4,58.1,45.1,42.2,22.9,34.9,1.15,2450,79.0,52.1,1149,37.1,33.4,350,11.3,70.7,799,25.8,93,3.0,61.2,491,15.8,1.32,10.0,213,6.9,17.4,372,12.0,7.2,124,4.0,619,20.0,14
Virginia,31,25,6,80.6,1893.0,61.1,55.5,108.6,719,1593,45.1,444,672,66.1,173,469,36.9,50.6,53.7,42.2,53.1,21.6,25.3,1.09,2055,66.3,54.5,1112,35.9,34.7,341,11.0,74.2,771,24.9,94,3.0,57.7,415,13.4,1.31,9.0,171,5.5,16.7,317,10.2,7.8,121,3.9,503,16.2,1
Virginia Commonwealth,31,24,7,77.4,2229.0,71.9,53.7,105.1,816,1945,42.0,481,711,67.7,230,662,34.7,47.9,51.3,36.6,50.0,20.5,29.4,1.05,2343,75.6,51.5,1163,37.5,34.9,437,14.1,68.1,726,23.4,78,2.5,49.9,407,13.1,1.05,16.1,358,11.5,17.4,388,12.5,7.8,130,4.2,610,19.7,5
Virginia Military Institute,31,19,12,61.3,2407.0,77.6,56.4,112.9,962,2186,44.0,513,729,70.4,281,873,32.2,50.4,53.7,33.3,50.1,18.9,31.0,1.13,2718,87.7,49.7,1308,42.2,34.2,457,14.7,65.1,851,27.5,128,4.1,44.2,425,13.7,1.3,9.7,234,7.5,13.6,328,10.6,9.7,204,6.6,581,18.7,10
Virginia Tech,31,9,22,29.0,1994.0,64.3,49.3,97.8,665,1639,40.6,405,625,64.8,215,596,36.1,47.1,50.4,38.1,46.2,20.8,33.1,0.98,1950,62.9,51.1,1138,36.7,31.7,336,10.8,70.5,802,25.9,98,3.2,50.8,338,10.9,0.86,5.1,101,3.3,19.7,392,12.6,7.9,141,4.5,524,16.9,12
Wagner,31,19,12,61.3,2171.0,70.0,52.5,102.1,776,1849,42.0,496,679,73.0,169,505,33.5,46.5,51.0,36.7,54.8,22.4,22.9,1.02,2217,71.5,51.4,1221,39.4,34.5,403,13.0,68.3,818,26.4,121,3.9,45.9,356,11.5,0.9,9.0,195,6.3,18.2,396,12.8,11.2,200,6.5,634,20.5,17
Wake Forest,32,17,15,53.1,2167.0,67.7,52.3,103.6,766,1687,45.4,551,851,64.7,162,487,33.3,50.2,53.7,50.4,53.8,24.5,21.6,1.04,2245,70.2,48.4,1113,34.8,30.2,324,10.1,66.5,789,24.7,98,3.1,56.7,434,13.6,1.1,8.2,178,5.6,18.3,396,12.4,7.0,130,4.1,618,19.3,9
Washington,32,17,15,53.1,2213.0,69.2,53.2,107.7,835,1871,44.6,527,695,75.8,187,552,33.9,49.6,54.2,37.1,54.4,22.1,23.5,1.08,2384,74.5,51.5,1105,34.5,32.2,354,11.1,70.8,751,23.5,105,3.3,51.1,427,13.3,1.17,7.8,172,5.4,16.5,365,11.4,5.1,92,2.9,618,19.3,15
Washington State,31,10,21,32.3,1968.0,63.5,48.4,98.3,654,1633,40.0,392,596,65.8,234,713,32.8,47.2,50.5,36.5,43.4,20.3,36.3,0.98,1934,62.4,50.5,1016,32.8,28.5,308,9.9,72.5,708,22.8,95,3.1,49.7,325,10.5,0.92,8.1,159,5.1,18.0,355,11.5,5.7,89,2.9,565,18.2,6
Weber State,28,17,11,60.7,1839.0,65.7,51.8,111.0,660,1379,47.9,524,715,73.3,197,507,38.9,55.0,59.4,51.8,45.4,25.7,29.0,1.11,2041,72.9,50.6,969,34.6,28.8,237,8.5,72.3,732,26.1,53,1.9,55.9,369,13.2,1.04,6.4,118,4.2,19.2,354,12.6,7.3,117,4.2,512,18.3,7
West Virginia,31,17,14,54.8,2150.0,69.4,55.3,113.1,824,1858,44.3,538,742,72.5,246,637,38.6,51.0,55.0,39.9,47.5,22.1,30.3,1.13,2432,78.5,50.0,1113,35.9,32.5,369,11.9,67.5,744,24.0,86,2.8,49.5,408,13.2,1.36,9.1,195,6.3,13.9,299,9.6,5.3,95,3.1,635,20.5,26
Western Carolina,34,19,15,55.9,2350.0,69.1,54.2,107.4,868,2041,42.5,540,754,71.6,248,706,35.1,48.6,52.6,36.9,49.1,21.4,29.5,1.07,2524,74.2,52.2,1226,36.1,36.2,461,13.6,68.1,765,22.5,125,3.7,47.8,415,12.2,1.0,10.6,248,7.3,17.6,413,12.1,9.3,165,4.9,759,22.3,18
Western Illinois,30,10,20,33.3,1891.0,63.0,48.5,97.2,667,1467,45.5,362,545,66.4,142,418,34.0,50.3,53.2,37.2,57.1,19.7,23.2,0.97,1838,61.3,49.2,914,30.5,26.3,238,7.9,72.0,676,22.5,67,2.2,55.9,373,12.4,0.93,9.5,180,6.0,21.2,400,13.3,5.9,87,2.9,553,18.4,22
Western Kentucky,31,20,11,64.5,2089.0,67.4,51.5,101.7,707,1719,41.1,480,728,65.9,228,683,33.4,47.8,51.4,42.4,45.1,22.6,32.2,1.02,2124,68.5,53.5,1144,36.9,34.7,393,12.7,72.2,751,24.2,106,3.4,49.4,349,11.3,0.83,7.6,159,5.1,20.0,418,13.5,4.7,77,2.5,591,19.1,14
Western Michigan,30,21,9,70.0,2029.0,67.6,51.2,106.4,706,1520,46.4,569,789,72.1,177,536,33.0,52.3,56.9,51.9,49.0,26.4,24.6,1.06,2158,71.9,50.0,1037,34.6,31.6,292,9.7,68.4,745,24.8,94,3.1,48.9,345,11.5,0.8,8.9,181,6.0,21.2,431,14.4,6.0,102,3.4,550,18.3,6
Wichita State,34,34,0,100.0,2208.0,64.9,56.9,116.2,846,1843,45.9,640,877,73.0,234,673,34.8,52.3,56.8,47.6,47.7,24.9,27.4,1.16,2566,75.5,54.9,1312,38.6,35.5,403,11.9,74.2,909,26.7,128,3.8,54.4,460,13.5,1.3,10.7,237,7.0,16.0,354,10.4,9.7,175,5.1,573,16.9,3
William & Mary,32,20,12,62.5,2077.0,64.9,52.2,112.7,798,1676,47.6,463,667,69.4,281,705,39.9,56.0,58.7,39.8,44.2,19.8,36.0,1.13,2340,73.1,47.3,994,31.1,24.8,250,7.8,69.7,744,23.3,74,2.3,56.0,447,14.0,1.35,8.5,177,5.5,15.9,331,10.3,5.7,104,3.3,520,16.3,6
Winthrop,33,20,13,60.6,2267.0,68.7,51.2,107.7,821,1843,44.5,528,741,71.3,272,686,39.7,51.9,55.6,40.2,45.0,21.6,33.4,1.08,2442,74.0,49.4,1072,32.5,29.3,333,10.1,69.5,739,22.4,112,3.4,46.0,378,11.5,0.92,9.3,211,6.4,18.2,412,12.5,5.1,89,2.7,649,19.7,15
Wisconsin,31,25,6,80.6,1978.0,63.8,53.9,114.7,747,1640,45.5,536,718,74.7,239,644,37.1,52.8,57.3,43.8,44.8,23.6,31.6,1.15,2269,73.2,50.2,1027,33.1,28.0,274,8.8,72.3,753,24.3,72,2.3,49.7,371,12.0,1.47,7.9,156,5.0,12.8,253,8.2,6.1,107,3.5,459,14.8,3
Wofford,32,20,12,62.5,2033.0,63.5,54.2,106.5,790,1751,45.1,390,588,66.3,195,525,37.1,50.7,53.3,33.6,55.0,18.0,27.0,1.06,2165,67.7,52.0,1064,33.3,31.9,344,10.8,72.0,720,22.5,84,2.6,52.3,413,12.9,1.21,9.9,202,6.3,16.8,342,10.7,3.4,54,1.7,564,17.6,7
Wright State,34,20,14,58.8,2242.0,67.9,47.5,102.2,771,1691,45.6,544,735,74.0,206,576,35.8,51.7,56.2,43.5,49.3,23.7,27.0,1.02,2292,67.4,47.4,993,29.2,24.5,248,7.3,70.3,745,21.9,66,1.9,59.5,459,13.5,1.01,10.8,242,7.1,20.2,454,13.4,6.2,104,3.1,672,19.8,24
Wyoming,31,18,13,58.1,1904.0,61.4,48.1,106.1,684,1430,47.8,476,663,71.8,176,491,35.8,54.0,57.9,46.4,50.3,23.6,26.1,1.06,2020,65.2,44.1,894,28.8,18.8,159,5.1,69.3,735,23.7,75,2.4,57.2,391,12.6,1.22,7.5,143,4.6,16.9,321,10.4,7.0,116,3.7,524,16.9,14
Xavier,31,20,11,64.5,2064.0,66.6,54.7,108.4,790,1681,47.0,494,719,68.7,163,455,35.8,51.8,55.3,42.8,56.1,22.1,21.9,1.08,2237,72.2,52.8,1129,36.4,34.2,346,11.2,71.4,783,25.3,92,3.0,59.0,466,15.0,1.18,9.0,185,6.0,19.1,394,12.7,5.6,95,3.1,617,19.9,11
Yale,28,15,13,53.6,1825.0,65.2,51.6,102.2,597,1432,41.7,532,763,69.7,139,443,31.4,46.5,52.0,53.3,49.1,28.5,22.4,1.02,1865,66.6,54.0,986,35.2,35.0,331,11.8,73.0,655,23.4,90,3.2,53.4,319,11.4,0.87,9.4,172,6.1,20.1,366,13.1,8.3,118,4.2,558,19.9,8
Youngstown State,32,15,17,46.9,2244.0,70.1,52.0,109.7,836,1822,45.9,540,735,73.5,249,712,35.0,52.7,56.7,40.3,47.7,21.9,30.4,1.1,2461,76.9,49.3,1065,33.3,27.5,297,9.3,71.0,768,24.0,104,3.3,59.7,499,15.6,1.4,9.5,213,6.7,15.9,357,11.2,4.8,86,2.7,607,19.0,20
