Rank,Player,Team,Pos,Efficiency
1,Kenny George,NC-Asheville Bulldogs,C,68.9%
2,Tyler Tiedeman,Boise St. Broncos,F,68.7%
3,Tony Easley,Murray St. Racers,F,68.4%
4,Peter Campbell,Butler Bulldogs,F,66.7%
5,Shan Foster,Vanderbilt Commodores,G,66.4%
6,Vladimir Kuljanin,NC-Wilmington Seahawks,C,66.3%
7,David Padgett,Louisville Cardinals,F,66.2%
8,Jarvis Varnado,Mississippi St. Bulldogs,F,65.9%
9,Maarty Leunen,Oregon Ducks,F,65.8%
10,Matt Nelson,Boise St. Broncos,F,65.7%
11,Lee Cummard,Brigham Young Cougars,G,65.4%
12,Dante Milligan,Massachusetts Minutemen,F,65.2%
13,Lamar Sanders,Lamar Cardinals,F,65.0%
14,Tai Wesley,Utah St. Aggies,F,64.8%
15,Ahmad Nivins,St. Joseph's Hawks,F,64.8%
16,Jaycee Carroll,Utah St. Aggies,G,64.3%
17,Anthony Smith,Liberty Flames,G,64.3%
18,Will Thomas,George Mason Patriots,F,64.2%
19,Parfait Bitee,Rhode Island Rams,G,64.2%
20,Anthony Slack,Illinois St. Redbirds,F,64.2%
21,Joey Dorsey,Memphis Tigers,F,64.2%
22,Andrew Strait,Montana Grizzlies,F,64.0%
23,Jonathan Wallace,Georgetown Hoyas,G,63.9%
24,Randall Hanke,Providence Friars,F,63.6%
25,Hatila Passos,New Mexico St. Aggies,C,63.5%
26,Brandon Davis,South Alabama Jaguars,F,63.4%
27,Shawn Huff,Valparaiso Crusaders,G,63.3%
28,Derrick Brown,Xavier Musketeers,F,63.2%
29,Johnnie Bryant,Utah Utes,G,63.1%
30,Rob Ferguson,St. Joseph's Hawks,F,63.0%
31,Josh Thornton,Towson Tigers,G,62.9%
32,Darnell Jackson,Kansas Jayhawks,F,62.8%
33,Arinze Onuaku,Syracuse Orange,F,62.5%
34,Darnell Harris,La Salle Explorers,G,62.5%
35,Jon Avery,Indiana - Purdue Jaguars,F,62.4%
36,Mario Chalmers,Kansas Jayhawks,G,62.3%
37,Ryan Tillema,Green Bay Phoenix,G,62.1%
38,Ivan Elliott,UC Santa Barbara Gauchos,F,62.1%
39,Jordan Hill,Arizona Wildcats,F,62.1%
40,Jermaine Griffin,Texas-Arlington Mavericks,C,62.0%
41,Quan Prowell,Auburn Tigers,G,61.9%
42,Connor Atchley,Texas Longhorns,F,61.8%
43,Dwayne Curtis,Mississippi Rebels,C,61.8%
44,Jaraun Burrows,IUPU - Ft. Wayne Mastodons,F,61.6%
45,Marreese Speights,Florida Gators,F,61.4%
46,Devon Clarke,Iona Gaels,F,61.4%
47,Roy Hibbert,Georgetown Hoyas,C,61.2%
48,Leon Williams,Ohio Bobcats,F,61.1%
48,Damon Huffman,Brown Bears,G,61.1%
50,Hasheem Thabeet,Connecticut Huskies,C,61.0%
51,Nicchaeus Doaks,Chattanooga Mocs,F,60.9%
52,Taj Gibson,Southern California Trojans,F,60.8%
53,Dane Watts,Creighton Bluejays,F,60.7%
54,Tyler Holloway,Murray St. Racers,G,60.6%
55,Tyler Relph,St. Bonaventure Bonnies,G,60.6%
56,Austin Freeman,Georgetown Hoyas,G,60.6%
57,Matt Bauscher,Boise St. Broncos,G,60.4%
58,Desmond Yates,Middle Tennessee St. Blue Raiders,F,60.4%
59,Amadi McKenzie,Tennessee Tech Golden Eagles,F,60.4%
60,Haminn Quaintance,Kent St. Golden Flashes,F,60.4%
61,Darian Townes,Arkansas Razorbacks,F,60.3%
62,Malik Hairston,Oregon Ducks,G,60.3%
63,Chad Troyer,Pacific Tigers,G,60.3%
64,D.J. White,Indiana Hoosiers,F,60.3%
65,Anthony Morrow,Georgia Tech Yellow Jackets,G,60.3%
66,Othello Hunter,Ohio St Buckeyes,F,60.2%
67,Stephen Curry,Davidson Wildcats,G,60.1%
68,Alex Ruoff,West Virginia Mountaineers,F,60.1%
69,Morgan Sabia,Hartford Hawks,F,60.1%
70,Kevin Love,UCLA Bruins,C,59.9%
71,Donte Minter,Appalachian St. Mountaineers,F,59.9%
72,Calvin Chitwood,CSU Northridge Matadors,F,59.9%
73,Thomas Sander,Davidson Wildcats,F,59.8%
74,Alan Voskuil,Texas Tech Red Raiders,G,59.8%
75,B.J. Raymond,Xavier Musketeers,G,59.7%
76,Chris Singletary,Kent St. Golden Flashes,G,59.7%
77,Dave Noel,Central Florida Knights,G,59.7%
78,Kyle McAlarney,Notre Dame Fighting Irish,G,59.7%
79,Chris Moore,Charleston Southern Buccaneers,G,59.6%
80,Jonathan Han,Fairfield Stags,G,59.6%
81,Aron Baynes,Washington St. Cougars,C,59.5%
82,Matthew Dotson,Belmont Bruins,F,59.5%
83,James Harden,Arizona St. Sun Devils,G,59.5%
84,Tim Clifford,Holy Cross Crusaders,C,59.5%
85,Adrian Banks,Arkansas St. Red Wolves,G,59.5%
86,Gary Wilkinson,Utah St. Aggies,F,59.4%
87,Patrick Sullivan,Southeastern Louisiana Lions,C,59.3%
88,Adnan Hodzic,Lipscomb Bison,C,59.3%
89,Jeff Pendergraph,Arizona St. Sun Devils,F,59.2%
90,Jeremiah Dominguez,Portland St. Vikings,G,59.2%
91,Bilal Abdullah,Lafayette Leopards,G,59.2%
92,George Hill,Indiana - Purdue Jaguars,G,59.1%
93,Austin Montgomery,Indiana - Purdue Jaguars,G,59.1%
94,Leo Lyons,Missouri Tigers,F,59.1%
95,Chris Douglas-Roberts,Memphis Tigers,G,59.0%
96,Kyle Landry,Northern Arizona Lumberjacks,F,59.0%
97,Craig Moore,Northwestern Wildcats,G,59.0%
98,Jonathan Cox,Drake Bulldogs,F,58.9%
99,Ryan Thompson,Rider Broncs,G,58.8%
100,Dustin Scott,Charleston Cougars,C,58.7%
