Rank,Player,Team,Pos,Efficiency
1,Chris Otule,Marquette Golden Eagles,C,84.1%
2,Shane Johannsen,Northern Arizona Lumberjacks,F,72.7%
3,Jon Diebler,Ohio St Buckeyes,G,70.6%
4,Alejo Rodriguez,Iona Gaels,F,69.9%
5,J.R. Cadot,Texas Christian Horned Frogs,G,66.8%
6,Bernard James,Florida St. Seminoles,F,65.7%
7,Kyle Kuric,Louisville Cardinals,G,65.2%
8,Derrick Williams,Arizona Wildcats,F,65.0%
9,Alfred Jones,Tennessee Tech Golden Eagles,F,64.9%
10,Bryson Johnson,Bucknell Bison,G,64.6%
11,Will Hudson,Oakland Golden Grizzlies,F,64.5%
12,Drew Valentine,Oakland Golden Grizzlies,F,64.2%
13,Jordan Dykstra,South Dakota State Jackrabbits,F,63.7%
14,Levi Knutson,Colorado Buffaloes,G,63.6%
15,Tony Meier,Wis.-Milwaukee Panthers,F,63.6%
16,Andre Dawkins,Duke Blue Devils,G,63.5%
17,Brian Green,Utah St. Aggies,G,63.5%
18,William Mosley,Northwestern St. Demons,C,63.4%
19,Eric Platt,Northern Arizona Lumberjacks,G,63.4%
20,Trent Wiedeman,Charleston Cougars,F,63.3%
21,Jeff Ledbetter,Idaho Vandals,G,63.1%
22,Javon McCrea,Buffalo Bulls,F,63.1%
23,Leon Powell,SE Missouri St. Redhawks,F,63.0%
24,Christian Siakam,Indiana - Purdue Jaguars,F,62.9%
25,Brock Motum,Washington St. Cougars,F,62.7%
26,Markieff Morris,Kansas Jayhawks,F,62.7%
27,Jordan Morgan,Michigan Wolverines,F,62.7%
28,Brian Qvale,Montana Grizzlies,C,62.6%
29,Gary Clark,Wake Forest Demon Deacons,G,62.6%
30,Kenneth Faried,Morehead St. Eagles,F,62.3%
31,Robert Nyakundi,Southern Methodist Mustangs,F,62.2%
32,Scott Bamforth,Weber St. Wildcats,G,62.1%
33,Thomas Coleman,No.Carolina A&T Aggies,C,61.9%
34,Keaton Nankivil,Wisconsin Badgers,F,61.8%
35,Justin Harper,Richmond Spiders,F,61.8%
36,Jeremy Simmons,Charleston Cougars,F,61.7%
37,Josh Harrellson,Kentucky Wildcats,F,61.5%
38,Andre Roberson,Colorado Buffaloes,G,61.5%
39,Mickey McConnell,St. Mary's Gaels,G,61.4%
40,Brian Stafford,Denver Pioneers,G,61.3%
41,Nikola Malesevic,Rhode Island Rams,F,61.3%
42,Ryan Broekhoff,Valparaiso Crusaders,G,61.2%
43,Fred Hunter,Nicholls State Colonels,G,61.2%
44,John Fraley,Austin Peay Governors,C,61.2%
45,Noah Dahlman,Wofford Terriers,F,61.2%
46,Kyle Barone,Idaho Vandals,C,61.1%
47,Michael Glover,Iona Gaels,F,61.0%
48,Gregory Echenique,Creighton Bluejays,C,60.9%
49,Ashton Gibbs,Pittsburgh Panthers,G,60.9%
50,Tai Wesley,Utah St. Aggies,F,60.7%
51,Nemanja Mitrovic,Portland Pilots,G,60.6%
52,Zach Filzen,Buffalo Bulls,G,60.6%
53,Noah States,Furman Paladins,F,60.5%
54,Travis Bader,Oakland Golden Grizzlies,G,60.4%
55,Eli Holman,Detroit Titans,C,60.4%
55,PJ Alawoya,McNeese St. Cowboys,F,60.4%
57,Kevin Parrom,Arizona Wildcats,G,60.4%
58,Marcus Denmon,Missouri Tigers,G,60.3%
59,Doron Lamb,Kentucky Wildcats,G,60.2%
60,Thomas Robinson,Kansas Jayhawks,F,60.1%
61,Tom Fow,Air Force Falcons,F,60.1%
62,Marcus Morris,Kansas Jayhawks,F,60.1%
63,Jereal Scott,Stephen F. Austin Lumberjacks,C,60.0%
64,Andy Ogide,Colorado St. Rams,F,60.0%
65,Kyle Smyth,Iona Gaels,G,59.9%
66,Ian Clark,Belmont Bruins,G,59.8%
67,Scootie Randall,Temple Owls,F,59.8%
68,Kelvin Martin,Charleston Southern Buccaneers,F,59.7%
69,Howard Little,Valparaiso Crusaders,G,59.6%
70,Tommy Freeman,Ohio Bobcats,F,59.5%
71,Mitchell Young,St. Mary's Gaels,F,59.4%
72,Markhuri Sanders-Frison,California Golden Bears,C,59.4%
73,Andrew Smith,Butler Bulldogs,C,59.3%
74,Mike Groselle,Citadel Bulldogs,C,59.3%
75,Vernon Macklin,Florida Gators,C,59.3%
76,Papa Dia,Southern Methodist Mustangs,F,59.3%
77,Mason Plumlee,Duke Blue Devils,F,59.3%
78,Stephen Lumpkins,American U. Eagles,F,59.2%
79,Joel Smith,Northeastern Huskies,G,59.2%
80,Brady Morningstar,Kansas Jayhawks,G,59.2%
81,Reggie Johnson,Miami-Florida Hurricanes,C,59.1%
82,Jordan Hulls,Indiana Hoosiers,G,59.0%
83,Jeff Brooks,Penn St. Nittany Lions,F,59.0%
84,Rick Jackson,Syracuse Orange,F,58.8%
85,Derek Brooks,Air Force Falcons,F,58.8%
86,Festus Ezeli,Vanderbilt Commodores,C,58.8%
87,Ben Hansbrough,Notre Dame Fighting Irish,G,58.6%
88,Reggie Hamilton,Oakland Golden Grizzlies,G,58.6%
89,Nikola Bundalo,SIU - Edwardsville Cougars,C,58.6%
90,Jordan Burgason,Lipscomb Bison,G,58.5%
91,Charles Jenkins,Hofstra Pride,G,58.5%
92,Reggie Jackson,Boston College Eagles,G,58.5%
93,Spencer Johnson,UMKC Kangaroos,F,58.4%
94,Brandon Penn,Rider Broncs,F,58.4%
95,John Jenkins,Vanderbilt Commodores,G,58.4%
96,Keith Rendleman,NC-Wilmington Seahawks,G,58.4%
97,John Shurna,Northwestern Wildcats,F,58.3%
98,Nyika Williams,Pacific Tigers,C,58.3%
99,Quinn McDowell,William & Mary Tribe,G,58.3%
100,Trevor Mbakwe,Minnesota Golden Gophers,F,58.2%
